TIME_PERIOD;SEXO;EDAD;MEDIDAS;TERRITORIO;OBSERVACIONES
1999;Total;Menor de 1 año;Defunciones;Tenerife;40
1999;Total;Menor de 1 año;Defunciones;Lanzarote;4
1999;Total;Menor de 1 año;Defunciones;La Palma;2
1999;Total;Menor de 1 año;Defunciones;La Gomera;3
1999;Total;Menor de 1 año;Defunciones;Gran Canaria;41
1999;Total;Menor de 1 año;Defunciones;Fuerteventura;2
1999;Total;Menor de 1 año;Defunciones;El Hierro;0
1999;Total;Menor de 1 año;Defunciones;Canarias;92
1999;Total;95 años o más;Defunciones;Tenerife;135
1999;Total;95 años o más;Defunciones;Lanzarote;18
1999;Total;95 años o más;Defunciones;La Palma;23
1999;Total;95 años o más;Defunciones;La Gomera;3
1999;Total;95 años o más;Defunciones;Gran Canaria;143
1999;Total;95 años o más;Defunciones;Fuerteventura;6
1999;Total;95 años o más;Defunciones;El Hierro;3
1999;Total;95 años o más;Defunciones;Canarias;331
1999;Total;De 85 a 94 años;Defunciones;Tenerife;1111
1999;Total;De 85 a 94 años;Defunciones;Lanzarote;108
1999;Total;De 85 a 94 años;Defunciones;La Palma;233
1999;Total;De 85 a 94 años;Defunciones;La Gomera;34
1999;Total;De 85 a 94 años;Defunciones;Gran Canaria;1084
1999;Total;De 85 a 94 años;Defunciones;Fuerteventura;41
1999;Total;De 85 a 94 años;Defunciones;El Hierro;22
1999;Total;De 85 a 94 años;Defunciones;Canarias;2633
1999;Total;De 75 a 84 años;Defunciones;Tenerife;1434
1999;Total;De 75 a 84 años;Defunciones;Lanzarote;132
1999;Total;De 75 a 84 años;Defunciones;La Palma;248
1999;Total;De 75 a 84 años;Defunciones;La Gomera;44
1999;Total;De 75 a 84 años;Defunciones;Gran Canaria;1511
1999;Total;De 75 a 84 años;Defunciones;Fuerteventura;54
1999;Total;De 75 a 84 años;Defunciones;El Hierro;25
1999;Total;De 75 a 84 años;Defunciones;Canarias;3448
1999;Total;De 65 a 74 años;Defunciones;Tenerife;1028
1999;Total;De 65 a 74 años;Defunciones;Lanzarote;82
1999;Total;De 65 a 74 años;Defunciones;La Palma;130
1999;Total;De 65 a 74 años;Defunciones;La Gomera;14
1999;Total;De 65 a 74 años;Defunciones;Gran Canaria;1221
1999;Total;De 65 a 74 años;Defunciones;Fuerteventura;45
1999;Total;De 65 a 74 años;Defunciones;El Hierro;18
1999;Total;De 65 a 74 años;Defunciones;Canarias;2538
1999;Total;De 5 a 14 años;Defunciones;Tenerife;11
1999;Total;De 5 a 14 años;Defunciones;Lanzarote;2
1999;Total;De 5 a 14 años;Defunciones;La Palma;0
1999;Total;De 5 a 14 años;Defunciones;La Gomera;1
1999;Total;De 5 a 14 años;Defunciones;Gran Canaria;13
1999;Total;De 5 a 14 años;Defunciones;Fuerteventura;1
1999;Total;De 5 a 14 años;Defunciones;El Hierro;0
1999;Total;De 5 a 14 años;Defunciones;Canarias;28
1999;Total;De 55 a 64 años;Defunciones;Tenerife;553
1999;Total;De 55 a 64 años;Defunciones;Lanzarote;66
1999;Total;De 55 a 64 años;Defunciones;La Palma;46
1999;Total;De 55 a 64 años;Defunciones;La Gomera;11
1999;Total;De 55 a 64 años;Defunciones;Gran Canaria;595
1999;Total;De 55 a 64 años;Defunciones;Fuerteventura;31
1999;Total;De 55 a 64 años;Defunciones;El Hierro;2
1999;Total;De 55 a 64 años;Defunciones;Canarias;1304
1999;Total;De 45 a 54 años;Defunciones;Tenerife;302
1999;Total;De 45 a 54 años;Defunciones;Lanzarote;53
1999;Total;De 45 a 54 años;Defunciones;La Palma;33
1999;Total;De 45 a 54 años;Defunciones;La Gomera;2
1999;Total;De 45 a 54 años;Defunciones;Gran Canaria;352
1999;Total;De 45 a 54 años;Defunciones;Fuerteventura;20
1999;Total;De 45 a 54 años;Defunciones;El Hierro;4
1999;Total;De 45 a 54 años;Defunciones;Canarias;766
1999;Total;De 35 a 44 años;Defunciones;Tenerife;170
1999;Total;De 35 a 44 años;Defunciones;Lanzarote;26
1999;Total;De 35 a 44 años;Defunciones;La Palma;8
1999;Total;De 35 a 44 años;Defunciones;La Gomera;5
1999;Total;De 35 a 44 años;Defunciones;Gran Canaria;178
1999;Total;De 35 a 44 años;Defunciones;Fuerteventura;23
1999;Total;De 35 a 44 años;Defunciones;El Hierro;1
1999;Total;De 35 a 44 años;Defunciones;Canarias;411
1999;Total;De 25 a 34 años;Defunciones;Tenerife;119
1999;Total;De 25 a 34 años;Defunciones;Lanzarote;23
1999;Total;De 25 a 34 años;Defunciones;La Palma;9
1999;Total;De 25 a 34 años;Defunciones;La Gomera;4
1999;Total;De 25 a 34 años;Defunciones;Gran Canaria;106
1999;Total;De 25 a 34 años;Defunciones;Fuerteventura;10
1999;Total;De 25 a 34 años;Defunciones;El Hierro;0
1999;Total;De 25 a 34 años;Defunciones;Canarias;271
1999;Total;De 1 a 4 años;Defunciones;Tenerife;6
1999;Total;De 1 a 4 años;Defunciones;Lanzarote;0
1999;Total;De 1 a 4 años;Defunciones;La Palma;1
1999;Total;De 1 a 4 años;Defunciones;La Gomera;0
1999;Total;De 1 a 4 años;Defunciones;Gran Canaria;11
1999;Total;De 1 a 4 años;Defunciones;Fuerteventura;0
1999;Total;De 1 a 4 años;Defunciones;El Hierro;0
1999;Total;De 1 a 4 años;Defunciones;Canarias;18
1999;Total;De 15 a 24 años;Defunciones;Tenerife;56
1999;Total;De 15 a 24 años;Defunciones;Lanzarote;12
1999;Total;De 15 a 24 años;Defunciones;La Palma;4
1999;Total;De 15 a 24 años;Defunciones;La Gomera;1
1999;Total;De 15 a 24 años;Defunciones;Gran Canaria;75
1999;Total;De 15 a 24 años;Defunciones;Fuerteventura;11
1999;Total;De 15 a 24 años;Defunciones;El Hierro;0
1999;Total;De 15 a 24 años;Defunciones;Canarias;159
1999;Total;Total;Defunciones;Tenerife;4965
1999;Total;Total;Defunciones;Lanzarote;526
1999;Total;Total;Defunciones;La Palma;737
1999;Total;Total;Defunciones;La Gomera;122
1999;Total;Total;Defunciones;Gran Canaria;5330
1999;Total;Total;Defunciones;Fuerteventura;244
1999;Total;Total;Defunciones;El Hierro;75
1999;Total;Total;Defunciones;Canarias;11999
1999;Total;Menos de 7 días;Defunciones;Tenerife;16
1999;Total;Menos de 7 días;Defunciones;Lanzarote;3
1999;Total;Menos de 7 días;Defunciones;La Palma;1
1999;Total;Menos de 7 días;Defunciones;La Gomera;2
1999;Total;Menos de 7 días;Defunciones;Gran Canaria;12
1999;Total;Menos de 7 días;Defunciones;Fuerteventura;1
1999;Total;Menos de 7 días;Defunciones;El Hierro;0
1999;Total;Menos de 7 días;Defunciones;Canarias;35
1999;Total;De 7 a 27 días;Defunciones;Tenerife;5
1999;Total;De 7 a 27 días;Defunciones;Lanzarote;0
1999;Total;De 7 a 27 días;Defunciones;La Palma;0
1999;Total;De 7 a 27 días;Defunciones;La Gomera;0
1999;Total;De 7 a 27 días;Defunciones;Gran Canaria;8
1999;Total;De 7 a 27 días;Defunciones;Fuerteventura;0
1999;Total;De 7 a 27 días;Defunciones;El Hierro;0
1999;Total;De 7 a 27 días;Defunciones;Canarias;13
1999;Total;De 28 días a menos de 1 año;Defunciones;Tenerife;19
1999;Total;De 28 días a menos de 1 año;Defunciones;Lanzarote;1
1999;Total;De 28 días a menos de 1 año;Defunciones;La Palma;1
1999;Total;De 28 días a menos de 1 año;Defunciones;La Gomera;1
1999;Total;De 28 días a menos de 1 año;Defunciones;Gran Canaria;21
1999;Total;De 28 días a menos de 1 año;Defunciones;Fuerteventura;1
1999;Total;De 28 días a menos de 1 año;Defunciones;El Hierro;0
1999;Total;De 28 días a menos de 1 año;Defunciones;Canarias;44
1999;Hombres;Menor de 1 año;Defunciones;Tenerife;19
1999;Hombres;Menor de 1 año;Defunciones;Lanzarote;1
1999;Hombres;Menor de 1 año;Defunciones;La Palma;0
1999;Hombres;Menor de 1 año;Defunciones;La Gomera;1
1999;Hombres;Menor de 1 año;Defunciones;Gran Canaria;21
1999;Hombres;Menor de 1 año;Defunciones;Fuerteventura;1
1999;Hombres;Menor de 1 año;Defunciones;El Hierro;0
1999;Hombres;Menor de 1 año;Defunciones;Canarias;43
1999;Hombres;95 años o más;Defunciones;Tenerife;36
1999;Hombres;95 años o más;Defunciones;Lanzarote;5
1999;Hombres;95 años o más;Defunciones;La Palma;7
1999;Hombres;95 años o más;Defunciones;La Gomera;1
1999;Hombres;95 años o más;Defunciones;Gran Canaria;35
1999;Hombres;95 años o más;Defunciones;Fuerteventura;1
1999;Hombres;95 años o más;Defunciones;El Hierro;0
1999;Hombres;95 años o más;Defunciones;Canarias;85
1999;Hombres;De 85 a 94 años;Defunciones;Tenerife;424
1999;Hombres;De 85 a 94 años;Defunciones;Lanzarote;45
1999;Hombres;De 85 a 94 años;Defunciones;La Palma;93
1999;Hombres;De 85 a 94 años;Defunciones;La Gomera;16
1999;Hombres;De 85 a 94 años;Defunciones;Gran Canaria;408
1999;Hombres;De 85 a 94 años;Defunciones;Fuerteventura;18
1999;Hombres;De 85 a 94 años;Defunciones;El Hierro;8
1999;Hombres;De 85 a 94 años;Defunciones;Canarias;1012
1999;Hombres;De 75 a 84 años;Defunciones;Tenerife;746
1999;Hombres;De 75 a 84 años;Defunciones;Lanzarote;73
1999;Hombres;De 75 a 84 años;Defunciones;La Palma;132
1999;Hombres;De 75 a 84 años;Defunciones;La Gomera;25
1999;Hombres;De 75 a 84 años;Defunciones;Gran Canaria;771
1999;Hombres;De 75 a 84 años;Defunciones;Fuerteventura;33
1999;Hombres;De 75 a 84 años;Defunciones;El Hierro;17
1999;Hombres;De 75 a 84 años;Defunciones;Canarias;1797
1999;Hombres;De 65 a 74 años;Defunciones;Tenerife;623
1999;Hombres;De 65 a 74 años;Defunciones;Lanzarote;61
1999;Hombres;De 65 a 74 años;Defunciones;La Palma;73
1999;Hombres;De 65 a 74 años;Defunciones;La Gomera;7
1999;Hombres;De 65 a 74 años;Defunciones;Gran Canaria;760
1999;Hombres;De 65 a 74 años;Defunciones;Fuerteventura;21
1999;Hombres;De 65 a 74 años;Defunciones;El Hierro;14
1999;Hombres;De 65 a 74 años;Defunciones;Canarias;1559
1999;Hombres;De 5 a 14 años;Defunciones;Tenerife;9
1999;Hombres;De 5 a 14 años;Defunciones;Lanzarote;1
1999;Hombres;De 5 a 14 años;Defunciones;La Palma;0
1999;Hombres;De 5 a 14 años;Defunciones;La Gomera;1
1999;Hombres;De 5 a 14 años;Defunciones;Gran Canaria;10
1999;Hombres;De 5 a 14 años;Defunciones;Fuerteventura;0
1999;Hombres;De 5 a 14 años;Defunciones;El Hierro;0
1999;Hombres;De 5 a 14 años;Defunciones;Canarias;21
1999;Hombres;De 55 a 64 años;Defunciones;Tenerife;376
1999;Hombres;De 55 a 64 años;Defunciones;Lanzarote;51
1999;Hombres;De 55 a 64 años;Defunciones;La Palma;32
1999;Hombres;De 55 a 64 años;Defunciones;La Gomera;6
1999;Hombres;De 55 a 64 años;Defunciones;Gran Canaria;411
1999;Hombres;De 55 a 64 años;Defunciones;Fuerteventura;25
1999;Hombres;De 55 a 64 años;Defunciones;El Hierro;1
1999;Hombres;De 55 a 64 años;Defunciones;Canarias;902
1999;Hombres;De 45 a 54 años;Defunciones;Tenerife;214
1999;Hombres;De 45 a 54 años;Defunciones;Lanzarote;42
1999;Hombres;De 45 a 54 años;Defunciones;La Palma;22
1999;Hombres;De 45 a 54 años;Defunciones;La Gomera;2
1999;Hombres;De 45 a 54 años;Defunciones;Gran Canaria;242
1999;Hombres;De 45 a 54 años;Defunciones;Fuerteventura;16
1999;Hombres;De 45 a 54 años;Defunciones;El Hierro;3
1999;Hombres;De 45 a 54 años;Defunciones;Canarias;541
1999;Hombres;De 35 a 44 años;Defunciones;Tenerife;111
1999;Hombres;De 35 a 44 años;Defunciones;Lanzarote;19
1999;Hombres;De 35 a 44 años;Defunciones;La Palma;5
1999;Hombres;De 35 a 44 años;Defunciones;La Gomera;4
1999;Hombres;De 35 a 44 años;Defunciones;Gran Canaria;125
1999;Hombres;De 35 a 44 años;Defunciones;Fuerteventura;21
1999;Hombres;De 35 a 44 años;Defunciones;El Hierro;0
1999;Hombres;De 35 a 44 años;Defunciones;Canarias;285
1999;Hombres;De 25 a 34 años;Defunciones;Tenerife;96
1999;Hombres;De 25 a 34 años;Defunciones;Lanzarote;19
1999;Hombres;De 25 a 34 años;Defunciones;La Palma;6
1999;Hombres;De 25 a 34 años;Defunciones;La Gomera;2
1999;Hombres;De 25 a 34 años;Defunciones;Gran Canaria;81
1999;Hombres;De 25 a 34 años;Defunciones;Fuerteventura;6
1999;Hombres;De 25 a 34 años;Defunciones;El Hierro;0
1999;Hombres;De 25 a 34 años;Defunciones;Canarias;210
1999;Hombres;De 1 a 4 años;Defunciones;Tenerife;2
1999;Hombres;De 1 a 4 años;Defunciones;Lanzarote;0
1999;Hombres;De 1 a 4 años;Defunciones;La Palma;0
1999;Hombres;De 1 a 4 años;Defunciones;La Gomera;0
1999;Hombres;De 1 a 4 años;Defunciones;Gran Canaria;3
1999;Hombres;De 1 a 4 años;Defunciones;Fuerteventura;0
1999;Hombres;De 1 a 4 años;Defunciones;El Hierro;0
1999;Hombres;De 1 a 4 años;Defunciones;Canarias;5
1999;Hombres;De 15 a 24 años;Defunciones;Tenerife;38
1999;Hombres;De 15 a 24 años;Defunciones;Lanzarote;11
1999;Hombres;De 15 a 24 años;Defunciones;La Palma;3
1999;Hombres;De 15 a 24 años;Defunciones;La Gomera;1
1999;Hombres;De 15 a 24 años;Defunciones;Gran Canaria;60
1999;Hombres;De 15 a 24 años;Defunciones;Fuerteventura;6
1999;Hombres;De 15 a 24 años;Defunciones;El Hierro;0
1999;Hombres;De 15 a 24 años;Defunciones;Canarias;119
1999;Hombres;Total;Defunciones;Tenerife;2694
1999;Hombres;Total;Defunciones;Lanzarote;328
1999;Hombres;Total;Defunciones;La Palma;373
1999;Hombres;Total;Defunciones;La Gomera;66
1999;Hombres;Total;Defunciones;Gran Canaria;2927
1999;Hombres;Total;Defunciones;Fuerteventura;148
1999;Hombres;Total;Defunciones;El Hierro;43
1999;Hombres;Total;Defunciones;Canarias;6579
1999;Hombres;Menos de 7 días;Defunciones;Tenerife;6
1999;Hombres;Menos de 7 días;Defunciones;Lanzarote;1
1999;Hombres;Menos de 7 días;Defunciones;La Palma;0
1999;Hombres;Menos de 7 días;Defunciones;La Gomera;1
1999;Hombres;Menos de 7 días;Defunciones;Gran Canaria;6
1999;Hombres;Menos de 7 días;Defunciones;Fuerteventura;0
1999;Hombres;Menos de 7 días;Defunciones;El Hierro;0
1999;Hombres;Menos de 7 días;Defunciones;Canarias;14
1999;Hombres;De 7 a 27 días;Defunciones;Tenerife;1
1999;Hombres;De 7 a 27 días;Defunciones;Lanzarote;0
1999;Hombres;De 7 a 27 días;Defunciones;La Palma;0
1999;Hombres;De 7 a 27 días;Defunciones;La Gomera;0
1999;Hombres;De 7 a 27 días;Defunciones;Gran Canaria;5
1999;Hombres;De 7 a 27 días;Defunciones;Fuerteventura;0
1999;Hombres;De 7 a 27 días;Defunciones;El Hierro;0
1999;Hombres;De 7 a 27 días;Defunciones;Canarias;6
1999;Hombres;De 28 días a menos de 1 año;Defunciones;Tenerife;12
1999;Hombres;De 28 días a menos de 1 año;Defunciones;Lanzarote;0
1999;Hombres;De 28 días a menos de 1 año;Defunciones;La Palma;0
1999;Hombres;De 28 días a menos de 1 año;Defunciones;La Gomera;0
1999;Hombres;De 28 días a menos de 1 año;Defunciones;Gran Canaria;10
1999;Hombres;De 28 días a menos de 1 año;Defunciones;Fuerteventura;1
1999;Hombres;De 28 días a menos de 1 año;Defunciones;El Hierro;0
1999;Hombres;De 28 días a menos de 1 año;Defunciones;Canarias;23
1999;Mujeres;Menor de 1 año;Defunciones;Tenerife;21
1999;Mujeres;Menor de 1 año;Defunciones;Lanzarote;3
1999;Mujeres;Menor de 1 año;Defunciones;La Palma;2
1999;Mujeres;Menor de 1 año;Defunciones;La Gomera;2
1999;Mujeres;Menor de 1 año;Defunciones;Gran Canaria;20
1999;Mujeres;Menor de 1 año;Defunciones;Fuerteventura;1
1999;Mujeres;Menor de 1 año;Defunciones;El Hierro;0
1999;Mujeres;Menor de 1 año;Defunciones;Canarias;49
1999;Mujeres;95 años o más;Defunciones;Tenerife;99
1999;Mujeres;95 años o más;Defunciones;Lanzarote;13
1999;Mujeres;95 años o más;Defunciones;La Palma;16
1999;Mujeres;95 años o más;Defunciones;La Gomera;2
1999;Mujeres;95 años o más;Defunciones;Gran Canaria;108
1999;Mujeres;95 años o más;Defunciones;Fuerteventura;5
1999;Mujeres;95 años o más;Defunciones;El Hierro;3
1999;Mujeres;95 años o más;Defunciones;Canarias;246
1999;Mujeres;De 85 a 94 años;Defunciones;Tenerife;687
1999;Mujeres;De 85 a 94 años;Defunciones;Lanzarote;63
1999;Mujeres;De 85 a 94 años;Defunciones;La Palma;140
1999;Mujeres;De 85 a 94 años;Defunciones;La Gomera;18
1999;Mujeres;De 85 a 94 años;Defunciones;Gran Canaria;676
1999;Mujeres;De 85 a 94 años;Defunciones;Fuerteventura;23
1999;Mujeres;De 85 a 94 años;Defunciones;El Hierro;14
1999;Mujeres;De 85 a 94 años;Defunciones;Canarias;1621
1999;Mujeres;De 75 a 84 años;Defunciones;Tenerife;688
1999;Mujeres;De 75 a 84 años;Defunciones;Lanzarote;59
1999;Mujeres;De 75 a 84 años;Defunciones;La Palma;116
1999;Mujeres;De 75 a 84 años;Defunciones;La Gomera;19
1999;Mujeres;De 75 a 84 años;Defunciones;Gran Canaria;740
1999;Mujeres;De 75 a 84 años;Defunciones;Fuerteventura;21
1999;Mujeres;De 75 a 84 años;Defunciones;El Hierro;8
1999;Mujeres;De 75 a 84 años;Defunciones;Canarias;1651
1999;Mujeres;De 65 a 74 años;Defunciones;Tenerife;405
1999;Mujeres;De 65 a 74 años;Defunciones;Lanzarote;21
1999;Mujeres;De 65 a 74 años;Defunciones;La Palma;57
1999;Mujeres;De 65 a 74 años;Defunciones;La Gomera;7
1999;Mujeres;De 65 a 74 años;Defunciones;Gran Canaria;461
1999;Mujeres;De 65 a 74 años;Defunciones;Fuerteventura;24
1999;Mujeres;De 65 a 74 años;Defunciones;El Hierro;4
1999;Mujeres;De 65 a 74 años;Defunciones;Canarias;979
1999;Mujeres;De 5 a 14 años;Defunciones;Tenerife;2
1999;Mujeres;De 5 a 14 años;Defunciones;Lanzarote;1
1999;Mujeres;De 5 a 14 años;Defunciones;La Palma;0
1999;Mujeres;De 5 a 14 años;Defunciones;La Gomera;0
1999;Mujeres;De 5 a 14 años;Defunciones;Gran Canaria;3
1999;Mujeres;De 5 a 14 años;Defunciones;Fuerteventura;1
1999;Mujeres;De 5 a 14 años;Defunciones;El Hierro;0
1999;Mujeres;De 5 a 14 años;Defunciones;Canarias;7
1999;Mujeres;De 55 a 64 años;Defunciones;Tenerife;177
1999;Mujeres;De 55 a 64 años;Defunciones;Lanzarote;15
1999;Mujeres;De 55 a 64 años;Defunciones;La Palma;14
1999;Mujeres;De 55 a 64 años;Defunciones;La Gomera;5
1999;Mujeres;De 55 a 64 años;Defunciones;Gran Canaria;184
1999;Mujeres;De 55 a 64 años;Defunciones;Fuerteventura;6
1999;Mujeres;De 55 a 64 años;Defunciones;El Hierro;1
1999;Mujeres;De 55 a 64 años;Defunciones;Canarias;402
1999;Mujeres;De 45 a 54 años;Defunciones;Tenerife;88
1999;Mujeres;De 45 a 54 años;Defunciones;Lanzarote;11
1999;Mujeres;De 45 a 54 años;Defunciones;La Palma;11
1999;Mujeres;De 45 a 54 años;Defunciones;La Gomera;0
1999;Mujeres;De 45 a 54 años;Defunciones;Gran Canaria;110
1999;Mujeres;De 45 a 54 años;Defunciones;Fuerteventura;4
1999;Mujeres;De 45 a 54 años;Defunciones;El Hierro;1
1999;Mujeres;De 45 a 54 años;Defunciones;Canarias;225
1999;Mujeres;De 35 a 44 años;Defunciones;Tenerife;59
1999;Mujeres;De 35 a 44 años;Defunciones;Lanzarote;7
1999;Mujeres;De 35 a 44 años;Defunciones;La Palma;3
1999;Mujeres;De 35 a 44 años;Defunciones;La Gomera;1
1999;Mujeres;De 35 a 44 años;Defunciones;Gran Canaria;53
1999;Mujeres;De 35 a 44 años;Defunciones;Fuerteventura;2
1999;Mujeres;De 35 a 44 años;Defunciones;El Hierro;1
1999;Mujeres;De 35 a 44 años;Defunciones;Canarias;126
1999;Mujeres;De 25 a 34 años;Defunciones;Tenerife;23
1999;Mujeres;De 25 a 34 años;Defunciones;Lanzarote;4
1999;Mujeres;De 25 a 34 años;Defunciones;La Palma;3
1999;Mujeres;De 25 a 34 años;Defunciones;La Gomera;2
1999;Mujeres;De 25 a 34 años;Defunciones;Gran Canaria;25
1999;Mujeres;De 25 a 34 años;Defunciones;Fuerteventura;4
1999;Mujeres;De 25 a 34 años;Defunciones;El Hierro;0
1999;Mujeres;De 25 a 34 años;Defunciones;Canarias;61
1999;Mujeres;De 1 a 4 años;Defunciones;Tenerife;4
1999;Mujeres;De 1 a 4 años;Defunciones;Lanzarote;0
1999;Mujeres;De 1 a 4 años;Defunciones;La Palma;1
1999;Mujeres;De 1 a 4 años;Defunciones;La Gomera;0
1999;Mujeres;De 1 a 4 años;Defunciones;Gran Canaria;8
1999;Mujeres;De 1 a 4 años;Defunciones;Fuerteventura;0
1999;Mujeres;De 1 a 4 años;Defunciones;El Hierro;0
1999;Mujeres;De 1 a 4 años;Defunciones;Canarias;13
1999;Mujeres;De 15 a 24 años;Defunciones;Tenerife;18
1999;Mujeres;De 15 a 24 años;Defunciones;Lanzarote;1
1999;Mujeres;De 15 a 24 años;Defunciones;La Palma;1
1999;Mujeres;De 15 a 24 años;Defunciones;La Gomera;0
1999;Mujeres;De 15 a 24 años;Defunciones;Gran Canaria;15
1999;Mujeres;De 15 a 24 años;Defunciones;Fuerteventura;5
1999;Mujeres;De 15 a 24 años;Defunciones;El Hierro;0
1999;Mujeres;De 15 a 24 años;Defunciones;Canarias;40
1999;Mujeres;Total;Defunciones;Tenerife;2271
1999;Mujeres;Total;Defunciones;Lanzarote;198
1999;Mujeres;Total;Defunciones;La Palma;364
1999;Mujeres;Total;Defunciones;La Gomera;56
1999;Mujeres;Total;Defunciones;Gran Canaria;2403
1999;Mujeres;Total;Defunciones;Fuerteventura;96
1999;Mujeres;Total;Defunciones;El Hierro;32
1999;Mujeres;Total;Defunciones;Canarias;5420
1999;Mujeres;Menos de 7 días;Defunciones;Tenerife;10
1999;Mujeres;Menos de 7 días;Defunciones;Lanzarote;2
1999;Mujeres;Menos de 7 días;Defunciones;La Palma;1
1999;Mujeres;Menos de 7 días;Defunciones;La Gomera;1
1999;Mujeres;Menos de 7 días;Defunciones;Gran Canaria;6
1999;Mujeres;Menos de 7 días;Defunciones;Fuerteventura;1
1999;Mujeres;Menos de 7 días;Defunciones;El Hierro;0
1999;Mujeres;Menos de 7 días;Defunciones;Canarias;21
1999;Mujeres;De 7 a 27 días;Defunciones;Tenerife;4
1999;Mujeres;De 7 a 27 días;Defunciones;Lanzarote;0
1999;Mujeres;De 7 a 27 días;Defunciones;La Palma;0
1999;Mujeres;De 7 a 27 días;Defunciones;La Gomera;0
1999;Mujeres;De 7 a 27 días;Defunciones;Gran Canaria;3
1999;Mujeres;De 7 a 27 días;Defunciones;Fuerteventura;0
1999;Mujeres;De 7 a 27 días;Defunciones;El Hierro;0
1999;Mujeres;De 7 a 27 días;Defunciones;Canarias;7
1999;Mujeres;De 28 días a menos de 1 año;Defunciones;Tenerife;7
1999;Mujeres;De 28 días a menos de 1 año;Defunciones;Lanzarote;1
1999;Mujeres;De 28 días a menos de 1 año;Defunciones;La Palma;1
1999;Mujeres;De 28 días a menos de 1 año;Defunciones;La Gomera;1
1999;Mujeres;De 28 días a menos de 1 año;Defunciones;Gran Canaria;11
1999;Mujeres;De 28 días a menos de 1 año;Defunciones;Fuerteventura;0
1999;Mujeres;De 28 días a menos de 1 año;Defunciones;El Hierro;0
1999;Mujeres;De 28 días a menos de 1 año;Defunciones;Canarias;21
2000;Total;Menor de 1 año;Defunciones;Tenerife;63
2000;Total;Menor de 1 año;Defunciones;Lanzarote;5
2000;Total;Menor de 1 año;Defunciones;La Palma;1
2000;Total;Menor de 1 año;Defunciones;La Gomera;1
2000;Total;Menor de 1 año;Defunciones;Gran Canaria;47
2000;Total;Menor de 1 año;Defunciones;Fuerteventura;5
2000;Total;Menor de 1 año;Defunciones;El Hierro;0
2000;Total;Menor de 1 año;Defunciones;Canarias;122
2000;Total;95 años o más;Defunciones;Tenerife;136
2000;Total;95 años o más;Defunciones;Lanzarote;10
2000;Total;95 años o más;Defunciones;La Palma;30
2000;Total;95 años o más;Defunciones;La Gomera;11
2000;Total;95 años o más;Defunciones;Gran Canaria;125
2000;Total;95 años o más;Defunciones;Fuerteventura;6
2000;Total;95 años o más;Defunciones;El Hierro;4
2000;Total;95 años o más;Defunciones;Canarias;322
2000;Total;De 85 a 94 años;Defunciones;Tenerife;1189
2000;Total;De 85 a 94 años;Defunciones;Lanzarote;99
2000;Total;De 85 a 94 años;Defunciones;La Palma;204
2000;Total;De 85 a 94 años;Defunciones;La Gomera;38
2000;Total;De 85 a 94 años;Defunciones;Gran Canaria;1111
2000;Total;De 85 a 94 años;Defunciones;Fuerteventura;38
2000;Total;De 85 a 94 años;Defunciones;El Hierro;22
2000;Total;De 85 a 94 años;Defunciones;Canarias;2701
2000;Total;De 75 a 84 años;Defunciones;Tenerife;1446
2000;Total;De 75 a 84 años;Defunciones;Lanzarote;120
2000;Total;De 75 a 84 años;Defunciones;La Palma;206
2000;Total;De 75 a 84 años;Defunciones;La Gomera;39
2000;Total;De 75 a 84 años;Defunciones;Gran Canaria;1421
2000;Total;De 75 a 84 años;Defunciones;Fuerteventura;55
2000;Total;De 75 a 84 años;Defunciones;El Hierro;21
2000;Total;De 75 a 84 años;Defunciones;Canarias;3308
2000;Total;De 65 a 74 años;Defunciones;Tenerife;1040
2000;Total;De 65 a 74 años;Defunciones;Lanzarote;103
2000;Total;De 65 a 74 años;Defunciones;La Palma;125
2000;Total;De 65 a 74 años;Defunciones;La Gomera;34
2000;Total;De 65 a 74 años;Defunciones;Gran Canaria;1242
2000;Total;De 65 a 74 años;Defunciones;Fuerteventura;42
2000;Total;De 65 a 74 años;Defunciones;El Hierro;17
2000;Total;De 65 a 74 años;Defunciones;Canarias;2603
2000;Total;De 5 a 14 años;Defunciones;Tenerife;18
2000;Total;De 5 a 14 años;Defunciones;Lanzarote;6
2000;Total;De 5 a 14 años;Defunciones;La Palma;8
2000;Total;De 5 a 14 años;Defunciones;La Gomera;0
2000;Total;De 5 a 14 años;Defunciones;Gran Canaria;15
2000;Total;De 5 a 14 años;Defunciones;Fuerteventura;1
2000;Total;De 5 a 14 años;Defunciones;El Hierro;0
2000;Total;De 5 a 14 años;Defunciones;Canarias;48
2000;Total;De 55 a 64 años;Defunciones;Tenerife;571
2000;Total;De 55 a 64 años;Defunciones;Lanzarote;62
2000;Total;De 55 a 64 años;Defunciones;La Palma;45
2000;Total;De 55 a 64 años;Defunciones;La Gomera;15
2000;Total;De 55 a 64 años;Defunciones;Gran Canaria;592
2000;Total;De 55 a 64 años;Defunciones;Fuerteventura;28
2000;Total;De 55 a 64 años;Defunciones;El Hierro;7
2000;Total;De 55 a 64 años;Defunciones;Canarias;1320
2000;Total;De 45 a 54 años;Defunciones;Tenerife;291
2000;Total;De 45 a 54 años;Defunciones;Lanzarote;49
2000;Total;De 45 a 54 años;Defunciones;La Palma;22
2000;Total;De 45 a 54 años;Defunciones;La Gomera;8
2000;Total;De 45 a 54 años;Defunciones;Gran Canaria;314
2000;Total;De 45 a 54 años;Defunciones;Fuerteventura;19
2000;Total;De 45 a 54 años;Defunciones;El Hierro;5
2000;Total;De 45 a 54 años;Defunciones;Canarias;708
2000;Total;De 35 a 44 años;Defunciones;Tenerife;183
2000;Total;De 35 a 44 años;Defunciones;Lanzarote;35
2000;Total;De 35 a 44 años;Defunciones;La Palma;20
2000;Total;De 35 a 44 años;Defunciones;La Gomera;2
2000;Total;De 35 a 44 años;Defunciones;Gran Canaria;204
2000;Total;De 35 a 44 años;Defunciones;Fuerteventura;14
2000;Total;De 35 a 44 años;Defunciones;El Hierro;6
2000;Total;De 35 a 44 años;Defunciones;Canarias;464
2000;Total;De 25 a 34 años;Defunciones;Tenerife;105
2000;Total;De 25 a 34 años;Defunciones;Lanzarote;21
2000;Total;De 25 a 34 años;Defunciones;La Palma;8
2000;Total;De 25 a 34 años;Defunciones;La Gomera;0
2000;Total;De 25 a 34 años;Defunciones;Gran Canaria;99
2000;Total;De 25 a 34 años;Defunciones;Fuerteventura;12
2000;Total;De 25 a 34 años;Defunciones;El Hierro;1
2000;Total;De 25 a 34 años;Defunciones;Canarias;246
2000;Total;De 1 a 4 años;Defunciones;Tenerife;4
2000;Total;De 1 a 4 años;Defunciones;Lanzarote;2
2000;Total;De 1 a 4 años;Defunciones;La Palma;0
2000;Total;De 1 a 4 años;Defunciones;La Gomera;0
2000;Total;De 1 a 4 años;Defunciones;Gran Canaria;16
2000;Total;De 1 a 4 años;Defunciones;Fuerteventura;0
2000;Total;De 1 a 4 años;Defunciones;El Hierro;1
2000;Total;De 1 a 4 años;Defunciones;Canarias;23
2000;Total;De 15 a 24 años;Defunciones;Tenerife;70
2000;Total;De 15 a 24 años;Defunciones;Lanzarote;14
2000;Total;De 15 a 24 años;Defunciones;La Palma;4
2000;Total;De 15 a 24 años;Defunciones;La Gomera;0
2000;Total;De 15 a 24 años;Defunciones;Gran Canaria;72
2000;Total;De 15 a 24 años;Defunciones;Fuerteventura;5
2000;Total;De 15 a 24 años;Defunciones;El Hierro;0
2000;Total;De 15 a 24 años;Defunciones;Canarias;165
2000;Total;Total;Defunciones;Tenerife;5116
2000;Total;Total;Defunciones;Lanzarote;526
2000;Total;Total;Defunciones;La Palma;673
2000;Total;Total;Defunciones;La Gomera;148
2000;Total;Total;Defunciones;Gran Canaria;5258
2000;Total;Total;Defunciones;Fuerteventura;225
2000;Total;Total;Defunciones;El Hierro;84
2000;Total;Total;Defunciones;Canarias;12030
2000;Total;Menos de 7 días;Defunciones;Tenerife;22
2000;Total;Menos de 7 días;Defunciones;Lanzarote;1
2000;Total;Menos de 7 días;Defunciones;La Palma;0
2000;Total;Menos de 7 días;Defunciones;La Gomera;0
2000;Total;Menos de 7 días;Defunciones;Gran Canaria;17
2000;Total;Menos de 7 días;Defunciones;Fuerteventura;1
2000;Total;Menos de 7 días;Defunciones;El Hierro;0
2000;Total;Menos de 7 días;Defunciones;Canarias;41
2000;Total;De 7 a 27 días;Defunciones;Tenerife;20
2000;Total;De 7 a 27 días;Defunciones;Lanzarote;2
2000;Total;De 7 a 27 días;Defunciones;La Palma;0
2000;Total;De 7 a 27 días;Defunciones;La Gomera;0
2000;Total;De 7 a 27 días;Defunciones;Gran Canaria;10
2000;Total;De 7 a 27 días;Defunciones;Fuerteventura;1
2000;Total;De 7 a 27 días;Defunciones;El Hierro;0
2000;Total;De 7 a 27 días;Defunciones;Canarias;33
2000;Total;De 28 días a menos de 1 año;Defunciones;Tenerife;21
2000;Total;De 28 días a menos de 1 año;Defunciones;Lanzarote;2
2000;Total;De 28 días a menos de 1 año;Defunciones;La Palma;1
2000;Total;De 28 días a menos de 1 año;Defunciones;La Gomera;1
2000;Total;De 28 días a menos de 1 año;Defunciones;Gran Canaria;20
2000;Total;De 28 días a menos de 1 año;Defunciones;Fuerteventura;3
2000;Total;De 28 días a menos de 1 año;Defunciones;El Hierro;0
2000;Total;De 28 días a menos de 1 año;Defunciones;Canarias;48
2000;Hombres;Menor de 1 año;Defunciones;Tenerife;29
2000;Hombres;Menor de 1 año;Defunciones;Lanzarote;3
2000;Hombres;Menor de 1 año;Defunciones;La Palma;0
2000;Hombres;Menor de 1 año;Defunciones;La Gomera;1
2000;Hombres;Menor de 1 año;Defunciones;Gran Canaria;26
2000;Hombres;Menor de 1 año;Defunciones;Fuerteventura;3
2000;Hombres;Menor de 1 año;Defunciones;El Hierro;0
2000;Hombres;Menor de 1 año;Defunciones;Canarias;62
2000;Hombres;95 años o más;Defunciones;Tenerife;42
2000;Hombres;95 años o más;Defunciones;Lanzarote;1
2000;Hombres;95 años o más;Defunciones;La Palma;12
2000;Hombres;95 años o más;Defunciones;La Gomera;2
2000;Hombres;95 años o más;Defunciones;Gran Canaria;42
2000;Hombres;95 años o más;Defunciones;Fuerteventura;1
2000;Hombres;95 años o más;Defunciones;El Hierro;1
2000;Hombres;95 años o más;Defunciones;Canarias;101
2000;Hombres;De 85 a 94 años;Defunciones;Tenerife;456
2000;Hombres;De 85 a 94 años;Defunciones;Lanzarote;41
2000;Hombres;De 85 a 94 años;Defunciones;La Palma;81
2000;Hombres;De 85 a 94 años;Defunciones;La Gomera;19
2000;Hombres;De 85 a 94 años;Defunciones;Gran Canaria;423
2000;Hombres;De 85 a 94 años;Defunciones;Fuerteventura;15
2000;Hombres;De 85 a 94 años;Defunciones;El Hierro;9
2000;Hombres;De 85 a 94 años;Defunciones;Canarias;1044
2000;Hombres;De 75 a 84 años;Defunciones;Tenerife;775
2000;Hombres;De 75 a 84 años;Defunciones;Lanzarote;67
2000;Hombres;De 75 a 84 años;Defunciones;La Palma;98
2000;Hombres;De 75 a 84 años;Defunciones;La Gomera;20
2000;Hombres;De 75 a 84 años;Defunciones;Gran Canaria;692
2000;Hombres;De 75 a 84 años;Defunciones;Fuerteventura;30
2000;Hombres;De 75 a 84 años;Defunciones;El Hierro;14
2000;Hombres;De 75 a 84 años;Defunciones;Canarias;1696
2000;Hombres;De 65 a 74 años;Defunciones;Tenerife;659
2000;Hombres;De 65 a 74 años;Defunciones;Lanzarote;80
2000;Hombres;De 65 a 74 años;Defunciones;La Palma;81
2000;Hombres;De 65 a 74 años;Defunciones;La Gomera;20
2000;Hombres;De 65 a 74 años;Defunciones;Gran Canaria;764
2000;Hombres;De 65 a 74 años;Defunciones;Fuerteventura;24
2000;Hombres;De 65 a 74 años;Defunciones;El Hierro;8
2000;Hombres;De 65 a 74 años;Defunciones;Canarias;1636
2000;Hombres;De 5 a 14 años;Defunciones;Tenerife;11
2000;Hombres;De 5 a 14 años;Defunciones;Lanzarote;5
2000;Hombres;De 5 a 14 años;Defunciones;La Palma;4
2000;Hombres;De 5 a 14 años;Defunciones;La Gomera;0
2000;Hombres;De 5 a 14 años;Defunciones;Gran Canaria;10
2000;Hombres;De 5 a 14 años;Defunciones;Fuerteventura;0
2000;Hombres;De 5 a 14 años;Defunciones;El Hierro;0
2000;Hombres;De 5 a 14 años;Defunciones;Canarias;30
2000;Hombres;De 55 a 64 años;Defunciones;Tenerife;382
2000;Hombres;De 55 a 64 años;Defunciones;Lanzarote;49
2000;Hombres;De 55 a 64 años;Defunciones;La Palma;38
2000;Hombres;De 55 a 64 años;Defunciones;La Gomera;11
2000;Hombres;De 55 a 64 años;Defunciones;Gran Canaria;443
2000;Hombres;De 55 a 64 años;Defunciones;Fuerteventura;20
2000;Hombres;De 55 a 64 años;Defunciones;El Hierro;6
2000;Hombres;De 55 a 64 años;Defunciones;Canarias;949
2000;Hombres;De 45 a 54 años;Defunciones;Tenerife;208
2000;Hombres;De 45 a 54 años;Defunciones;Lanzarote;31
2000;Hombres;De 45 a 54 años;Defunciones;La Palma;15
2000;Hombres;De 45 a 54 años;Defunciones;La Gomera;7
2000;Hombres;De 45 a 54 años;Defunciones;Gran Canaria;226
2000;Hombres;De 45 a 54 años;Defunciones;Fuerteventura;17
2000;Hombres;De 45 a 54 años;Defunciones;El Hierro;2
2000;Hombres;De 45 a 54 años;Defunciones;Canarias;506
2000;Hombres;De 35 a 44 años;Defunciones;Tenerife;119
2000;Hombres;De 35 a 44 años;Defunciones;Lanzarote;25
2000;Hombres;De 35 a 44 años;Defunciones;La Palma;13
2000;Hombres;De 35 a 44 años;Defunciones;La Gomera;2
2000;Hombres;De 35 a 44 años;Defunciones;Gran Canaria;143
2000;Hombres;De 35 a 44 años;Defunciones;Fuerteventura;11
2000;Hombres;De 35 a 44 años;Defunciones;El Hierro;4
2000;Hombres;De 35 a 44 años;Defunciones;Canarias;317
2000;Hombres;De 25 a 34 años;Defunciones;Tenerife;77
2000;Hombres;De 25 a 34 años;Defunciones;Lanzarote;15
2000;Hombres;De 25 a 34 años;Defunciones;La Palma;5
2000;Hombres;De 25 a 34 años;Defunciones;La Gomera;0
2000;Hombres;De 25 a 34 años;Defunciones;Gran Canaria;76
2000;Hombres;De 25 a 34 años;Defunciones;Fuerteventura;11
2000;Hombres;De 25 a 34 años;Defunciones;El Hierro;1
2000;Hombres;De 25 a 34 años;Defunciones;Canarias;185
2000;Hombres;De 1 a 4 años;Defunciones;Tenerife;2
2000;Hombres;De 1 a 4 años;Defunciones;Lanzarote;0
2000;Hombres;De 1 a 4 años;Defunciones;La Palma;0
2000;Hombres;De 1 a 4 años;Defunciones;La Gomera;0
2000;Hombres;De 1 a 4 años;Defunciones;Gran Canaria;10
2000;Hombres;De 1 a 4 años;Defunciones;Fuerteventura;0
2000;Hombres;De 1 a 4 años;Defunciones;El Hierro;1
2000;Hombres;De 1 a 4 años;Defunciones;Canarias;13
2000;Hombres;De 15 a 24 años;Defunciones;Tenerife;49
2000;Hombres;De 15 a 24 años;Defunciones;Lanzarote;12
2000;Hombres;De 15 a 24 años;Defunciones;La Palma;3
2000;Hombres;De 15 a 24 años;Defunciones;La Gomera;0
2000;Hombres;De 15 a 24 años;Defunciones;Gran Canaria;55
2000;Hombres;De 15 a 24 años;Defunciones;Fuerteventura;5
2000;Hombres;De 15 a 24 años;Defunciones;El Hierro;0
2000;Hombres;De 15 a 24 años;Defunciones;Canarias;124
2000;Hombres;Total;Defunciones;Tenerife;2809
2000;Hombres;Total;Defunciones;Lanzarote;329
2000;Hombres;Total;Defunciones;La Palma;350
2000;Hombres;Total;Defunciones;La Gomera;82
2000;Hombres;Total;Defunciones;Gran Canaria;2910
2000;Hombres;Total;Defunciones;Fuerteventura;137
2000;Hombres;Total;Defunciones;El Hierro;46
2000;Hombres;Total;Defunciones;Canarias;6663
2000;Hombres;Menos de 7 días;Defunciones;Tenerife;9
2000;Hombres;Menos de 7 días;Defunciones;Lanzarote;1
2000;Hombres;Menos de 7 días;Defunciones;La Palma;0
2000;Hombres;Menos de 7 días;Defunciones;La Gomera;0
2000;Hombres;Menos de 7 días;Defunciones;Gran Canaria;10
2000;Hombres;Menos de 7 días;Defunciones;Fuerteventura;0
2000;Hombres;Menos de 7 días;Defunciones;El Hierro;0
2000;Hombres;Menos de 7 días;Defunciones;Canarias;20
2000;Hombres;De 7 a 27 días;Defunciones;Tenerife;8
2000;Hombres;De 7 a 27 días;Defunciones;Lanzarote;1
2000;Hombres;De 7 a 27 días;Defunciones;La Palma;0
2000;Hombres;De 7 a 27 días;Defunciones;La Gomera;0
2000;Hombres;De 7 a 27 días;Defunciones;Gran Canaria;7
2000;Hombres;De 7 a 27 días;Defunciones;Fuerteventura;0
2000;Hombres;De 7 a 27 días;Defunciones;El Hierro;0
2000;Hombres;De 7 a 27 días;Defunciones;Canarias;16
2000;Hombres;De 28 días a menos de 1 año;Defunciones;Tenerife;12
2000;Hombres;De 28 días a menos de 1 año;Defunciones;Lanzarote;1
2000;Hombres;De 28 días a menos de 1 año;Defunciones;La Palma;0
2000;Hombres;De 28 días a menos de 1 año;Defunciones;La Gomera;1
2000;Hombres;De 28 días a menos de 1 año;Defunciones;Gran Canaria;9
2000;Hombres;De 28 días a menos de 1 año;Defunciones;Fuerteventura;3
2000;Hombres;De 28 días a menos de 1 año;Defunciones;El Hierro;0
2000;Hombres;De 28 días a menos de 1 año;Defunciones;Canarias;26
2000;Mujeres;Menor de 1 año;Defunciones;Tenerife;34
2000;Mujeres;Menor de 1 año;Defunciones;Lanzarote;2
2000;Mujeres;Menor de 1 año;Defunciones;La Palma;1
2000;Mujeres;Menor de 1 año;Defunciones;La Gomera;0
2000;Mujeres;Menor de 1 año;Defunciones;Gran Canaria;21
2000;Mujeres;Menor de 1 año;Defunciones;Fuerteventura;2
2000;Mujeres;Menor de 1 año;Defunciones;El Hierro;0
2000;Mujeres;Menor de 1 año;Defunciones;Canarias;60
2000;Mujeres;95 años o más;Defunciones;Tenerife;94
2000;Mujeres;95 años o más;Defunciones;Lanzarote;9
2000;Mujeres;95 años o más;Defunciones;La Palma;18
2000;Mujeres;95 años o más;Defunciones;La Gomera;9
2000;Mujeres;95 años o más;Defunciones;Gran Canaria;83
2000;Mujeres;95 años o más;Defunciones;Fuerteventura;5
2000;Mujeres;95 años o más;Defunciones;El Hierro;3
2000;Mujeres;95 años o más;Defunciones;Canarias;221
2000;Mujeres;De 85 a 94 años;Defunciones;Tenerife;733
2000;Mujeres;De 85 a 94 años;Defunciones;Lanzarote;58
2000;Mujeres;De 85 a 94 años;Defunciones;La Palma;123
2000;Mujeres;De 85 a 94 años;Defunciones;La Gomera;19
2000;Mujeres;De 85 a 94 años;Defunciones;Gran Canaria;688
2000;Mujeres;De 85 a 94 años;Defunciones;Fuerteventura;23
2000;Mujeres;De 85 a 94 años;Defunciones;El Hierro;13
2000;Mujeres;De 85 a 94 años;Defunciones;Canarias;1657
2000;Mujeres;De 75 a 84 años;Defunciones;Tenerife;671
2000;Mujeres;De 75 a 84 años;Defunciones;Lanzarote;53
2000;Mujeres;De 75 a 84 años;Defunciones;La Palma;108
2000;Mujeres;De 75 a 84 años;Defunciones;La Gomera;19
2000;Mujeres;De 75 a 84 años;Defunciones;Gran Canaria;729
2000;Mujeres;De 75 a 84 años;Defunciones;Fuerteventura;25
2000;Mujeres;De 75 a 84 años;Defunciones;El Hierro;7
2000;Mujeres;De 75 a 84 años;Defunciones;Canarias;1612
2000;Mujeres;De 65 a 74 años;Defunciones;Tenerife;381
2000;Mujeres;De 65 a 74 años;Defunciones;Lanzarote;23
2000;Mujeres;De 65 a 74 años;Defunciones;La Palma;44
2000;Mujeres;De 65 a 74 años;Defunciones;La Gomera;14
2000;Mujeres;De 65 a 74 años;Defunciones;Gran Canaria;478
2000;Mujeres;De 65 a 74 años;Defunciones;Fuerteventura;18
2000;Mujeres;De 65 a 74 años;Defunciones;El Hierro;9
2000;Mujeres;De 65 a 74 años;Defunciones;Canarias;967
2000;Mujeres;De 5 a 14 años;Defunciones;Tenerife;7
2000;Mujeres;De 5 a 14 años;Defunciones;Lanzarote;1
2000;Mujeres;De 5 a 14 años;Defunciones;La Palma;4
2000;Mujeres;De 5 a 14 años;Defunciones;La Gomera;0
2000;Mujeres;De 5 a 14 años;Defunciones;Gran Canaria;5
2000;Mujeres;De 5 a 14 años;Defunciones;Fuerteventura;1
2000;Mujeres;De 5 a 14 años;Defunciones;El Hierro;0
2000;Mujeres;De 5 a 14 años;Defunciones;Canarias;18
2000;Mujeres;De 55 a 64 años;Defunciones;Tenerife;189
2000;Mujeres;De 55 a 64 años;Defunciones;Lanzarote;13
2000;Mujeres;De 55 a 64 años;Defunciones;La Palma;7
2000;Mujeres;De 55 a 64 años;Defunciones;La Gomera;4
2000;Mujeres;De 55 a 64 años;Defunciones;Gran Canaria;149
2000;Mujeres;De 55 a 64 años;Defunciones;Fuerteventura;8
2000;Mujeres;De 55 a 64 años;Defunciones;El Hierro;1
2000;Mujeres;De 55 a 64 años;Defunciones;Canarias;371
2000;Mujeres;De 45 a 54 años;Defunciones;Tenerife;83
2000;Mujeres;De 45 a 54 años;Defunciones;Lanzarote;18
2000;Mujeres;De 45 a 54 años;Defunciones;La Palma;7
2000;Mujeres;De 45 a 54 años;Defunciones;La Gomera;1
2000;Mujeres;De 45 a 54 años;Defunciones;Gran Canaria;88
2000;Mujeres;De 45 a 54 años;Defunciones;Fuerteventura;2
2000;Mujeres;De 45 a 54 años;Defunciones;El Hierro;3
2000;Mujeres;De 45 a 54 años;Defunciones;Canarias;202
2000;Mujeres;De 35 a 44 años;Defunciones;Tenerife;64
2000;Mujeres;De 35 a 44 años;Defunciones;Lanzarote;10
2000;Mujeres;De 35 a 44 años;Defunciones;La Palma;7
2000;Mujeres;De 35 a 44 años;Defunciones;La Gomera;0
2000;Mujeres;De 35 a 44 años;Defunciones;Gran Canaria;61
2000;Mujeres;De 35 a 44 años;Defunciones;Fuerteventura;3
2000;Mujeres;De 35 a 44 años;Defunciones;El Hierro;2
2000;Mujeres;De 35 a 44 años;Defunciones;Canarias;147
2000;Mujeres;De 25 a 34 años;Defunciones;Tenerife;28
2000;Mujeres;De 25 a 34 años;Defunciones;Lanzarote;6
2000;Mujeres;De 25 a 34 años;Defunciones;La Palma;3
2000;Mujeres;De 25 a 34 años;Defunciones;La Gomera;0
2000;Mujeres;De 25 a 34 años;Defunciones;Gran Canaria;23
2000;Mujeres;De 25 a 34 años;Defunciones;Fuerteventura;1
2000;Mujeres;De 25 a 34 años;Defunciones;El Hierro;0
2000;Mujeres;De 25 a 34 años;Defunciones;Canarias;61
2000;Mujeres;De 1 a 4 años;Defunciones;Tenerife;2
2000;Mujeres;De 1 a 4 años;Defunciones;Lanzarote;2
2000;Mujeres;De 1 a 4 años;Defunciones;La Palma;0
2000;Mujeres;De 1 a 4 años;Defunciones;La Gomera;0
2000;Mujeres;De 1 a 4 años;Defunciones;Gran Canaria;6
2000;Mujeres;De 1 a 4 años;Defunciones;Fuerteventura;0
2000;Mujeres;De 1 a 4 años;Defunciones;El Hierro;0
2000;Mujeres;De 1 a 4 años;Defunciones;Canarias;10
2000;Mujeres;De 15 a 24 años;Defunciones;Tenerife;21
2000;Mujeres;De 15 a 24 años;Defunciones;Lanzarote;2
2000;Mujeres;De 15 a 24 años;Defunciones;La Palma;1
2000;Mujeres;De 15 a 24 años;Defunciones;La Gomera;0
2000;Mujeres;De 15 a 24 años;Defunciones;Gran Canaria;17
2000;Mujeres;De 15 a 24 años;Defunciones;Fuerteventura;0
2000;Mujeres;De 15 a 24 años;Defunciones;El Hierro;0
2000;Mujeres;De 15 a 24 años;Defunciones;Canarias;41
2000;Mujeres;Total;Defunciones;Tenerife;2307
2000;Mujeres;Total;Defunciones;Lanzarote;197
2000;Mujeres;Total;Defunciones;La Palma;323
2000;Mujeres;Total;Defunciones;La Gomera;66
2000;Mujeres;Total;Defunciones;Gran Canaria;2348
2000;Mujeres;Total;Defunciones;Fuerteventura;88
2000;Mujeres;Total;Defunciones;El Hierro;38
2000;Mujeres;Total;Defunciones;Canarias;5367
2000;Mujeres;Menos de 7 días;Defunciones;Tenerife;13
2000;Mujeres;Menos de 7 días;Defunciones;Lanzarote;0
2000;Mujeres;Menos de 7 días;Defunciones;La Palma;0
2000;Mujeres;Menos de 7 días;Defunciones;La Gomera;0
2000;Mujeres;Menos de 7 días;Defunciones;Gran Canaria;7
2000;Mujeres;Menos de 7 días;Defunciones;Fuerteventura;1
2000;Mujeres;Menos de 7 días;Defunciones;El Hierro;0
2000;Mujeres;Menos de 7 días;Defunciones;Canarias;21
2000;Mujeres;De 7 a 27 días;Defunciones;Tenerife;12
2000;Mujeres;De 7 a 27 días;Defunciones;Lanzarote;1
2000;Mujeres;De 7 a 27 días;Defunciones;La Palma;0
2000;Mujeres;De 7 a 27 días;Defunciones;La Gomera;0
2000;Mujeres;De 7 a 27 días;Defunciones;Gran Canaria;3
2000;Mujeres;De 7 a 27 días;Defunciones;Fuerteventura;1
2000;Mujeres;De 7 a 27 días;Defunciones;El Hierro;0
2000;Mujeres;De 7 a 27 días;Defunciones;Canarias;17
2000;Mujeres;De 28 días a menos de 1 año;Defunciones;Tenerife;9
2000;Mujeres;De 28 días a menos de 1 año;Defunciones;Lanzarote;1
2000;Mujeres;De 28 días a menos de 1 año;Defunciones;La Palma;1
2000;Mujeres;De 28 días a menos de 1 año;Defunciones;La Gomera;0
2000;Mujeres;De 28 días a menos de 1 año;Defunciones;Gran Canaria;11
2000;Mujeres;De 28 días a menos de 1 año;Defunciones;Fuerteventura;0
2000;Mujeres;De 28 días a menos de 1 año;Defunciones;El Hierro;0
2000;Mujeres;De 28 días a menos de 1 año;Defunciones;Canarias;22
2001;Total;Menor de 1 año;Defunciones;Tenerife;44
2001;Total;Menor de 1 año;Defunciones;Lanzarote;6
2001;Total;Menor de 1 año;Defunciones;La Palma;6
2001;Total;Menor de 1 año;Defunciones;La Gomera;1
2001;Total;Menor de 1 año;Defunciones;Gran Canaria;41
2001;Total;Menor de 1 año;Defunciones;Fuerteventura;2
2001;Total;Menor de 1 año;Defunciones;El Hierro;0
2001;Total;Menor de 1 año;Defunciones;Canarias;100
2001;Total;95 años o más;Defunciones;Tenerife;149
2001;Total;95 años o más;Defunciones;Lanzarote;12
2001;Total;95 años o más;Defunciones;La Palma;29
2001;Total;95 años o más;Defunciones;La Gomera;9
2001;Total;95 años o más;Defunciones;Gran Canaria;146
2001;Total;95 años o más;Defunciones;Fuerteventura;12
2001;Total;95 años o más;Defunciones;El Hierro;2
2001;Total;95 años o más;Defunciones;Canarias;359
2001;Total;De 85 a 94 años;Defunciones;Tenerife;1176
2001;Total;De 85 a 94 años;Defunciones;Lanzarote;116
2001;Total;De 85 a 94 años;Defunciones;La Palma;197
2001;Total;De 85 a 94 años;Defunciones;La Gomera;32
2001;Total;De 85 a 94 años;Defunciones;Gran Canaria;1076
2001;Total;De 85 a 94 años;Defunciones;Fuerteventura;50
2001;Total;De 85 a 94 años;Defunciones;El Hierro;27
2001;Total;De 85 a 94 años;Defunciones;Canarias;2674
2001;Total;De 75 a 84 años;Defunciones;Tenerife;1435
2001;Total;De 75 a 84 años;Defunciones;Lanzarote;109
2001;Total;De 75 a 84 años;Defunciones;La Palma;217
2001;Total;De 75 a 84 años;Defunciones;La Gomera;41
2001;Total;De 75 a 84 años;Defunciones;Gran Canaria;1440
2001;Total;De 75 a 84 años;Defunciones;Fuerteventura;48
2001;Total;De 75 a 84 años;Defunciones;El Hierro;15
2001;Total;De 75 a 84 años;Defunciones;Canarias;3305
2001;Total;De 65 a 74 años;Defunciones;Tenerife;1089
2001;Total;De 65 a 74 años;Defunciones;Lanzarote;108
2001;Total;De 65 a 74 años;Defunciones;La Palma;102
2001;Total;De 65 a 74 años;Defunciones;La Gomera;24
2001;Total;De 65 a 74 años;Defunciones;Gran Canaria;1140
2001;Total;De 65 a 74 años;Defunciones;Fuerteventura;58
2001;Total;De 65 a 74 años;Defunciones;El Hierro;11
2001;Total;De 65 a 74 años;Defunciones;Canarias;2532
2001;Total;De 5 a 14 años;Defunciones;Tenerife;10
2001;Total;De 5 a 14 años;Defunciones;Lanzarote;0
2001;Total;De 5 a 14 años;Defunciones;La Palma;0
2001;Total;De 5 a 14 años;Defunciones;La Gomera;0
2001;Total;De 5 a 14 años;Defunciones;Gran Canaria;12
2001;Total;De 5 a 14 años;Defunciones;Fuerteventura;0
2001;Total;De 5 a 14 años;Defunciones;El Hierro;0
2001;Total;De 5 a 14 años;Defunciones;Canarias;22
2001;Total;De 55 a 64 años;Defunciones;Tenerife;592
2001;Total;De 55 a 64 años;Defunciones;Lanzarote;59
2001;Total;De 55 a 64 años;Defunciones;La Palma;67
2001;Total;De 55 a 64 años;Defunciones;La Gomera;16
2001;Total;De 55 a 64 años;Defunciones;Gran Canaria;547
2001;Total;De 55 a 64 años;Defunciones;Fuerteventura;34
2001;Total;De 55 a 64 años;Defunciones;El Hierro;8
2001;Total;De 55 a 64 años;Defunciones;Canarias;1323
2001;Total;De 45 a 54 años;Defunciones;Tenerife;274
2001;Total;De 45 a 54 años;Defunciones;Lanzarote;53
2001;Total;De 45 a 54 años;Defunciones;La Palma;25
2001;Total;De 45 a 54 años;Defunciones;La Gomera;9
2001;Total;De 45 a 54 años;Defunciones;Gran Canaria;370
2001;Total;De 45 a 54 años;Defunciones;Fuerteventura;33
2001;Total;De 45 a 54 años;Defunciones;El Hierro;3
2001;Total;De 45 a 54 años;Defunciones;Canarias;767
2001;Total;De 35 a 44 años;Defunciones;Tenerife;173
2001;Total;De 35 a 44 años;Defunciones;Lanzarote;35
2001;Total;De 35 a 44 años;Defunciones;La Palma;17
2001;Total;De 35 a 44 años;Defunciones;La Gomera;1
2001;Total;De 35 a 44 años;Defunciones;Gran Canaria;207
2001;Total;De 35 a 44 años;Defunciones;Fuerteventura;21
2001;Total;De 35 a 44 años;Defunciones;El Hierro;0
2001;Total;De 35 a 44 años;Defunciones;Canarias;454
2001;Total;De 25 a 34 años;Defunciones;Tenerife;88
2001;Total;De 25 a 34 años;Defunciones;Lanzarote;11
2001;Total;De 25 a 34 años;Defunciones;La Palma;8
2001;Total;De 25 a 34 años;Defunciones;La Gomera;3
2001;Total;De 25 a 34 años;Defunciones;Gran Canaria;104
2001;Total;De 25 a 34 años;Defunciones;Fuerteventura;19
2001;Total;De 25 a 34 años;Defunciones;El Hierro;1
2001;Total;De 25 a 34 años;Defunciones;Canarias;234
2001;Total;De 1 a 4 años;Defunciones;Tenerife;10
2001;Total;De 1 a 4 años;Defunciones;Lanzarote;1
2001;Total;De 1 a 4 años;Defunciones;La Palma;1
2001;Total;De 1 a 4 años;Defunciones;La Gomera;0
2001;Total;De 1 a 4 años;Defunciones;Gran Canaria;8
2001;Total;De 1 a 4 años;Defunciones;Fuerteventura;2
2001;Total;De 1 a 4 años;Defunciones;El Hierro;0
2001;Total;De 1 a 4 años;Defunciones;Canarias;22
2001;Total;De 15 a 24 años;Defunciones;Tenerife;53
2001;Total;De 15 a 24 años;Defunciones;Lanzarote;16
2001;Total;De 15 a 24 años;Defunciones;La Palma;4
2001;Total;De 15 a 24 años;Defunciones;La Gomera;0
2001;Total;De 15 a 24 años;Defunciones;Gran Canaria;58
2001;Total;De 15 a 24 años;Defunciones;Fuerteventura;5
2001;Total;De 15 a 24 años;Defunciones;El Hierro;0
2001;Total;De 15 a 24 años;Defunciones;Canarias;136
2001;Total;Total;Defunciones;Tenerife;5093
2001;Total;Total;Defunciones;Lanzarote;526
2001;Total;Total;Defunciones;La Palma;673
2001;Total;Total;Defunciones;La Gomera;136
2001;Total;Total;Defunciones;Gran Canaria;5149
2001;Total;Total;Defunciones;Fuerteventura;284
2001;Total;Total;Defunciones;El Hierro;67
2001;Total;Total;Defunciones;Canarias;11928
2001;Total;Menos de 7 días;Defunciones;Tenerife;12
2001;Total;Menos de 7 días;Defunciones;Lanzarote;1
2001;Total;Menos de 7 días;Defunciones;La Palma;1
2001;Total;Menos de 7 días;Defunciones;La Gomera;0
2001;Total;Menos de 7 días;Defunciones;Gran Canaria;13
2001;Total;Menos de 7 días;Defunciones;Fuerteventura;1
2001;Total;Menos de 7 días;Defunciones;El Hierro;0
2001;Total;Menos de 7 días;Defunciones;Canarias;28
2001;Total;De 7 a 27 días;Defunciones;Tenerife;18
2001;Total;De 7 a 27 días;Defunciones;Lanzarote;1
2001;Total;De 7 a 27 días;Defunciones;La Palma;2
2001;Total;De 7 a 27 días;Defunciones;La Gomera;1
2001;Total;De 7 a 27 días;Defunciones;Gran Canaria;15
2001;Total;De 7 a 27 días;Defunciones;Fuerteventura;0
2001;Total;De 7 a 27 días;Defunciones;El Hierro;0
2001;Total;De 7 a 27 días;Defunciones;Canarias;37
2001;Total;De 28 días a menos de 1 año;Defunciones;Tenerife;14
2001;Total;De 28 días a menos de 1 año;Defunciones;Lanzarote;4
2001;Total;De 28 días a menos de 1 año;Defunciones;La Palma;3
2001;Total;De 28 días a menos de 1 año;Defunciones;La Gomera;0
2001;Total;De 28 días a menos de 1 año;Defunciones;Gran Canaria;13
2001;Total;De 28 días a menos de 1 año;Defunciones;Fuerteventura;1
2001;Total;De 28 días a menos de 1 año;Defunciones;El Hierro;0
2001;Total;De 28 días a menos de 1 año;Defunciones;Canarias;35
2001;Hombres;Menor de 1 año;Defunciones;Tenerife;25
2001;Hombres;Menor de 1 año;Defunciones;Lanzarote;5
2001;Hombres;Menor de 1 año;Defunciones;La Palma;3
2001;Hombres;Menor de 1 año;Defunciones;La Gomera;1
2001;Hombres;Menor de 1 año;Defunciones;Gran Canaria;26
2001;Hombres;Menor de 1 año;Defunciones;Fuerteventura;1
2001;Hombres;Menor de 1 año;Defunciones;El Hierro;0
2001;Hombres;Menor de 1 año;Defunciones;Canarias;61
2001;Hombres;95 años o más;Defunciones;Tenerife;38
2001;Hombres;95 años o más;Defunciones;Lanzarote;2
2001;Hombres;95 años o más;Defunciones;La Palma;8
2001;Hombres;95 años o más;Defunciones;La Gomera;1
2001;Hombres;95 años o más;Defunciones;Gran Canaria;35
2001;Hombres;95 años o más;Defunciones;Fuerteventura;3
2001;Hombres;95 años o más;Defunciones;El Hierro;2
2001;Hombres;95 años o más;Defunciones;Canarias;89
2001;Hombres;De 85 a 94 años;Defunciones;Tenerife;442
2001;Hombres;De 85 a 94 años;Defunciones;Lanzarote;52
2001;Hombres;De 85 a 94 años;Defunciones;La Palma;75
2001;Hombres;De 85 a 94 años;Defunciones;La Gomera;18
2001;Hombres;De 85 a 94 años;Defunciones;Gran Canaria;401
2001;Hombres;De 85 a 94 años;Defunciones;Fuerteventura;22
2001;Hombres;De 85 a 94 años;Defunciones;El Hierro;10
2001;Hombres;De 85 a 94 años;Defunciones;Canarias;1020
2001;Hombres;De 75 a 84 años;Defunciones;Tenerife;726
2001;Hombres;De 75 a 84 años;Defunciones;Lanzarote;62
2001;Hombres;De 75 a 84 años;Defunciones;La Palma;96
2001;Hombres;De 75 a 84 años;Defunciones;La Gomera;21
2001;Hombres;De 75 a 84 años;Defunciones;Gran Canaria;752
2001;Hombres;De 75 a 84 años;Defunciones;Fuerteventura;27
2001;Hombres;De 75 a 84 años;Defunciones;El Hierro;8
2001;Hombres;De 75 a 84 años;Defunciones;Canarias;1692
2001;Hombres;De 65 a 74 años;Defunciones;Tenerife;696
2001;Hombres;De 65 a 74 años;Defunciones;Lanzarote;78
2001;Hombres;De 65 a 74 años;Defunciones;La Palma;65
2001;Hombres;De 65 a 74 años;Defunciones;La Gomera;16
2001;Hombres;De 65 a 74 años;Defunciones;Gran Canaria;728
2001;Hombres;De 65 a 74 años;Defunciones;Fuerteventura;39
2001;Hombres;De 65 a 74 años;Defunciones;El Hierro;11
2001;Hombres;De 65 a 74 años;Defunciones;Canarias;1633
2001;Hombres;De 5 a 14 años;Defunciones;Tenerife;6
2001;Hombres;De 5 a 14 años;Defunciones;Lanzarote;0
2001;Hombres;De 5 a 14 años;Defunciones;La Palma;0
2001;Hombres;De 5 a 14 años;Defunciones;La Gomera;0
2001;Hombres;De 5 a 14 años;Defunciones;Gran Canaria;8
2001;Hombres;De 5 a 14 años;Defunciones;Fuerteventura;0
2001;Hombres;De 5 a 14 años;Defunciones;El Hierro;0
2001;Hombres;De 5 a 14 años;Defunciones;Canarias;14
2001;Hombres;De 55 a 64 años;Defunciones;Tenerife;436
2001;Hombres;De 55 a 64 años;Defunciones;Lanzarote;43
2001;Hombres;De 55 a 64 años;Defunciones;La Palma;53
2001;Hombres;De 55 a 64 años;Defunciones;La Gomera;9
2001;Hombres;De 55 a 64 años;Defunciones;Gran Canaria;384
2001;Hombres;De 55 a 64 años;Defunciones;Fuerteventura;25
2001;Hombres;De 55 a 64 años;Defunciones;El Hierro;7
2001;Hombres;De 55 a 64 años;Defunciones;Canarias;957
2001;Hombres;De 45 a 54 años;Defunciones;Tenerife;184
2001;Hombres;De 45 a 54 años;Defunciones;Lanzarote;39
2001;Hombres;De 45 a 54 años;Defunciones;La Palma;17
2001;Hombres;De 45 a 54 años;Defunciones;La Gomera;8
2001;Hombres;De 45 a 54 años;Defunciones;Gran Canaria;249
2001;Hombres;De 45 a 54 años;Defunciones;Fuerteventura;29
2001;Hombres;De 45 a 54 años;Defunciones;El Hierro;3
2001;Hombres;De 45 a 54 años;Defunciones;Canarias;529
2001;Hombres;De 35 a 44 años;Defunciones;Tenerife;124
2001;Hombres;De 35 a 44 años;Defunciones;Lanzarote;27
2001;Hombres;De 35 a 44 años;Defunciones;La Palma;13
2001;Hombres;De 35 a 44 años;Defunciones;La Gomera;1
2001;Hombres;De 35 a 44 años;Defunciones;Gran Canaria;140
2001;Hombres;De 35 a 44 años;Defunciones;Fuerteventura;16
2001;Hombres;De 35 a 44 años;Defunciones;El Hierro;0
2001;Hombres;De 35 a 44 años;Defunciones;Canarias;321
2001;Hombres;De 25 a 34 años;Defunciones;Tenerife;65
2001;Hombres;De 25 a 34 años;Defunciones;Lanzarote;10
2001;Hombres;De 25 a 34 años;Defunciones;La Palma;2
2001;Hombres;De 25 a 34 años;Defunciones;La Gomera;2
2001;Hombres;De 25 a 34 años;Defunciones;Gran Canaria;72
2001;Hombres;De 25 a 34 años;Defunciones;Fuerteventura;13
2001;Hombres;De 25 a 34 años;Defunciones;El Hierro;1
2001;Hombres;De 25 a 34 años;Defunciones;Canarias;165
2001;Hombres;De 1 a 4 años;Defunciones;Tenerife;4
2001;Hombres;De 1 a 4 años;Defunciones;Lanzarote;0
2001;Hombres;De 1 a 4 años;Defunciones;La Palma;0
2001;Hombres;De 1 a 4 años;Defunciones;La Gomera;0
2001;Hombres;De 1 a 4 años;Defunciones;Gran Canaria;5
2001;Hombres;De 1 a 4 años;Defunciones;Fuerteventura;1
2001;Hombres;De 1 a 4 años;Defunciones;El Hierro;0
2001;Hombres;De 1 a 4 años;Defunciones;Canarias;10
2001;Hombres;De 15 a 24 años;Defunciones;Tenerife;34
2001;Hombres;De 15 a 24 años;Defunciones;Lanzarote;14
2001;Hombres;De 15 a 24 años;Defunciones;La Palma;4
2001;Hombres;De 15 a 24 años;Defunciones;La Gomera;0
2001;Hombres;De 15 a 24 años;Defunciones;Gran Canaria;49
2001;Hombres;De 15 a 24 años;Defunciones;Fuerteventura;4
2001;Hombres;De 15 a 24 años;Defunciones;El Hierro;0
2001;Hombres;De 15 a 24 años;Defunciones;Canarias;105
2001;Hombres;Total;Defunciones;Tenerife;2780
2001;Hombres;Total;Defunciones;Lanzarote;332
2001;Hombres;Total;Defunciones;La Palma;336
2001;Hombres;Total;Defunciones;La Gomera;77
2001;Hombres;Total;Defunciones;Gran Canaria;2849
2001;Hombres;Total;Defunciones;Fuerteventura;180
2001;Hombres;Total;Defunciones;El Hierro;42
2001;Hombres;Total;Defunciones;Canarias;6596
2001;Hombres;Menos de 7 días;Defunciones;Tenerife;9
2001;Hombres;Menos de 7 días;Defunciones;Lanzarote;1
2001;Hombres;Menos de 7 días;Defunciones;La Palma;1
2001;Hombres;Menos de 7 días;Defunciones;La Gomera;0
2001;Hombres;Menos de 7 días;Defunciones;Gran Canaria;7
2001;Hombres;Menos de 7 días;Defunciones;Fuerteventura;0
2001;Hombres;Menos de 7 días;Defunciones;El Hierro;0
2001;Hombres;Menos de 7 días;Defunciones;Canarias;18
2001;Hombres;De 7 a 27 días;Defunciones;Tenerife;10
2001;Hombres;De 7 a 27 días;Defunciones;Lanzarote;1
2001;Hombres;De 7 a 27 días;Defunciones;La Palma;1
2001;Hombres;De 7 a 27 días;Defunciones;La Gomera;1
2001;Hombres;De 7 a 27 días;Defunciones;Gran Canaria;10
2001;Hombres;De 7 a 27 días;Defunciones;Fuerteventura;0
2001;Hombres;De 7 a 27 días;Defunciones;El Hierro;0
2001;Hombres;De 7 a 27 días;Defunciones;Canarias;23
2001;Hombres;De 28 días a menos de 1 año;Defunciones;Tenerife;6
2001;Hombres;De 28 días a menos de 1 año;Defunciones;Lanzarote;3
2001;Hombres;De 28 días a menos de 1 año;Defunciones;La Palma;1
2001;Hombres;De 28 días a menos de 1 año;Defunciones;La Gomera;0
2001;Hombres;De 28 días a menos de 1 año;Defunciones;Gran Canaria;9
2001;Hombres;De 28 días a menos de 1 año;Defunciones;Fuerteventura;1
2001;Hombres;De 28 días a menos de 1 año;Defunciones;El Hierro;0
2001;Hombres;De 28 días a menos de 1 año;Defunciones;Canarias;20
2001;Mujeres;Menor de 1 año;Defunciones;Tenerife;19
2001;Mujeres;Menor de 1 año;Defunciones;Lanzarote;1
2001;Mujeres;Menor de 1 año;Defunciones;La Palma;3
2001;Mujeres;Menor de 1 año;Defunciones;La Gomera;0
2001;Mujeres;Menor de 1 año;Defunciones;Gran Canaria;15
2001;Mujeres;Menor de 1 año;Defunciones;Fuerteventura;1
2001;Mujeres;Menor de 1 año;Defunciones;El Hierro;0
2001;Mujeres;Menor de 1 año;Defunciones;Canarias;39
2001;Mujeres;95 años o más;Defunciones;Tenerife;111
2001;Mujeres;95 años o más;Defunciones;Lanzarote;10
2001;Mujeres;95 años o más;Defunciones;La Palma;21
2001;Mujeres;95 años o más;Defunciones;La Gomera;8
2001;Mujeres;95 años o más;Defunciones;Gran Canaria;111
2001;Mujeres;95 años o más;Defunciones;Fuerteventura;9
2001;Mujeres;95 años o más;Defunciones;El Hierro;0
2001;Mujeres;95 años o más;Defunciones;Canarias;270
2001;Mujeres;De 85 a 94 años;Defunciones;Tenerife;734
2001;Mujeres;De 85 a 94 años;Defunciones;Lanzarote;64
2001;Mujeres;De 85 a 94 años;Defunciones;La Palma;122
2001;Mujeres;De 85 a 94 años;Defunciones;La Gomera;14
2001;Mujeres;De 85 a 94 años;Defunciones;Gran Canaria;675
2001;Mujeres;De 85 a 94 años;Defunciones;Fuerteventura;28
2001;Mujeres;De 85 a 94 años;Defunciones;El Hierro;17
2001;Mujeres;De 85 a 94 años;Defunciones;Canarias;1654
2001;Mujeres;De 75 a 84 años;Defunciones;Tenerife;709
2001;Mujeres;De 75 a 84 años;Defunciones;Lanzarote;47
2001;Mujeres;De 75 a 84 años;Defunciones;La Palma;121
2001;Mujeres;De 75 a 84 años;Defunciones;La Gomera;20
2001;Mujeres;De 75 a 84 años;Defunciones;Gran Canaria;688
2001;Mujeres;De 75 a 84 años;Defunciones;Fuerteventura;21
2001;Mujeres;De 75 a 84 años;Defunciones;El Hierro;7
2001;Mujeres;De 75 a 84 años;Defunciones;Canarias;1613
2001;Mujeres;De 65 a 74 años;Defunciones;Tenerife;393
2001;Mujeres;De 65 a 74 años;Defunciones;Lanzarote;30
2001;Mujeres;De 65 a 74 años;Defunciones;La Palma;37
2001;Mujeres;De 65 a 74 años;Defunciones;La Gomera;8
2001;Mujeres;De 65 a 74 años;Defunciones;Gran Canaria;412
2001;Mujeres;De 65 a 74 años;Defunciones;Fuerteventura;19
2001;Mujeres;De 65 a 74 años;Defunciones;El Hierro;0
2001;Mujeres;De 65 a 74 años;Defunciones;Canarias;899
2001;Mujeres;De 5 a 14 años;Defunciones;Tenerife;4
2001;Mujeres;De 5 a 14 años;Defunciones;Lanzarote;0
2001;Mujeres;De 5 a 14 años;Defunciones;La Palma;0
2001;Mujeres;De 5 a 14 años;Defunciones;La Gomera;0
2001;Mujeres;De 5 a 14 años;Defunciones;Gran Canaria;4
2001;Mujeres;De 5 a 14 años;Defunciones;Fuerteventura;0
2001;Mujeres;De 5 a 14 años;Defunciones;El Hierro;0
2001;Mujeres;De 5 a 14 años;Defunciones;Canarias;8
2001;Mujeres;De 55 a 64 años;Defunciones;Tenerife;156
2001;Mujeres;De 55 a 64 años;Defunciones;Lanzarote;16
2001;Mujeres;De 55 a 64 años;Defunciones;La Palma;14
2001;Mujeres;De 55 a 64 años;Defunciones;La Gomera;7
2001;Mujeres;De 55 a 64 años;Defunciones;Gran Canaria;163
2001;Mujeres;De 55 a 64 años;Defunciones;Fuerteventura;9
2001;Mujeres;De 55 a 64 años;Defunciones;El Hierro;1
2001;Mujeres;De 55 a 64 años;Defunciones;Canarias;366
2001;Mujeres;De 45 a 54 años;Defunciones;Tenerife;90
2001;Mujeres;De 45 a 54 años;Defunciones;Lanzarote;14
2001;Mujeres;De 45 a 54 años;Defunciones;La Palma;8
2001;Mujeres;De 45 a 54 años;Defunciones;La Gomera;1
2001;Mujeres;De 45 a 54 años;Defunciones;Gran Canaria;121
2001;Mujeres;De 45 a 54 años;Defunciones;Fuerteventura;4
2001;Mujeres;De 45 a 54 años;Defunciones;El Hierro;0
2001;Mujeres;De 45 a 54 años;Defunciones;Canarias;238
2001;Mujeres;De 35 a 44 años;Defunciones;Tenerife;49
2001;Mujeres;De 35 a 44 años;Defunciones;Lanzarote;8
2001;Mujeres;De 35 a 44 años;Defunciones;La Palma;4
2001;Mujeres;De 35 a 44 años;Defunciones;La Gomera;0
2001;Mujeres;De 35 a 44 años;Defunciones;Gran Canaria;67
2001;Mujeres;De 35 a 44 años;Defunciones;Fuerteventura;5
2001;Mujeres;De 35 a 44 años;Defunciones;El Hierro;0
2001;Mujeres;De 35 a 44 años;Defunciones;Canarias;133
2001;Mujeres;De 25 a 34 años;Defunciones;Tenerife;23
2001;Mujeres;De 25 a 34 años;Defunciones;Lanzarote;1
2001;Mujeres;De 25 a 34 años;Defunciones;La Palma;6
2001;Mujeres;De 25 a 34 años;Defunciones;La Gomera;1
2001;Mujeres;De 25 a 34 años;Defunciones;Gran Canaria;32
2001;Mujeres;De 25 a 34 años;Defunciones;Fuerteventura;6
2001;Mujeres;De 25 a 34 años;Defunciones;El Hierro;0
2001;Mujeres;De 25 a 34 años;Defunciones;Canarias;69
2001;Mujeres;De 1 a 4 años;Defunciones;Tenerife;6
2001;Mujeres;De 1 a 4 años;Defunciones;Lanzarote;1
2001;Mujeres;De 1 a 4 años;Defunciones;La Palma;1
2001;Mujeres;De 1 a 4 años;Defunciones;La Gomera;0
2001;Mujeres;De 1 a 4 años;Defunciones;Gran Canaria;3
2001;Mujeres;De 1 a 4 años;Defunciones;Fuerteventura;1
2001;Mujeres;De 1 a 4 años;Defunciones;El Hierro;0
2001;Mujeres;De 1 a 4 años;Defunciones;Canarias;12
2001;Mujeres;De 15 a 24 años;Defunciones;Tenerife;19
2001;Mujeres;De 15 a 24 años;Defunciones;Lanzarote;2
2001;Mujeres;De 15 a 24 años;Defunciones;La Palma;0
2001;Mujeres;De 15 a 24 años;Defunciones;La Gomera;0
2001;Mujeres;De 15 a 24 años;Defunciones;Gran Canaria;9
2001;Mujeres;De 15 a 24 años;Defunciones;Fuerteventura;1
2001;Mujeres;De 15 a 24 años;Defunciones;El Hierro;0
2001;Mujeres;De 15 a 24 años;Defunciones;Canarias;31
2001;Mujeres;Total;Defunciones;Tenerife;2313
2001;Mujeres;Total;Defunciones;Lanzarote;194
2001;Mujeres;Total;Defunciones;La Palma;337
2001;Mujeres;Total;Defunciones;La Gomera;59
2001;Mujeres;Total;Defunciones;Gran Canaria;2300
2001;Mujeres;Total;Defunciones;Fuerteventura;104
2001;Mujeres;Total;Defunciones;El Hierro;25
2001;Mujeres;Total;Defunciones;Canarias;5332
2001;Mujeres;Menos de 7 días;Defunciones;Tenerife;3
2001;Mujeres;Menos de 7 días;Defunciones;Lanzarote;0
2001;Mujeres;Menos de 7 días;Defunciones;La Palma;0
2001;Mujeres;Menos de 7 días;Defunciones;La Gomera;0
2001;Mujeres;Menos de 7 días;Defunciones;Gran Canaria;6
2001;Mujeres;Menos de 7 días;Defunciones;Fuerteventura;1
2001;Mujeres;Menos de 7 días;Defunciones;El Hierro;0
2001;Mujeres;Menos de 7 días;Defunciones;Canarias;10
2001;Mujeres;De 7 a 27 días;Defunciones;Tenerife;8
2001;Mujeres;De 7 a 27 días;Defunciones;Lanzarote;0
2001;Mujeres;De 7 a 27 días;Defunciones;La Palma;1
2001;Mujeres;De 7 a 27 días;Defunciones;La Gomera;0
2001;Mujeres;De 7 a 27 días;Defunciones;Gran Canaria;5
2001;Mujeres;De 7 a 27 días;Defunciones;Fuerteventura;0
2001;Mujeres;De 7 a 27 días;Defunciones;El Hierro;0
2001;Mujeres;De 7 a 27 días;Defunciones;Canarias;14
2001;Mujeres;De 28 días a menos de 1 año;Defunciones;Tenerife;8
2001;Mujeres;De 28 días a menos de 1 año;Defunciones;Lanzarote;1
2001;Mujeres;De 28 días a menos de 1 año;Defunciones;La Palma;2
2001;Mujeres;De 28 días a menos de 1 año;Defunciones;La Gomera;0
2001;Mujeres;De 28 días a menos de 1 año;Defunciones;Gran Canaria;4
2001;Mujeres;De 28 días a menos de 1 año;Defunciones;Fuerteventura;0
2001;Mujeres;De 28 días a menos de 1 año;Defunciones;El Hierro;0
2001;Mujeres;De 28 días a menos de 1 año;Defunciones;Canarias;15
2002;Total;Menor de 1 año;Defunciones;Tenerife;35
2002;Total;Menor de 1 año;Defunciones;Lanzarote;4
2002;Total;Menor de 1 año;Defunciones;La Palma;1
2002;Total;Menor de 1 año;Defunciones;La Gomera;0
2002;Total;Menor de 1 año;Defunciones;Gran Canaria;33
2002;Total;Menor de 1 año;Defunciones;Fuerteventura;9
2002;Total;Menor de 1 año;Defunciones;El Hierro;0
2002;Total;Menor de 1 año;Defunciones;Canarias;82
2002;Total;95 años o más;Defunciones;Tenerife;153
2002;Total;95 años o más;Defunciones;Lanzarote;18
2002;Total;95 años o más;Defunciones;La Palma;49
2002;Total;95 años o más;Defunciones;La Gomera;8
2002;Total;95 años o más;Defunciones;Gran Canaria;140
2002;Total;95 años o más;Defunciones;Fuerteventura;6
2002;Total;95 años o más;Defunciones;El Hierro;6
2002;Total;95 años o más;Defunciones;Canarias;380
2002;Total;De 85 a 94 años;Defunciones;Tenerife;1219
2002;Total;De 85 a 94 años;Defunciones;Lanzarote;97
2002;Total;De 85 a 94 años;Defunciones;La Palma;207
2002;Total;De 85 a 94 años;Defunciones;La Gomera;44
2002;Total;De 85 a 94 años;Defunciones;Gran Canaria;1081
2002;Total;De 85 a 94 años;Defunciones;Fuerteventura;53
2002;Total;De 85 a 94 años;Defunciones;El Hierro;32
2002;Total;De 85 a 94 años;Defunciones;Canarias;2733
2002;Total;De 75 a 84 años;Defunciones;Tenerife;1380
2002;Total;De 75 a 84 años;Defunciones;Lanzarote;108
2002;Total;De 75 a 84 años;Defunciones;La Palma;187
2002;Total;De 75 a 84 años;Defunciones;La Gomera;35
2002;Total;De 75 a 84 años;Defunciones;Gran Canaria;1414
2002;Total;De 75 a 84 años;Defunciones;Fuerteventura;55
2002;Total;De 75 a 84 años;Defunciones;El Hierro;18
2002;Total;De 75 a 84 años;Defunciones;Canarias;3197
2002;Total;De 65 a 74 años;Defunciones;Tenerife;1075
2002;Total;De 65 a 74 años;Defunciones;Lanzarote;97
2002;Total;De 65 a 74 años;Defunciones;La Palma;137
2002;Total;De 65 a 74 años;Defunciones;La Gomera;26
2002;Total;De 65 a 74 años;Defunciones;Gran Canaria;1154
2002;Total;De 65 a 74 años;Defunciones;Fuerteventura;53
2002;Total;De 65 a 74 años;Defunciones;El Hierro;13
2002;Total;De 65 a 74 años;Defunciones;Canarias;2555
2002;Total;De 5 a 14 años;Defunciones;Tenerife;11
2002;Total;De 5 a 14 años;Defunciones;Lanzarote;3
2002;Total;De 5 a 14 años;Defunciones;La Palma;0
2002;Total;De 5 a 14 años;Defunciones;La Gomera;0
2002;Total;De 5 a 14 años;Defunciones;Gran Canaria;15
2002;Total;De 5 a 14 años;Defunciones;Fuerteventura;3
2002;Total;De 5 a 14 años;Defunciones;El Hierro;0
2002;Total;De 5 a 14 años;Defunciones;Canarias;32
2002;Total;De 55 a 64 años;Defunciones;Tenerife;536
2002;Total;De 55 a 64 años;Defunciones;Lanzarote;68
2002;Total;De 55 a 64 años;Defunciones;La Palma;49
2002;Total;De 55 a 64 años;Defunciones;La Gomera;18
2002;Total;De 55 a 64 años;Defunciones;Gran Canaria;596
2002;Total;De 55 a 64 años;Defunciones;Fuerteventura;40
2002;Total;De 55 a 64 años;Defunciones;El Hierro;3
2002;Total;De 55 a 64 años;Defunciones;Canarias;1310
2002;Total;De 45 a 54 años;Defunciones;Tenerife;299
2002;Total;De 45 a 54 años;Defunciones;Lanzarote;44
2002;Total;De 45 a 54 años;Defunciones;La Palma;25
2002;Total;De 45 a 54 años;Defunciones;La Gomera;11
2002;Total;De 45 a 54 años;Defunciones;Gran Canaria;359
2002;Total;De 45 a 54 años;Defunciones;Fuerteventura;26
2002;Total;De 45 a 54 años;Defunciones;El Hierro;3
2002;Total;De 45 a 54 años;Defunciones;Canarias;767
2002;Total;De 35 a 44 años;Defunciones;Tenerife;156
2002;Total;De 35 a 44 años;Defunciones;Lanzarote;34
2002;Total;De 35 a 44 años;Defunciones;La Palma;11
2002;Total;De 35 a 44 años;Defunciones;La Gomera;2
2002;Total;De 35 a 44 años;Defunciones;Gran Canaria;207
2002;Total;De 35 a 44 años;Defunciones;Fuerteventura;24
2002;Total;De 35 a 44 años;Defunciones;El Hierro;2
2002;Total;De 35 a 44 años;Defunciones;Canarias;436
2002;Total;De 25 a 34 años;Defunciones;Tenerife;87
2002;Total;De 25 a 34 años;Defunciones;Lanzarote;24
2002;Total;De 25 a 34 años;Defunciones;La Palma;5
2002;Total;De 25 a 34 años;Defunciones;La Gomera;1
2002;Total;De 25 a 34 años;Defunciones;Gran Canaria;105
2002;Total;De 25 a 34 años;Defunciones;Fuerteventura;15
2002;Total;De 25 a 34 años;Defunciones;El Hierro;1
2002;Total;De 25 a 34 años;Defunciones;Canarias;238
2002;Total;De 1 a 4 años;Defunciones;Tenerife;5
2002;Total;De 1 a 4 años;Defunciones;Lanzarote;2
2002;Total;De 1 a 4 años;Defunciones;La Palma;1
2002;Total;De 1 a 4 años;Defunciones;La Gomera;0
2002;Total;De 1 a 4 años;Defunciones;Gran Canaria;10
2002;Total;De 1 a 4 años;Defunciones;Fuerteventura;0
2002;Total;De 1 a 4 años;Defunciones;El Hierro;0
2002;Total;De 1 a 4 años;Defunciones;Canarias;18
2002;Total;De 15 a 24 años;Defunciones;Tenerife;41
2002;Total;De 15 a 24 años;Defunciones;Lanzarote;13
2002;Total;De 15 a 24 años;Defunciones;La Palma;6
2002;Total;De 15 a 24 años;Defunciones;La Gomera;2
2002;Total;De 15 a 24 años;Defunciones;Gran Canaria;46
2002;Total;De 15 a 24 años;Defunciones;Fuerteventura;7
2002;Total;De 15 a 24 años;Defunciones;El Hierro;0
2002;Total;De 15 a 24 años;Defunciones;Canarias;115
2002;Total;Total;Defunciones;Tenerife;4997
2002;Total;Total;Defunciones;Lanzarote;512
2002;Total;Total;Defunciones;La Palma;678
2002;Total;Total;Defunciones;La Gomera;147
2002;Total;Total;Defunciones;Gran Canaria;5160
2002;Total;Total;Defunciones;Fuerteventura;291
2002;Total;Total;Defunciones;El Hierro;78
2002;Total;Total;Defunciones;Canarias;11863
2002;Total;Menos de 7 días;Defunciones;Tenerife;12
2002;Total;Menos de 7 días;Defunciones;Lanzarote;3
2002;Total;Menos de 7 días;Defunciones;La Palma;1
2002;Total;Menos de 7 días;Defunciones;La Gomera;0
2002;Total;Menos de 7 días;Defunciones;Gran Canaria;7
2002;Total;Menos de 7 días;Defunciones;Fuerteventura;5
2002;Total;Menos de 7 días;Defunciones;El Hierro;0
2002;Total;Menos de 7 días;Defunciones;Canarias;28
2002;Total;De 7 a 27 días;Defunciones;Tenerife;9
2002;Total;De 7 a 27 días;Defunciones;Lanzarote;0
2002;Total;De 7 a 27 días;Defunciones;La Palma;0
2002;Total;De 7 a 27 días;Defunciones;La Gomera;0
2002;Total;De 7 a 27 días;Defunciones;Gran Canaria;7
2002;Total;De 7 a 27 días;Defunciones;Fuerteventura;1
2002;Total;De 7 a 27 días;Defunciones;El Hierro;0
2002;Total;De 7 a 27 días;Defunciones;Canarias;17
2002;Total;De 28 días a menos de 1 año;Defunciones;Tenerife;14
2002;Total;De 28 días a menos de 1 año;Defunciones;Lanzarote;1
2002;Total;De 28 días a menos de 1 año;Defunciones;La Palma;0
2002;Total;De 28 días a menos de 1 año;Defunciones;La Gomera;0
2002;Total;De 28 días a menos de 1 año;Defunciones;Gran Canaria;19
2002;Total;De 28 días a menos de 1 año;Defunciones;Fuerteventura;3
2002;Total;De 28 días a menos de 1 año;Defunciones;El Hierro;0
2002;Total;De 28 días a menos de 1 año;Defunciones;Canarias;37
2002;Hombres;Menor de 1 año;Defunciones;Tenerife;20
2002;Hombres;Menor de 1 año;Defunciones;Lanzarote;1
2002;Hombres;Menor de 1 año;Defunciones;La Palma;1
2002;Hombres;Menor de 1 año;Defunciones;La Gomera;0
2002;Hombres;Menor de 1 año;Defunciones;Gran Canaria;20
2002;Hombres;Menor de 1 año;Defunciones;Fuerteventura;7
2002;Hombres;Menor de 1 año;Defunciones;El Hierro;0
2002;Hombres;Menor de 1 año;Defunciones;Canarias;49
2002;Hombres;95 años o más;Defunciones;Tenerife;41
2002;Hombres;95 años o más;Defunciones;Lanzarote;4
2002;Hombres;95 años o más;Defunciones;La Palma;16
2002;Hombres;95 años o más;Defunciones;La Gomera;2
2002;Hombres;95 años o más;Defunciones;Gran Canaria;42
2002;Hombres;95 años o más;Defunciones;Fuerteventura;1
2002;Hombres;95 años o más;Defunciones;El Hierro;1
2002;Hombres;95 años o más;Defunciones;Canarias;107
2002;Hombres;De 85 a 94 años;Defunciones;Tenerife;440
2002;Hombres;De 85 a 94 años;Defunciones;Lanzarote;32
2002;Hombres;De 85 a 94 años;Defunciones;La Palma;73
2002;Hombres;De 85 a 94 años;Defunciones;La Gomera;18
2002;Hombres;De 85 a 94 años;Defunciones;Gran Canaria;425
2002;Hombres;De 85 a 94 años;Defunciones;Fuerteventura;27
2002;Hombres;De 85 a 94 años;Defunciones;El Hierro;19
2002;Hombres;De 85 a 94 años;Defunciones;Canarias;1034
2002;Hombres;De 75 a 84 años;Defunciones;Tenerife;705
2002;Hombres;De 75 a 84 años;Defunciones;Lanzarote;60
2002;Hombres;De 75 a 84 años;Defunciones;La Palma;93
2002;Hombres;De 75 a 84 años;Defunciones;La Gomera;17
2002;Hombres;De 75 a 84 años;Defunciones;Gran Canaria;707
2002;Hombres;De 75 a 84 años;Defunciones;Fuerteventura;35
2002;Hombres;De 75 a 84 años;Defunciones;El Hierro;11
2002;Hombres;De 75 a 84 años;Defunciones;Canarias;1628
2002;Hombres;De 65 a 74 años;Defunciones;Tenerife;708
2002;Hombres;De 65 a 74 años;Defunciones;Lanzarote;68
2002;Hombres;De 65 a 74 años;Defunciones;La Palma;85
2002;Hombres;De 65 a 74 años;Defunciones;La Gomera;18
2002;Hombres;De 65 a 74 años;Defunciones;Gran Canaria;740
2002;Hombres;De 65 a 74 años;Defunciones;Fuerteventura;33
2002;Hombres;De 65 a 74 años;Defunciones;El Hierro;10
2002;Hombres;De 65 a 74 años;Defunciones;Canarias;1662
2002;Hombres;De 5 a 14 años;Defunciones;Tenerife;9
2002;Hombres;De 5 a 14 años;Defunciones;Lanzarote;1
2002;Hombres;De 5 a 14 años;Defunciones;La Palma;0
2002;Hombres;De 5 a 14 años;Defunciones;La Gomera;0
2002;Hombres;De 5 a 14 años;Defunciones;Gran Canaria;8
2002;Hombres;De 5 a 14 años;Defunciones;Fuerteventura;1
2002;Hombres;De 5 a 14 años;Defunciones;El Hierro;0
2002;Hombres;De 5 a 14 años;Defunciones;Canarias;19
2002;Hombres;De 55 a 64 años;Defunciones;Tenerife;392
2002;Hombres;De 55 a 64 años;Defunciones;Lanzarote;53
2002;Hombres;De 55 a 64 años;Defunciones;La Palma;33
2002;Hombres;De 55 a 64 años;Defunciones;La Gomera;14
2002;Hombres;De 55 a 64 años;Defunciones;Gran Canaria;414
2002;Hombres;De 55 a 64 años;Defunciones;Fuerteventura;29
2002;Hombres;De 55 a 64 años;Defunciones;El Hierro;2
2002;Hombres;De 55 a 64 años;Defunciones;Canarias;937
2002;Hombres;De 45 a 54 años;Defunciones;Tenerife;195
2002;Hombres;De 45 a 54 años;Defunciones;Lanzarote;29
2002;Hombres;De 45 a 54 años;Defunciones;La Palma;19
2002;Hombres;De 45 a 54 años;Defunciones;La Gomera;8
2002;Hombres;De 45 a 54 años;Defunciones;Gran Canaria;261
2002;Hombres;De 45 a 54 años;Defunciones;Fuerteventura;23
2002;Hombres;De 45 a 54 años;Defunciones;El Hierro;2
2002;Hombres;De 45 a 54 años;Defunciones;Canarias;537
2002;Hombres;De 35 a 44 años;Defunciones;Tenerife;117
2002;Hombres;De 35 a 44 años;Defunciones;Lanzarote;20
2002;Hombres;De 35 a 44 años;Defunciones;La Palma;7
2002;Hombres;De 35 a 44 años;Defunciones;La Gomera;1
2002;Hombres;De 35 a 44 años;Defunciones;Gran Canaria;144
2002;Hombres;De 35 a 44 años;Defunciones;Fuerteventura;18
2002;Hombres;De 35 a 44 años;Defunciones;El Hierro;2
2002;Hombres;De 35 a 44 años;Defunciones;Canarias;309
2002;Hombres;De 25 a 34 años;Defunciones;Tenerife;65
2002;Hombres;De 25 a 34 años;Defunciones;Lanzarote;18
2002;Hombres;De 25 a 34 años;Defunciones;La Palma;4
2002;Hombres;De 25 a 34 años;Defunciones;La Gomera;1
2002;Hombres;De 25 a 34 años;Defunciones;Gran Canaria;78
2002;Hombres;De 25 a 34 años;Defunciones;Fuerteventura;11
2002;Hombres;De 25 a 34 años;Defunciones;El Hierro;1
2002;Hombres;De 25 a 34 años;Defunciones;Canarias;178
2002;Hombres;De 1 a 4 años;Defunciones;Tenerife;2
2002;Hombres;De 1 a 4 años;Defunciones;Lanzarote;2
2002;Hombres;De 1 a 4 años;Defunciones;La Palma;0
2002;Hombres;De 1 a 4 años;Defunciones;La Gomera;0
2002;Hombres;De 1 a 4 años;Defunciones;Gran Canaria;5
2002;Hombres;De 1 a 4 años;Defunciones;Fuerteventura;0
2002;Hombres;De 1 a 4 años;Defunciones;El Hierro;0
2002;Hombres;De 1 a 4 años;Defunciones;Canarias;9
2002;Hombres;De 15 a 24 años;Defunciones;Tenerife;29
2002;Hombres;De 15 a 24 años;Defunciones;Lanzarote;11
2002;Hombres;De 15 a 24 años;Defunciones;La Palma;6
2002;Hombres;De 15 a 24 años;Defunciones;La Gomera;2
2002;Hombres;De 15 a 24 años;Defunciones;Gran Canaria;35
2002;Hombres;De 15 a 24 años;Defunciones;Fuerteventura;5
2002;Hombres;De 15 a 24 años;Defunciones;El Hierro;0
2002;Hombres;De 15 a 24 años;Defunciones;Canarias;88
2002;Hombres;Total;Defunciones;Tenerife;2723
2002;Hombres;Total;Defunciones;Lanzarote;299
2002;Hombres;Total;Defunciones;La Palma;337
2002;Hombres;Total;Defunciones;La Gomera;81
2002;Hombres;Total;Defunciones;Gran Canaria;2879
2002;Hombres;Total;Defunciones;Fuerteventura;190
2002;Hombres;Total;Defunciones;El Hierro;48
2002;Hombres;Total;Defunciones;Canarias;6557
2002;Hombres;Menos de 7 días;Defunciones;Tenerife;8
2002;Hombres;Menos de 7 días;Defunciones;Lanzarote;1
2002;Hombres;Menos de 7 días;Defunciones;La Palma;1
2002;Hombres;Menos de 7 días;Defunciones;La Gomera;0
2002;Hombres;Menos de 7 días;Defunciones;Gran Canaria;4
2002;Hombres;Menos de 7 días;Defunciones;Fuerteventura;4
2002;Hombres;Menos de 7 días;Defunciones;El Hierro;0
2002;Hombres;Menos de 7 días;Defunciones;Canarias;18
2002;Hombres;De 7 a 27 días;Defunciones;Tenerife;4
2002;Hombres;De 7 a 27 días;Defunciones;Lanzarote;0
2002;Hombres;De 7 a 27 días;Defunciones;La Palma;0
2002;Hombres;De 7 a 27 días;Defunciones;La Gomera;0
2002;Hombres;De 7 a 27 días;Defunciones;Gran Canaria;5
2002;Hombres;De 7 a 27 días;Defunciones;Fuerteventura;1
2002;Hombres;De 7 a 27 días;Defunciones;El Hierro;0
2002;Hombres;De 7 a 27 días;Defunciones;Canarias;10
2002;Hombres;De 28 días a menos de 1 año;Defunciones;Tenerife;8
2002;Hombres;De 28 días a menos de 1 año;Defunciones;Lanzarote;0
2002;Hombres;De 28 días a menos de 1 año;Defunciones;La Palma;0
2002;Hombres;De 28 días a menos de 1 año;Defunciones;La Gomera;0
2002;Hombres;De 28 días a menos de 1 año;Defunciones;Gran Canaria;11
2002;Hombres;De 28 días a menos de 1 año;Defunciones;Fuerteventura;2
2002;Hombres;De 28 días a menos de 1 año;Defunciones;El Hierro;0
2002;Hombres;De 28 días a menos de 1 año;Defunciones;Canarias;21
2002;Mujeres;Menor de 1 año;Defunciones;Tenerife;15
2002;Mujeres;Menor de 1 año;Defunciones;Lanzarote;3
2002;Mujeres;Menor de 1 año;Defunciones;La Palma;0
2002;Mujeres;Menor de 1 año;Defunciones;La Gomera;0
2002;Mujeres;Menor de 1 año;Defunciones;Gran Canaria;13
2002;Mujeres;Menor de 1 año;Defunciones;Fuerteventura;2
2002;Mujeres;Menor de 1 año;Defunciones;El Hierro;0
2002;Mujeres;Menor de 1 año;Defunciones;Canarias;33
2002;Mujeres;95 años o más;Defunciones;Tenerife;112
2002;Mujeres;95 años o más;Defunciones;Lanzarote;14
2002;Mujeres;95 años o más;Defunciones;La Palma;33
2002;Mujeres;95 años o más;Defunciones;La Gomera;6
2002;Mujeres;95 años o más;Defunciones;Gran Canaria;98
2002;Mujeres;95 años o más;Defunciones;Fuerteventura;5
2002;Mujeres;95 años o más;Defunciones;El Hierro;5
2002;Mujeres;95 años o más;Defunciones;Canarias;273
2002;Mujeres;De 85 a 94 años;Defunciones;Tenerife;779
2002;Mujeres;De 85 a 94 años;Defunciones;Lanzarote;65
2002;Mujeres;De 85 a 94 años;Defunciones;La Palma;134
2002;Mujeres;De 85 a 94 años;Defunciones;La Gomera;26
2002;Mujeres;De 85 a 94 años;Defunciones;Gran Canaria;656
2002;Mujeres;De 85 a 94 años;Defunciones;Fuerteventura;26
2002;Mujeres;De 85 a 94 años;Defunciones;El Hierro;13
2002;Mujeres;De 85 a 94 años;Defunciones;Canarias;1699
2002;Mujeres;De 75 a 84 años;Defunciones;Tenerife;675
2002;Mujeres;De 75 a 84 años;Defunciones;Lanzarote;48
2002;Mujeres;De 75 a 84 años;Defunciones;La Palma;94
2002;Mujeres;De 75 a 84 años;Defunciones;La Gomera;18
2002;Mujeres;De 75 a 84 años;Defunciones;Gran Canaria;707
2002;Mujeres;De 75 a 84 años;Defunciones;Fuerteventura;20
2002;Mujeres;De 75 a 84 años;Defunciones;El Hierro;7
2002;Mujeres;De 75 a 84 años;Defunciones;Canarias;1569
2002;Mujeres;De 65 a 74 años;Defunciones;Tenerife;367
2002;Mujeres;De 65 a 74 años;Defunciones;Lanzarote;29
2002;Mujeres;De 65 a 74 años;Defunciones;La Palma;52
2002;Mujeres;De 65 a 74 años;Defunciones;La Gomera;8
2002;Mujeres;De 65 a 74 años;Defunciones;Gran Canaria;414
2002;Mujeres;De 65 a 74 años;Defunciones;Fuerteventura;20
2002;Mujeres;De 65 a 74 años;Defunciones;El Hierro;3
2002;Mujeres;De 65 a 74 años;Defunciones;Canarias;893
2002;Mujeres;De 5 a 14 años;Defunciones;Tenerife;2
2002;Mujeres;De 5 a 14 años;Defunciones;Lanzarote;2
2002;Mujeres;De 5 a 14 años;Defunciones;La Palma;0
2002;Mujeres;De 5 a 14 años;Defunciones;La Gomera;0
2002;Mujeres;De 5 a 14 años;Defunciones;Gran Canaria;7
2002;Mujeres;De 5 a 14 años;Defunciones;Fuerteventura;2
2002;Mujeres;De 5 a 14 años;Defunciones;El Hierro;0
2002;Mujeres;De 5 a 14 años;Defunciones;Canarias;13
2002;Mujeres;De 55 a 64 años;Defunciones;Tenerife;144
2002;Mujeres;De 55 a 64 años;Defunciones;Lanzarote;15
2002;Mujeres;De 55 a 64 años;Defunciones;La Palma;16
2002;Mujeres;De 55 a 64 años;Defunciones;La Gomera;4
2002;Mujeres;De 55 a 64 años;Defunciones;Gran Canaria;182
2002;Mujeres;De 55 a 64 años;Defunciones;Fuerteventura;11
2002;Mujeres;De 55 a 64 años;Defunciones;El Hierro;1
2002;Mujeres;De 55 a 64 años;Defunciones;Canarias;373
2002;Mujeres;De 45 a 54 años;Defunciones;Tenerife;104
2002;Mujeres;De 45 a 54 años;Defunciones;Lanzarote;15
2002;Mujeres;De 45 a 54 años;Defunciones;La Palma;6
2002;Mujeres;De 45 a 54 años;Defunciones;La Gomera;3
2002;Mujeres;De 45 a 54 años;Defunciones;Gran Canaria;98
2002;Mujeres;De 45 a 54 años;Defunciones;Fuerteventura;3
2002;Mujeres;De 45 a 54 años;Defunciones;El Hierro;1
2002;Mujeres;De 45 a 54 años;Defunciones;Canarias;230
2002;Mujeres;De 35 a 44 años;Defunciones;Tenerife;39
2002;Mujeres;De 35 a 44 años;Defunciones;Lanzarote;14
2002;Mujeres;De 35 a 44 años;Defunciones;La Palma;4
2002;Mujeres;De 35 a 44 años;Defunciones;La Gomera;1
2002;Mujeres;De 35 a 44 años;Defunciones;Gran Canaria;63
2002;Mujeres;De 35 a 44 años;Defunciones;Fuerteventura;6
2002;Mujeres;De 35 a 44 años;Defunciones;El Hierro;0
2002;Mujeres;De 35 a 44 años;Defunciones;Canarias;127
2002;Mujeres;De 25 a 34 años;Defunciones;Tenerife;22
2002;Mujeres;De 25 a 34 años;Defunciones;Lanzarote;6
2002;Mujeres;De 25 a 34 años;Defunciones;La Palma;1
2002;Mujeres;De 25 a 34 años;Defunciones;La Gomera;0
2002;Mujeres;De 25 a 34 años;Defunciones;Gran Canaria;27
2002;Mujeres;De 25 a 34 años;Defunciones;Fuerteventura;4
2002;Mujeres;De 25 a 34 años;Defunciones;El Hierro;0
2002;Mujeres;De 25 a 34 años;Defunciones;Canarias;60
2002;Mujeres;De 1 a 4 años;Defunciones;Tenerife;3
2002;Mujeres;De 1 a 4 años;Defunciones;Lanzarote;0
2002;Mujeres;De 1 a 4 años;Defunciones;La Palma;1
2002;Mujeres;De 1 a 4 años;Defunciones;La Gomera;0
2002;Mujeres;De 1 a 4 años;Defunciones;Gran Canaria;5
2002;Mujeres;De 1 a 4 años;Defunciones;Fuerteventura;0
2002;Mujeres;De 1 a 4 años;Defunciones;El Hierro;0
2002;Mujeres;De 1 a 4 años;Defunciones;Canarias;9
2002;Mujeres;De 15 a 24 años;Defunciones;Tenerife;12
2002;Mujeres;De 15 a 24 años;Defunciones;Lanzarote;2
2002;Mujeres;De 15 a 24 años;Defunciones;La Palma;0
2002;Mujeres;De 15 a 24 años;Defunciones;La Gomera;0
2002;Mujeres;De 15 a 24 años;Defunciones;Gran Canaria;11
2002;Mujeres;De 15 a 24 años;Defunciones;Fuerteventura;2
2002;Mujeres;De 15 a 24 años;Defunciones;El Hierro;0
2002;Mujeres;De 15 a 24 años;Defunciones;Canarias;27
2002;Mujeres;Total;Defunciones;Tenerife;2274
2002;Mujeres;Total;Defunciones;Lanzarote;213
2002;Mujeres;Total;Defunciones;La Palma;341
2002;Mujeres;Total;Defunciones;La Gomera;66
2002;Mujeres;Total;Defunciones;Gran Canaria;2281
2002;Mujeres;Total;Defunciones;Fuerteventura;101
2002;Mujeres;Total;Defunciones;El Hierro;30
2002;Mujeres;Total;Defunciones;Canarias;5306
2002;Mujeres;Menos de 7 días;Defunciones;Tenerife;4
2002;Mujeres;Menos de 7 días;Defunciones;Lanzarote;2
2002;Mujeres;Menos de 7 días;Defunciones;La Palma;0
2002;Mujeres;Menos de 7 días;Defunciones;La Gomera;0
2002;Mujeres;Menos de 7 días;Defunciones;Gran Canaria;3
2002;Mujeres;Menos de 7 días;Defunciones;Fuerteventura;1
2002;Mujeres;Menos de 7 días;Defunciones;El Hierro;0
2002;Mujeres;Menos de 7 días;Defunciones;Canarias;10
2002;Mujeres;De 7 a 27 días;Defunciones;Tenerife;5
2002;Mujeres;De 7 a 27 días;Defunciones;Lanzarote;0
2002;Mujeres;De 7 a 27 días;Defunciones;La Palma;0
2002;Mujeres;De 7 a 27 días;Defunciones;La Gomera;0
2002;Mujeres;De 7 a 27 días;Defunciones;Gran Canaria;2
2002;Mujeres;De 7 a 27 días;Defunciones;Fuerteventura;0
2002;Mujeres;De 7 a 27 días;Defunciones;El Hierro;0
2002;Mujeres;De 7 a 27 días;Defunciones;Canarias;7
2002;Mujeres;De 28 días a menos de 1 año;Defunciones;Tenerife;6
2002;Mujeres;De 28 días a menos de 1 año;Defunciones;Lanzarote;1
2002;Mujeres;De 28 días a menos de 1 año;Defunciones;La Palma;0
2002;Mujeres;De 28 días a menos de 1 año;Defunciones;La Gomera;0
2002;Mujeres;De 28 días a menos de 1 año;Defunciones;Gran Canaria;8
2002;Mujeres;De 28 días a menos de 1 año;Defunciones;Fuerteventura;1
2002;Mujeres;De 28 días a menos de 1 año;Defunciones;El Hierro;0
2002;Mujeres;De 28 días a menos de 1 año;Defunciones;Canarias;16
2003;Total;Menor de 1 año;Defunciones;Tenerife;42
2003;Total;Menor de 1 año;Defunciones;Lanzarote;3
2003;Total;Menor de 1 año;Defunciones;La Palma;3
2003;Total;Menor de 1 año;Defunciones;La Gomera;0
2003;Total;Menor de 1 año;Defunciones;Gran Canaria;45
2003;Total;Menor de 1 año;Defunciones;Fuerteventura;1
2003;Total;Menor de 1 año;Defunciones;El Hierro;0
2003;Total;Menor de 1 año;Defunciones;Canarias;94
2003;Total;95 años o más;Defunciones;Tenerife;200
2003;Total;95 años o más;Defunciones;Lanzarote;18
2003;Total;95 años o más;Defunciones;La Palma;36
2003;Total;95 años o más;Defunciones;La Gomera;10
2003;Total;95 años o más;Defunciones;Gran Canaria;166
2003;Total;95 años o más;Defunciones;Fuerteventura;11
2003;Total;95 años o más;Defunciones;El Hierro;5
2003;Total;95 años o más;Defunciones;Canarias;446
2003;Total;De 85 a 94 años;Defunciones;Tenerife;1212
2003;Total;De 85 a 94 años;Defunciones;Lanzarote;121
2003;Total;De 85 a 94 años;Defunciones;La Palma;200
2003;Total;De 85 a 94 años;Defunciones;La Gomera;48
2003;Total;De 85 a 94 años;Defunciones;Gran Canaria;1103
2003;Total;De 85 a 94 años;Defunciones;Fuerteventura;51
2003;Total;De 85 a 94 años;Defunciones;El Hierro;38
2003;Total;De 85 a 94 años;Defunciones;Canarias;2773
2003;Total;De 75 a 84 años;Defunciones;Tenerife;1504
2003;Total;De 75 a 84 años;Defunciones;Lanzarote;114
2003;Total;De 75 a 84 años;Defunciones;La Palma;193
2003;Total;De 75 a 84 años;Defunciones;La Gomera;43
2003;Total;De 75 a 84 años;Defunciones;Gran Canaria;1482
2003;Total;De 75 a 84 años;Defunciones;Fuerteventura;77
2003;Total;De 75 a 84 años;Defunciones;El Hierro;20
2003;Total;De 75 a 84 años;Defunciones;Canarias;3433
2003;Total;De 65 a 74 años;Defunciones;Tenerife;1177
2003;Total;De 65 a 74 años;Defunciones;Lanzarote;100
2003;Total;De 65 a 74 años;Defunciones;La Palma;112
2003;Total;De 65 a 74 años;Defunciones;La Gomera;31
2003;Total;De 65 a 74 años;Defunciones;Gran Canaria;1152
2003;Total;De 65 a 74 años;Defunciones;Fuerteventura;52
2003;Total;De 65 a 74 años;Defunciones;El Hierro;14
2003;Total;De 65 a 74 años;Defunciones;Canarias;2638
2003;Total;De 5 a 14 años;Defunciones;Tenerife;14
2003;Total;De 5 a 14 años;Defunciones;Lanzarote;1
2003;Total;De 5 a 14 años;Defunciones;La Palma;1
2003;Total;De 5 a 14 años;Defunciones;La Gomera;0
2003;Total;De 5 a 14 años;Defunciones;Gran Canaria;13
2003;Total;De 5 a 14 años;Defunciones;Fuerteventura;4
2003;Total;De 5 a 14 años;Defunciones;El Hierro;0
2003;Total;De 5 a 14 años;Defunciones;Canarias;33
2003;Total;De 55 a 64 años;Defunciones;Tenerife;579
2003;Total;De 55 a 64 años;Defunciones;Lanzarote;76
2003;Total;De 55 a 64 años;Defunciones;La Palma;54
2003;Total;De 55 a 64 años;Defunciones;La Gomera;7
2003;Total;De 55 a 64 años;Defunciones;Gran Canaria;546
2003;Total;De 55 a 64 años;Defunciones;Fuerteventura;45
2003;Total;De 55 a 64 años;Defunciones;El Hierro;5
2003;Total;De 55 a 64 años;Defunciones;Canarias;1312
2003;Total;De 45 a 54 años;Defunciones;Tenerife;300
2003;Total;De 45 a 54 años;Defunciones;Lanzarote;44
2003;Total;De 45 a 54 años;Defunciones;La Palma;34
2003;Total;De 45 a 54 años;Defunciones;La Gomera;7
2003;Total;De 45 a 54 años;Defunciones;Gran Canaria;350
2003;Total;De 45 a 54 años;Defunciones;Fuerteventura;34
2003;Total;De 45 a 54 años;Defunciones;El Hierro;6
2003;Total;De 45 a 54 años;Defunciones;Canarias;775
2003;Total;De 35 a 44 años;Defunciones;Tenerife;177
2003;Total;De 35 a 44 años;Defunciones;Lanzarote;34
2003;Total;De 35 a 44 años;Defunciones;La Palma;18
2003;Total;De 35 a 44 años;Defunciones;La Gomera;4
2003;Total;De 35 a 44 años;Defunciones;Gran Canaria;174
2003;Total;De 35 a 44 años;Defunciones;Fuerteventura;22
2003;Total;De 35 a 44 años;Defunciones;El Hierro;2
2003;Total;De 35 a 44 años;Defunciones;Canarias;431
2003;Total;De 25 a 34 años;Defunciones;Tenerife;95
2003;Total;De 25 a 34 años;Defunciones;Lanzarote;15
2003;Total;De 25 a 34 años;Defunciones;La Palma;12
2003;Total;De 25 a 34 años;Defunciones;La Gomera;2
2003;Total;De 25 a 34 años;Defunciones;Gran Canaria;110
2003;Total;De 25 a 34 años;Defunciones;Fuerteventura;27
2003;Total;De 25 a 34 años;Defunciones;El Hierro;0
2003;Total;De 25 a 34 años;Defunciones;Canarias;261
2003;Total;De 1 a 4 años;Defunciones;Tenerife;13
2003;Total;De 1 a 4 años;Defunciones;Lanzarote;2
2003;Total;De 1 a 4 años;Defunciones;La Palma;1
2003;Total;De 1 a 4 años;Defunciones;La Gomera;0
2003;Total;De 1 a 4 años;Defunciones;Gran Canaria;11
2003;Total;De 1 a 4 años;Defunciones;Fuerteventura;2
2003;Total;De 1 a 4 años;Defunciones;El Hierro;0
2003;Total;De 1 a 4 años;Defunciones;Canarias;29
2003;Total;De 15 a 24 años;Defunciones;Tenerife;38
2003;Total;De 15 a 24 años;Defunciones;Lanzarote;10
2003;Total;De 15 a 24 años;Defunciones;La Palma;4
2003;Total;De 15 a 24 años;Defunciones;La Gomera;1
2003;Total;De 15 a 24 años;Defunciones;Gran Canaria;49
2003;Total;De 15 a 24 años;Defunciones;Fuerteventura;13
2003;Total;De 15 a 24 años;Defunciones;El Hierro;1
2003;Total;De 15 a 24 años;Defunciones;Canarias;116
2003;Total;Total;Defunciones;Tenerife;5351
2003;Total;Total;Defunciones;Lanzarote;538
2003;Total;Total;Defunciones;La Palma;668
2003;Total;Total;Defunciones;La Gomera;153
2003;Total;Total;Defunciones;Gran Canaria;5201
2003;Total;Total;Defunciones;Fuerteventura;339
2003;Total;Total;Defunciones;El Hierro;91
2003;Total;Total;Defunciones;Canarias;12341
2003;Total;Menos de 7 días;Defunciones;Tenerife;13
2003;Total;Menos de 7 días;Defunciones;Lanzarote;0
2003;Total;Menos de 7 días;Defunciones;La Palma;1
2003;Total;Menos de 7 días;Defunciones;La Gomera;0
2003;Total;Menos de 7 días;Defunciones;Gran Canaria;17
2003;Total;Menos de 7 días;Defunciones;Fuerteventura;0
2003;Total;Menos de 7 días;Defunciones;El Hierro;0
2003;Total;Menos de 7 días;Defunciones;Canarias;31
2003;Total;De 7 a 27 días;Defunciones;Tenerife;17
2003;Total;De 7 a 27 días;Defunciones;Lanzarote;0
2003;Total;De 7 a 27 días;Defunciones;La Palma;1
2003;Total;De 7 a 27 días;Defunciones;La Gomera;0
2003;Total;De 7 a 27 días;Defunciones;Gran Canaria;10
2003;Total;De 7 a 27 días;Defunciones;Fuerteventura;0
2003;Total;De 7 a 27 días;Defunciones;El Hierro;0
2003;Total;De 7 a 27 días;Defunciones;Canarias;28
2003;Total;De 28 días a menos de 1 año;Defunciones;Tenerife;12
2003;Total;De 28 días a menos de 1 año;Defunciones;Lanzarote;3
2003;Total;De 28 días a menos de 1 año;Defunciones;La Palma;1
2003;Total;De 28 días a menos de 1 año;Defunciones;La Gomera;0
2003;Total;De 28 días a menos de 1 año;Defunciones;Gran Canaria;18
2003;Total;De 28 días a menos de 1 año;Defunciones;Fuerteventura;1
2003;Total;De 28 días a menos de 1 año;Defunciones;El Hierro;0
2003;Total;De 28 días a menos de 1 año;Defunciones;Canarias;35
2003;Hombres;Menor de 1 año;Defunciones;Tenerife;20
2003;Hombres;Menor de 1 año;Defunciones;Lanzarote;2
2003;Hombres;Menor de 1 año;Defunciones;La Palma;3
2003;Hombres;Menor de 1 año;Defunciones;La Gomera;0
2003;Hombres;Menor de 1 año;Defunciones;Gran Canaria;22
2003;Hombres;Menor de 1 año;Defunciones;Fuerteventura;0
2003;Hombres;Menor de 1 año;Defunciones;El Hierro;0
2003;Hombres;Menor de 1 año;Defunciones;Canarias;47
2003;Hombres;95 años o más;Defunciones;Tenerife;57
2003;Hombres;95 años o más;Defunciones;Lanzarote;4
2003;Hombres;95 años o más;Defunciones;La Palma;10
2003;Hombres;95 años o más;Defunciones;La Gomera;1
2003;Hombres;95 años o más;Defunciones;Gran Canaria;45
2003;Hombres;95 años o más;Defunciones;Fuerteventura;3
2003;Hombres;95 años o más;Defunciones;El Hierro;1
2003;Hombres;95 años o más;Defunciones;Canarias;121
2003;Hombres;De 85 a 94 años;Defunciones;Tenerife;447
2003;Hombres;De 85 a 94 años;Defunciones;Lanzarote;60
2003;Hombres;De 85 a 94 años;Defunciones;La Palma;78
2003;Hombres;De 85 a 94 años;Defunciones;La Gomera;24
2003;Hombres;De 85 a 94 años;Defunciones;Gran Canaria;417
2003;Hombres;De 85 a 94 años;Defunciones;Fuerteventura;25
2003;Hombres;De 85 a 94 años;Defunciones;El Hierro;20
2003;Hombres;De 85 a 94 años;Defunciones;Canarias;1071
2003;Hombres;De 75 a 84 años;Defunciones;Tenerife;802
2003;Hombres;De 75 a 84 años;Defunciones;Lanzarote;73
2003;Hombres;De 75 a 84 años;Defunciones;La Palma;108
2003;Hombres;De 75 a 84 años;Defunciones;La Gomera;17
2003;Hombres;De 75 a 84 años;Defunciones;Gran Canaria;790
2003;Hombres;De 75 a 84 años;Defunciones;Fuerteventura;46
2003;Hombres;De 75 a 84 años;Defunciones;El Hierro;15
2003;Hombres;De 75 a 84 años;Defunciones;Canarias;1851
2003;Hombres;De 65 a 74 años;Defunciones;Tenerife;768
2003;Hombres;De 65 a 74 años;Defunciones;Lanzarote;64
2003;Hombres;De 65 a 74 años;Defunciones;La Palma;76
2003;Hombres;De 65 a 74 años;Defunciones;La Gomera;21
2003;Hombres;De 65 a 74 años;Defunciones;Gran Canaria;717
2003;Hombres;De 65 a 74 años;Defunciones;Fuerteventura;35
2003;Hombres;De 65 a 74 años;Defunciones;El Hierro;7
2003;Hombres;De 65 a 74 años;Defunciones;Canarias;1688
2003;Hombres;De 5 a 14 años;Defunciones;Tenerife;7
2003;Hombres;De 5 a 14 años;Defunciones;Lanzarote;1
2003;Hombres;De 5 a 14 años;Defunciones;La Palma;1
2003;Hombres;De 5 a 14 años;Defunciones;La Gomera;0
2003;Hombres;De 5 a 14 años;Defunciones;Gran Canaria;6
2003;Hombres;De 5 a 14 años;Defunciones;Fuerteventura;4
2003;Hombres;De 5 a 14 años;Defunciones;El Hierro;0
2003;Hombres;De 5 a 14 años;Defunciones;Canarias;19
2003;Hombres;De 55 a 64 años;Defunciones;Tenerife;396
2003;Hombres;De 55 a 64 años;Defunciones;Lanzarote;57
2003;Hombres;De 55 a 64 años;Defunciones;La Palma;34
2003;Hombres;De 55 a 64 años;Defunciones;La Gomera;5
2003;Hombres;De 55 a 64 años;Defunciones;Gran Canaria;396
2003;Hombres;De 55 a 64 años;Defunciones;Fuerteventura;34
2003;Hombres;De 55 a 64 años;Defunciones;El Hierro;5
2003;Hombres;De 55 a 64 años;Defunciones;Canarias;927
2003;Hombres;De 45 a 54 años;Defunciones;Tenerife;214
2003;Hombres;De 45 a 54 años;Defunciones;Lanzarote;29
2003;Hombres;De 45 a 54 años;Defunciones;La Palma;25
2003;Hombres;De 45 a 54 años;Defunciones;La Gomera;6
2003;Hombres;De 45 a 54 años;Defunciones;Gran Canaria;259
2003;Hombres;De 45 a 54 años;Defunciones;Fuerteventura;27
2003;Hombres;De 45 a 54 años;Defunciones;El Hierro;5
2003;Hombres;De 45 a 54 años;Defunciones;Canarias;565
2003;Hombres;De 35 a 44 años;Defunciones;Tenerife;119
2003;Hombres;De 35 a 44 años;Defunciones;Lanzarote;25
2003;Hombres;De 35 a 44 años;Defunciones;La Palma;15
2003;Hombres;De 35 a 44 años;Defunciones;La Gomera;4
2003;Hombres;De 35 a 44 años;Defunciones;Gran Canaria;123
2003;Hombres;De 35 a 44 años;Defunciones;Fuerteventura;18
2003;Hombres;De 35 a 44 años;Defunciones;El Hierro;1
2003;Hombres;De 35 a 44 años;Defunciones;Canarias;305
2003;Hombres;De 25 a 34 años;Defunciones;Tenerife;57
2003;Hombres;De 25 a 34 años;Defunciones;Lanzarote;10
2003;Hombres;De 25 a 34 años;Defunciones;La Palma;9
2003;Hombres;De 25 a 34 años;Defunciones;La Gomera;2
2003;Hombres;De 25 a 34 años;Defunciones;Gran Canaria;77
2003;Hombres;De 25 a 34 años;Defunciones;Fuerteventura;21
2003;Hombres;De 25 a 34 años;Defunciones;El Hierro;0
2003;Hombres;De 25 a 34 años;Defunciones;Canarias;176
2003;Hombres;De 1 a 4 años;Defunciones;Tenerife;6
2003;Hombres;De 1 a 4 años;Defunciones;Lanzarote;1
2003;Hombres;De 1 a 4 años;Defunciones;La Palma;1
2003;Hombres;De 1 a 4 años;Defunciones;La Gomera;0
2003;Hombres;De 1 a 4 años;Defunciones;Gran Canaria;7
2003;Hombres;De 1 a 4 años;Defunciones;Fuerteventura;0
2003;Hombres;De 1 a 4 años;Defunciones;El Hierro;0
2003;Hombres;De 1 a 4 años;Defunciones;Canarias;15
2003;Hombres;De 15 a 24 años;Defunciones;Tenerife;29
2003;Hombres;De 15 a 24 años;Defunciones;Lanzarote;9
2003;Hombres;De 15 a 24 años;Defunciones;La Palma;3
2003;Hombres;De 15 a 24 años;Defunciones;La Gomera;1
2003;Hombres;De 15 a 24 años;Defunciones;Gran Canaria;33
2003;Hombres;De 15 a 24 años;Defunciones;Fuerteventura;11
2003;Hombres;De 15 a 24 años;Defunciones;El Hierro;0
2003;Hombres;De 15 a 24 años;Defunciones;Canarias;86
2003;Hombres;Total;Defunciones;Tenerife;2922
2003;Hombres;Total;Defunciones;Lanzarote;335
2003;Hombres;Total;Defunciones;La Palma;363
2003;Hombres;Total;Defunciones;La Gomera;81
2003;Hombres;Total;Defunciones;Gran Canaria;2892
2003;Hombres;Total;Defunciones;Fuerteventura;224
2003;Hombres;Total;Defunciones;El Hierro;54
2003;Hombres;Total;Defunciones;Canarias;6871
2003;Hombres;Menos de 7 días;Defunciones;Tenerife;4
2003;Hombres;Menos de 7 días;Defunciones;Lanzarote;0
2003;Hombres;Menos de 7 días;Defunciones;La Palma;1
2003;Hombres;Menos de 7 días;Defunciones;La Gomera;0
2003;Hombres;Menos de 7 días;Defunciones;Gran Canaria;8
2003;Hombres;Menos de 7 días;Defunciones;Fuerteventura;0
2003;Hombres;Menos de 7 días;Defunciones;El Hierro;0
2003;Hombres;Menos de 7 días;Defunciones;Canarias;13
2003;Hombres;De 7 a 27 días;Defunciones;Tenerife;10
2003;Hombres;De 7 a 27 días;Defunciones;Lanzarote;0
2003;Hombres;De 7 a 27 días;Defunciones;La Palma;1
2003;Hombres;De 7 a 27 días;Defunciones;La Gomera;0
2003;Hombres;De 7 a 27 días;Defunciones;Gran Canaria;8
2003;Hombres;De 7 a 27 días;Defunciones;Fuerteventura;0
2003;Hombres;De 7 a 27 días;Defunciones;El Hierro;0
2003;Hombres;De 7 a 27 días;Defunciones;Canarias;19
2003;Hombres;De 28 días a menos de 1 año;Defunciones;Tenerife;6
2003;Hombres;De 28 días a menos de 1 año;Defunciones;Lanzarote;2
2003;Hombres;De 28 días a menos de 1 año;Defunciones;La Palma;1
2003;Hombres;De 28 días a menos de 1 año;Defunciones;La Gomera;0
2003;Hombres;De 28 días a menos de 1 año;Defunciones;Gran Canaria;6
2003;Hombres;De 28 días a menos de 1 año;Defunciones;Fuerteventura;0
2003;Hombres;De 28 días a menos de 1 año;Defunciones;El Hierro;0
2003;Hombres;De 28 días a menos de 1 año;Defunciones;Canarias;15
2003;Mujeres;Menor de 1 año;Defunciones;Tenerife;22
2003;Mujeres;Menor de 1 año;Defunciones;Lanzarote;1
2003;Mujeres;Menor de 1 año;Defunciones;La Palma;0
2003;Mujeres;Menor de 1 año;Defunciones;La Gomera;0
2003;Mujeres;Menor de 1 año;Defunciones;Gran Canaria;23
2003;Mujeres;Menor de 1 año;Defunciones;Fuerteventura;1
2003;Mujeres;Menor de 1 año;Defunciones;El Hierro;0
2003;Mujeres;Menor de 1 año;Defunciones;Canarias;47
2003;Mujeres;95 años o más;Defunciones;Tenerife;143
2003;Mujeres;95 años o más;Defunciones;Lanzarote;14
2003;Mujeres;95 años o más;Defunciones;La Palma;26
2003;Mujeres;95 años o más;Defunciones;La Gomera;9
2003;Mujeres;95 años o más;Defunciones;Gran Canaria;121
2003;Mujeres;95 años o más;Defunciones;Fuerteventura;8
2003;Mujeres;95 años o más;Defunciones;El Hierro;4
2003;Mujeres;95 años o más;Defunciones;Canarias;325
2003;Mujeres;De 85 a 94 años;Defunciones;Tenerife;765
2003;Mujeres;De 85 a 94 años;Defunciones;Lanzarote;61
2003;Mujeres;De 85 a 94 años;Defunciones;La Palma;122
2003;Mujeres;De 85 a 94 años;Defunciones;La Gomera;24
2003;Mujeres;De 85 a 94 años;Defunciones;Gran Canaria;686
2003;Mujeres;De 85 a 94 años;Defunciones;Fuerteventura;26
2003;Mujeres;De 85 a 94 años;Defunciones;El Hierro;18
2003;Mujeres;De 85 a 94 años;Defunciones;Canarias;1702
2003;Mujeres;De 75 a 84 años;Defunciones;Tenerife;702
2003;Mujeres;De 75 a 84 años;Defunciones;Lanzarote;41
2003;Mujeres;De 75 a 84 años;Defunciones;La Palma;85
2003;Mujeres;De 75 a 84 años;Defunciones;La Gomera;26
2003;Mujeres;De 75 a 84 años;Defunciones;Gran Canaria;692
2003;Mujeres;De 75 a 84 años;Defunciones;Fuerteventura;31
2003;Mujeres;De 75 a 84 años;Defunciones;El Hierro;5
2003;Mujeres;De 75 a 84 años;Defunciones;Canarias;1582
2003;Mujeres;De 65 a 74 años;Defunciones;Tenerife;409
2003;Mujeres;De 65 a 74 años;Defunciones;Lanzarote;36
2003;Mujeres;De 65 a 74 años;Defunciones;La Palma;36
2003;Mujeres;De 65 a 74 años;Defunciones;La Gomera;10
2003;Mujeres;De 65 a 74 años;Defunciones;Gran Canaria;435
2003;Mujeres;De 65 a 74 años;Defunciones;Fuerteventura;17
2003;Mujeres;De 65 a 74 años;Defunciones;El Hierro;7
2003;Mujeres;De 65 a 74 años;Defunciones;Canarias;950
2003;Mujeres;De 5 a 14 años;Defunciones;Tenerife;7
2003;Mujeres;De 5 a 14 años;Defunciones;Lanzarote;0
2003;Mujeres;De 5 a 14 años;Defunciones;La Palma;0
2003;Mujeres;De 5 a 14 años;Defunciones;La Gomera;0
2003;Mujeres;De 5 a 14 años;Defunciones;Gran Canaria;7
2003;Mujeres;De 5 a 14 años;Defunciones;Fuerteventura;0
2003;Mujeres;De 5 a 14 años;Defunciones;El Hierro;0
2003;Mujeres;De 5 a 14 años;Defunciones;Canarias;14
2003;Mujeres;De 55 a 64 años;Defunciones;Tenerife;183
2003;Mujeres;De 55 a 64 años;Defunciones;Lanzarote;19
2003;Mujeres;De 55 a 64 años;Defunciones;La Palma;20
2003;Mujeres;De 55 a 64 años;Defunciones;La Gomera;2
2003;Mujeres;De 55 a 64 años;Defunciones;Gran Canaria;150
2003;Mujeres;De 55 a 64 años;Defunciones;Fuerteventura;11
2003;Mujeres;De 55 a 64 años;Defunciones;El Hierro;0
2003;Mujeres;De 55 a 64 años;Defunciones;Canarias;385
2003;Mujeres;De 45 a 54 años;Defunciones;Tenerife;86
2003;Mujeres;De 45 a 54 años;Defunciones;Lanzarote;15
2003;Mujeres;De 45 a 54 años;Defunciones;La Palma;9
2003;Mujeres;De 45 a 54 años;Defunciones;La Gomera;1
2003;Mujeres;De 45 a 54 años;Defunciones;Gran Canaria;91
2003;Mujeres;De 45 a 54 años;Defunciones;Fuerteventura;7
2003;Mujeres;De 45 a 54 años;Defunciones;El Hierro;1
2003;Mujeres;De 45 a 54 años;Defunciones;Canarias;210
2003;Mujeres;De 35 a 44 años;Defunciones;Tenerife;58
2003;Mujeres;De 35 a 44 años;Defunciones;Lanzarote;9
2003;Mujeres;De 35 a 44 años;Defunciones;La Palma;3
2003;Mujeres;De 35 a 44 años;Defunciones;La Gomera;0
2003;Mujeres;De 35 a 44 años;Defunciones;Gran Canaria;51
2003;Mujeres;De 35 a 44 años;Defunciones;Fuerteventura;4
2003;Mujeres;De 35 a 44 años;Defunciones;El Hierro;1
2003;Mujeres;De 35 a 44 años;Defunciones;Canarias;126
2003;Mujeres;De 25 a 34 años;Defunciones;Tenerife;38
2003;Mujeres;De 25 a 34 años;Defunciones;Lanzarote;5
2003;Mujeres;De 25 a 34 años;Defunciones;La Palma;3
2003;Mujeres;De 25 a 34 años;Defunciones;La Gomera;0
2003;Mujeres;De 25 a 34 años;Defunciones;Gran Canaria;33
2003;Mujeres;De 25 a 34 años;Defunciones;Fuerteventura;6
2003;Mujeres;De 25 a 34 años;Defunciones;El Hierro;0
2003;Mujeres;De 25 a 34 años;Defunciones;Canarias;85
2003;Mujeres;De 1 a 4 años;Defunciones;Tenerife;7
2003;Mujeres;De 1 a 4 años;Defunciones;Lanzarote;1
2003;Mujeres;De 1 a 4 años;Defunciones;La Palma;0
2003;Mujeres;De 1 a 4 años;Defunciones;La Gomera;0
2003;Mujeres;De 1 a 4 años;Defunciones;Gran Canaria;4
2003;Mujeres;De 1 a 4 años;Defunciones;Fuerteventura;2
2003;Mujeres;De 1 a 4 años;Defunciones;El Hierro;0
2003;Mujeres;De 1 a 4 años;Defunciones;Canarias;14
2003;Mujeres;De 15 a 24 años;Defunciones;Tenerife;9
2003;Mujeres;De 15 a 24 años;Defunciones;Lanzarote;1
2003;Mujeres;De 15 a 24 años;Defunciones;La Palma;1
2003;Mujeres;De 15 a 24 años;Defunciones;La Gomera;0
2003;Mujeres;De 15 a 24 años;Defunciones;Gran Canaria;16
2003;Mujeres;De 15 a 24 años;Defunciones;Fuerteventura;2
2003;Mujeres;De 15 a 24 años;Defunciones;El Hierro;1
2003;Mujeres;De 15 a 24 años;Defunciones;Canarias;30
2003;Mujeres;Total;Defunciones;Tenerife;2429
2003;Mujeres;Total;Defunciones;Lanzarote;203
2003;Mujeres;Total;Defunciones;La Palma;305
2003;Mujeres;Total;Defunciones;La Gomera;72
2003;Mujeres;Total;Defunciones;Gran Canaria;2309
2003;Mujeres;Total;Defunciones;Fuerteventura;115
2003;Mujeres;Total;Defunciones;El Hierro;37
2003;Mujeres;Total;Defunciones;Canarias;5470
2003;Mujeres;Menos de 7 días;Defunciones;Tenerife;9
2003;Mujeres;Menos de 7 días;Defunciones;Lanzarote;0
2003;Mujeres;Menos de 7 días;Defunciones;La Palma;0
2003;Mujeres;Menos de 7 días;Defunciones;La Gomera;0
2003;Mujeres;Menos de 7 días;Defunciones;Gran Canaria;9
2003;Mujeres;Menos de 7 días;Defunciones;Fuerteventura;0
2003;Mujeres;Menos de 7 días;Defunciones;El Hierro;0
2003;Mujeres;Menos de 7 días;Defunciones;Canarias;18
2003;Mujeres;De 7 a 27 días;Defunciones;Tenerife;7
2003;Mujeres;De 7 a 27 días;Defunciones;Lanzarote;0
2003;Mujeres;De 7 a 27 días;Defunciones;La Palma;0
2003;Mujeres;De 7 a 27 días;Defunciones;La Gomera;0
2003;Mujeres;De 7 a 27 días;Defunciones;Gran Canaria;2
2003;Mujeres;De 7 a 27 días;Defunciones;Fuerteventura;0
2003;Mujeres;De 7 a 27 días;Defunciones;El Hierro;0
2003;Mujeres;De 7 a 27 días;Defunciones;Canarias;9
2003;Mujeres;De 28 días a menos de 1 año;Defunciones;Tenerife;6
2003;Mujeres;De 28 días a menos de 1 año;Defunciones;Lanzarote;1
2003;Mujeres;De 28 días a menos de 1 año;Defunciones;La Palma;0
2003;Mujeres;De 28 días a menos de 1 año;Defunciones;La Gomera;0
2003;Mujeres;De 28 días a menos de 1 año;Defunciones;Gran Canaria;12
2003;Mujeres;De 28 días a menos de 1 año;Defunciones;Fuerteventura;1
2003;Mujeres;De 28 días a menos de 1 año;Defunciones;El Hierro;0
2003;Mujeres;De 28 días a menos de 1 año;Defunciones;Canarias;20
2004;Total;Menor de 1 año;Defunciones;Tenerife;57
2004;Total;Menor de 1 año;Defunciones;Lanzarote;4
2004;Total;Menor de 1 año;Defunciones;La Palma;3
2004;Total;Menor de 1 año;Defunciones;La Gomera;0
2004;Total;Menor de 1 año;Defunciones;Gran Canaria;47
2004;Total;Menor de 1 año;Defunciones;Fuerteventura;4
2004;Total;Menor de 1 año;Defunciones;El Hierro;2
2004;Total;Menor de 1 año;Defunciones;Canarias;117
2004;Total;95 años o más;Defunciones;Tenerife;169
2004;Total;95 años o más;Defunciones;Lanzarote;17
2004;Total;95 años o más;Defunciones;La Palma;41
2004;Total;95 años o más;Defunciones;La Gomera;9
2004;Total;95 años o más;Defunciones;Gran Canaria;167
2004;Total;95 años o más;Defunciones;Fuerteventura;9
2004;Total;95 años o más;Defunciones;El Hierro;7
2004;Total;95 años o más;Defunciones;Canarias;419
2004;Total;De 85 a 94 años;Defunciones;Tenerife;1209
2004;Total;De 85 a 94 años;Defunciones;Lanzarote;95
2004;Total;De 85 a 94 años;Defunciones;La Palma;190
2004;Total;De 85 a 94 años;Defunciones;La Gomera;43
2004;Total;De 85 a 94 años;Defunciones;Gran Canaria;1164
2004;Total;De 85 a 94 años;Defunciones;Fuerteventura;19
2004;Total;De 85 a 94 años;Defunciones;El Hierro;19
2004;Total;De 85 a 94 años;Defunciones;Canarias;2739
2004;Total;De 75 a 84 años;Defunciones;Tenerife;1655
2004;Total;De 75 a 84 años;Defunciones;Lanzarote;124
2004;Total;De 75 a 84 años;Defunciones;La Palma;227
2004;Total;De 75 a 84 años;Defunciones;La Gomera;46
2004;Total;De 75 a 84 años;Defunciones;Gran Canaria;1477
2004;Total;De 75 a 84 años;Defunciones;Fuerteventura;36
2004;Total;De 75 a 84 años;Defunciones;El Hierro;37
2004;Total;De 75 a 84 años;Defunciones;Canarias;3602
2004;Total;De 65 a 74 años;Defunciones;Tenerife;1119
2004;Total;De 65 a 74 años;Defunciones;Lanzarote;89
2004;Total;De 65 a 74 años;Defunciones;La Palma;111
2004;Total;De 65 a 74 años;Defunciones;La Gomera;35
2004;Total;De 65 a 74 años;Defunciones;Gran Canaria;1179
2004;Total;De 65 a 74 años;Defunciones;Fuerteventura;40
2004;Total;De 65 a 74 años;Defunciones;El Hierro;14
2004;Total;De 65 a 74 años;Defunciones;Canarias;2587
2004;Total;De 5 a 14 años;Defunciones;Tenerife;9
2004;Total;De 5 a 14 años;Defunciones;Lanzarote;0
2004;Total;De 5 a 14 años;Defunciones;La Palma;0
2004;Total;De 5 a 14 años;Defunciones;La Gomera;0
2004;Total;De 5 a 14 años;Defunciones;Gran Canaria;9
2004;Total;De 5 a 14 años;Defunciones;Fuerteventura;2
2004;Total;De 5 a 14 años;Defunciones;El Hierro;0
2004;Total;De 5 a 14 años;Defunciones;Canarias;20
2004;Total;De 55 a 64 años;Defunciones;Tenerife;585
2004;Total;De 55 a 64 años;Defunciones;Lanzarote;69
2004;Total;De 55 a 64 años;Defunciones;La Palma;56
2004;Total;De 55 a 64 años;Defunciones;La Gomera;18
2004;Total;De 55 a 64 años;Defunciones;Gran Canaria;597
2004;Total;De 55 a 64 años;Defunciones;Fuerteventura;17
2004;Total;De 55 a 64 años;Defunciones;El Hierro;8
2004;Total;De 55 a 64 años;Defunciones;Canarias;1350
2004;Total;De 45 a 54 años;Defunciones;Tenerife;321
2004;Total;De 45 a 54 años;Defunciones;Lanzarote;56
2004;Total;De 45 a 54 años;Defunciones;La Palma;33
2004;Total;De 45 a 54 años;Defunciones;La Gomera;9
2004;Total;De 45 a 54 años;Defunciones;Gran Canaria;368
2004;Total;De 45 a 54 años;Defunciones;Fuerteventura;26
2004;Total;De 45 a 54 años;Defunciones;El Hierro;6
2004;Total;De 45 a 54 años;Defunciones;Canarias;819
2004;Total;De 35 a 44 años;Defunciones;Tenerife;195
2004;Total;De 35 a 44 años;Defunciones;Lanzarote;27
2004;Total;De 35 a 44 años;Defunciones;La Palma;20
2004;Total;De 35 a 44 años;Defunciones;La Gomera;8
2004;Total;De 35 a 44 años;Defunciones;Gran Canaria;206
2004;Total;De 35 a 44 años;Defunciones;Fuerteventura;16
2004;Total;De 35 a 44 años;Defunciones;El Hierro;3
2004;Total;De 35 a 44 años;Defunciones;Canarias;475
2004;Total;De 25 a 34 años;Defunciones;Tenerife;80
2004;Total;De 25 a 34 años;Defunciones;Lanzarote;14
2004;Total;De 25 a 34 años;Defunciones;La Palma;14
2004;Total;De 25 a 34 años;Defunciones;La Gomera;1
2004;Total;De 25 a 34 años;Defunciones;Gran Canaria;107
2004;Total;De 25 a 34 años;Defunciones;Fuerteventura;8
2004;Total;De 25 a 34 años;Defunciones;El Hierro;2
2004;Total;De 25 a 34 años;Defunciones;Canarias;226
2004;Total;De 1 a 4 años;Defunciones;Tenerife;8
2004;Total;De 1 a 4 años;Defunciones;Lanzarote;0
2004;Total;De 1 a 4 años;Defunciones;La Palma;1
2004;Total;De 1 a 4 años;Defunciones;La Gomera;0
2004;Total;De 1 a 4 años;Defunciones;Gran Canaria;5
2004;Total;De 1 a 4 años;Defunciones;Fuerteventura;1
2004;Total;De 1 a 4 años;Defunciones;El Hierro;0
2004;Total;De 1 a 4 años;Defunciones;Canarias;15
2004;Total;De 15 a 24 años;Defunciones;Tenerife;59
2004;Total;De 15 a 24 años;Defunciones;Lanzarote;12
2004;Total;De 15 a 24 años;Defunciones;La Palma;9
2004;Total;De 15 a 24 años;Defunciones;La Gomera;1
2004;Total;De 15 a 24 años;Defunciones;Gran Canaria;60
2004;Total;De 15 a 24 años;Defunciones;Fuerteventura;6
2004;Total;De 15 a 24 años;Defunciones;El Hierro;1
2004;Total;De 15 a 24 años;Defunciones;Canarias;148
2004;Total;Total;Defunciones;Tenerife;5466
2004;Total;Total;Defunciones;Lanzarote;507
2004;Total;Total;Defunciones;La Palma;705
2004;Total;Total;Defunciones;La Gomera;170
2004;Total;Total;Defunciones;Gran Canaria;5386
2004;Total;Total;Defunciones;Fuerteventura;184
2004;Total;Total;Defunciones;El Hierro;99
2004;Total;Total;Defunciones;Canarias;12517
2004;Total;Menos de 7 días;Defunciones;Tenerife;28
2004;Total;Menos de 7 días;Defunciones;Lanzarote;0
2004;Total;Menos de 7 días;Defunciones;La Palma;1
2004;Total;Menos de 7 días;Defunciones;La Gomera;0
2004;Total;Menos de 7 días;Defunciones;Gran Canaria;12
2004;Total;Menos de 7 días;Defunciones;Fuerteventura;3
2004;Total;Menos de 7 días;Defunciones;El Hierro;1
2004;Total;Menos de 7 días;Defunciones;Canarias;45
2004;Total;De 7 a 27 días;Defunciones;Tenerife;10
2004;Total;De 7 a 27 días;Defunciones;Lanzarote;2
2004;Total;De 7 a 27 días;Defunciones;La Palma;1
2004;Total;De 7 a 27 días;Defunciones;La Gomera;0
2004;Total;De 7 a 27 días;Defunciones;Gran Canaria;10
2004;Total;De 7 a 27 días;Defunciones;Fuerteventura;0
2004;Total;De 7 a 27 días;Defunciones;El Hierro;0
2004;Total;De 7 a 27 días;Defunciones;Canarias;23
2004;Total;De 28 días a menos de 1 año;Defunciones;Tenerife;19
2004;Total;De 28 días a menos de 1 año;Defunciones;Lanzarote;2
2004;Total;De 28 días a menos de 1 año;Defunciones;La Palma;1
2004;Total;De 28 días a menos de 1 año;Defunciones;La Gomera;0
2004;Total;De 28 días a menos de 1 año;Defunciones;Gran Canaria;25
2004;Total;De 28 días a menos de 1 año;Defunciones;Fuerteventura;1
2004;Total;De 28 días a menos de 1 año;Defunciones;El Hierro;1
2004;Total;De 28 días a menos de 1 año;Defunciones;Canarias;49
2004;Hombres;Menor de 1 año;Defunciones;Tenerife;32
2004;Hombres;Menor de 1 año;Defunciones;Lanzarote;4
2004;Hombres;Menor de 1 año;Defunciones;La Palma;1
2004;Hombres;Menor de 1 año;Defunciones;La Gomera;0
2004;Hombres;Menor de 1 año;Defunciones;Gran Canaria;26
2004;Hombres;Menor de 1 año;Defunciones;Fuerteventura;3
2004;Hombres;Menor de 1 año;Defunciones;El Hierro;1
2004;Hombres;Menor de 1 año;Defunciones;Canarias;67
2004;Hombres;95 años o más;Defunciones;Tenerife;39
2004;Hombres;95 años o más;Defunciones;Lanzarote;6
2004;Hombres;95 años o más;Defunciones;La Palma;15
2004;Hombres;95 años o más;Defunciones;La Gomera;3
2004;Hombres;95 años o más;Defunciones;Gran Canaria;53
2004;Hombres;95 años o más;Defunciones;Fuerteventura;6
2004;Hombres;95 años o más;Defunciones;El Hierro;4
2004;Hombres;95 años o más;Defunciones;Canarias;126
2004;Hombres;De 85 a 94 años;Defunciones;Tenerife;441
2004;Hombres;De 85 a 94 años;Defunciones;Lanzarote;40
2004;Hombres;De 85 a 94 años;Defunciones;La Palma;72
2004;Hombres;De 85 a 94 años;Defunciones;La Gomera;18
2004;Hombres;De 85 a 94 años;Defunciones;Gran Canaria;453
2004;Hombres;De 85 a 94 años;Defunciones;Fuerteventura;8
2004;Hombres;De 85 a 94 años;Defunciones;El Hierro;7
2004;Hombres;De 85 a 94 años;Defunciones;Canarias;1039
2004;Hombres;De 75 a 84 años;Defunciones;Tenerife;861
2004;Hombres;De 75 a 84 años;Defunciones;Lanzarote;73
2004;Hombres;De 75 a 84 años;Defunciones;La Palma;119
2004;Hombres;De 75 a 84 años;Defunciones;La Gomera;30
2004;Hombres;De 75 a 84 años;Defunciones;Gran Canaria;764
2004;Hombres;De 75 a 84 años;Defunciones;Fuerteventura;25
2004;Hombres;De 75 a 84 años;Defunciones;El Hierro;25
2004;Hombres;De 75 a 84 años;Defunciones;Canarias;1897
2004;Hombres;De 65 a 74 años;Defunciones;Tenerife;720
2004;Hombres;De 65 a 74 años;Defunciones;Lanzarote;53
2004;Hombres;De 65 a 74 años;Defunciones;La Palma;62
2004;Hombres;De 65 a 74 años;Defunciones;La Gomera;19
2004;Hombres;De 65 a 74 años;Defunciones;Gran Canaria;744
2004;Hombres;De 65 a 74 años;Defunciones;Fuerteventura;29
2004;Hombres;De 65 a 74 años;Defunciones;El Hierro;9
2004;Hombres;De 65 a 74 años;Defunciones;Canarias;1636
2004;Hombres;De 5 a 14 años;Defunciones;Tenerife;3
2004;Hombres;De 5 a 14 años;Defunciones;Lanzarote;0
2004;Hombres;De 5 a 14 años;Defunciones;La Palma;0
2004;Hombres;De 5 a 14 años;Defunciones;La Gomera;0
2004;Hombres;De 5 a 14 años;Defunciones;Gran Canaria;5
2004;Hombres;De 5 a 14 años;Defunciones;Fuerteventura;1
2004;Hombres;De 5 a 14 años;Defunciones;El Hierro;0
2004;Hombres;De 5 a 14 años;Defunciones;Canarias;9
2004;Hombres;De 55 a 64 años;Defunciones;Tenerife;396
2004;Hombres;De 55 a 64 años;Defunciones;Lanzarote;44
2004;Hombres;De 55 a 64 años;Defunciones;La Palma;42
2004;Hombres;De 55 a 64 años;Defunciones;La Gomera;13
2004;Hombres;De 55 a 64 años;Defunciones;Gran Canaria;394
2004;Hombres;De 55 a 64 años;Defunciones;Fuerteventura;10
2004;Hombres;De 55 a 64 años;Defunciones;El Hierro;3
2004;Hombres;De 55 a 64 años;Defunciones;Canarias;902
2004;Hombres;De 45 a 54 años;Defunciones;Tenerife;222
2004;Hombres;De 45 a 54 años;Defunciones;Lanzarote;42
2004;Hombres;De 45 a 54 años;Defunciones;La Palma;26
2004;Hombres;De 45 a 54 años;Defunciones;La Gomera;7
2004;Hombres;De 45 a 54 años;Defunciones;Gran Canaria;253
2004;Hombres;De 45 a 54 años;Defunciones;Fuerteventura;14
2004;Hombres;De 45 a 54 años;Defunciones;El Hierro;5
2004;Hombres;De 45 a 54 años;Defunciones;Canarias;569
2004;Hombres;De 35 a 44 años;Defunciones;Tenerife;128
2004;Hombres;De 35 a 44 años;Defunciones;Lanzarote;17
2004;Hombres;De 35 a 44 años;Defunciones;La Palma;13
2004;Hombres;De 35 a 44 años;Defunciones;La Gomera;6
2004;Hombres;De 35 a 44 años;Defunciones;Gran Canaria;145
2004;Hombres;De 35 a 44 años;Defunciones;Fuerteventura;11
2004;Hombres;De 35 a 44 años;Defunciones;El Hierro;3
2004;Hombres;De 35 a 44 años;Defunciones;Canarias;323
2004;Hombres;De 25 a 34 años;Defunciones;Tenerife;63
2004;Hombres;De 25 a 34 años;Defunciones;Lanzarote;13
2004;Hombres;De 25 a 34 años;Defunciones;La Palma;9
2004;Hombres;De 25 a 34 años;Defunciones;La Gomera;1
2004;Hombres;De 25 a 34 años;Defunciones;Gran Canaria;82
2004;Hombres;De 25 a 34 años;Defunciones;Fuerteventura;7
2004;Hombres;De 25 a 34 años;Defunciones;El Hierro;2
2004;Hombres;De 25 a 34 años;Defunciones;Canarias;177
2004;Hombres;De 1 a 4 años;Defunciones;Tenerife;5
2004;Hombres;De 1 a 4 años;Defunciones;Lanzarote;0
2004;Hombres;De 1 a 4 años;Defunciones;La Palma;0
2004;Hombres;De 1 a 4 años;Defunciones;La Gomera;0
2004;Hombres;De 1 a 4 años;Defunciones;Gran Canaria;3
2004;Hombres;De 1 a 4 años;Defunciones;Fuerteventura;0
2004;Hombres;De 1 a 4 años;Defunciones;El Hierro;0
2004;Hombres;De 1 a 4 años;Defunciones;Canarias;8
2004;Hombres;De 15 a 24 años;Defunciones;Tenerife;48
2004;Hombres;De 15 a 24 años;Defunciones;Lanzarote;10
2004;Hombres;De 15 a 24 años;Defunciones;La Palma;5
2004;Hombres;De 15 a 24 años;Defunciones;La Gomera;1
2004;Hombres;De 15 a 24 años;Defunciones;Gran Canaria;49
2004;Hombres;De 15 a 24 años;Defunciones;Fuerteventura;4
2004;Hombres;De 15 a 24 años;Defunciones;El Hierro;0
2004;Hombres;De 15 a 24 años;Defunciones;Canarias;117
2004;Hombres;Total;Defunciones;Tenerife;2958
2004;Hombres;Total;Defunciones;Lanzarote;302
2004;Hombres;Total;Defunciones;La Palma;364
2004;Hombres;Total;Defunciones;La Gomera;98
2004;Hombres;Total;Defunciones;Gran Canaria;2971
2004;Hombres;Total;Defunciones;Fuerteventura;118
2004;Hombres;Total;Defunciones;El Hierro;59
2004;Hombres;Total;Defunciones;Canarias;6870
2004;Hombres;Menos de 7 días;Defunciones;Tenerife;15
2004;Hombres;Menos de 7 días;Defunciones;Lanzarote;0
2004;Hombres;Menos de 7 días;Defunciones;La Palma;0
2004;Hombres;Menos de 7 días;Defunciones;La Gomera;0
2004;Hombres;Menos de 7 días;Defunciones;Gran Canaria;8
2004;Hombres;Menos de 7 días;Defunciones;Fuerteventura;3
2004;Hombres;Menos de 7 días;Defunciones;El Hierro;0
2004;Hombres;Menos de 7 días;Defunciones;Canarias;26
2004;Hombres;De 7 a 27 días;Defunciones;Tenerife;4
2004;Hombres;De 7 a 27 días;Defunciones;Lanzarote;2
2004;Hombres;De 7 a 27 días;Defunciones;La Palma;0
2004;Hombres;De 7 a 27 días;Defunciones;La Gomera;0
2004;Hombres;De 7 a 27 días;Defunciones;Gran Canaria;5
2004;Hombres;De 7 a 27 días;Defunciones;Fuerteventura;0
2004;Hombres;De 7 a 27 días;Defunciones;El Hierro;0
2004;Hombres;De 7 a 27 días;Defunciones;Canarias;11
2004;Hombres;De 28 días a menos de 1 año;Defunciones;Tenerife;13
2004;Hombres;De 28 días a menos de 1 año;Defunciones;Lanzarote;2
2004;Hombres;De 28 días a menos de 1 año;Defunciones;La Palma;1
2004;Hombres;De 28 días a menos de 1 año;Defunciones;La Gomera;0
2004;Hombres;De 28 días a menos de 1 año;Defunciones;Gran Canaria;13
2004;Hombres;De 28 días a menos de 1 año;Defunciones;Fuerteventura;0
2004;Hombres;De 28 días a menos de 1 año;Defunciones;El Hierro;1
2004;Hombres;De 28 días a menos de 1 año;Defunciones;Canarias;30
2004;Mujeres;Menor de 1 año;Defunciones;Tenerife;25
2004;Mujeres;Menor de 1 año;Defunciones;Lanzarote;0
2004;Mujeres;Menor de 1 año;Defunciones;La Palma;2
2004;Mujeres;Menor de 1 año;Defunciones;La Gomera;0
2004;Mujeres;Menor de 1 año;Defunciones;Gran Canaria;21
2004;Mujeres;Menor de 1 año;Defunciones;Fuerteventura;1
2004;Mujeres;Menor de 1 año;Defunciones;El Hierro;1
2004;Mujeres;Menor de 1 año;Defunciones;Canarias;50
2004;Mujeres;95 años o más;Defunciones;Tenerife;130
2004;Mujeres;95 años o más;Defunciones;Lanzarote;11
2004;Mujeres;95 años o más;Defunciones;La Palma;26
2004;Mujeres;95 años o más;Defunciones;La Gomera;6
2004;Mujeres;95 años o más;Defunciones;Gran Canaria;114
2004;Mujeres;95 años o más;Defunciones;Fuerteventura;3
2004;Mujeres;95 años o más;Defunciones;El Hierro;3
2004;Mujeres;95 años o más;Defunciones;Canarias;293
2004;Mujeres;De 85 a 94 años;Defunciones;Tenerife;768
2004;Mujeres;De 85 a 94 años;Defunciones;Lanzarote;55
2004;Mujeres;De 85 a 94 años;Defunciones;La Palma;118
2004;Mujeres;De 85 a 94 años;Defunciones;La Gomera;25
2004;Mujeres;De 85 a 94 años;Defunciones;Gran Canaria;711
2004;Mujeres;De 85 a 94 años;Defunciones;Fuerteventura;11
2004;Mujeres;De 85 a 94 años;Defunciones;El Hierro;12
2004;Mujeres;De 85 a 94 años;Defunciones;Canarias;1700
2004;Mujeres;De 75 a 84 años;Defunciones;Tenerife;794
2004;Mujeres;De 75 a 84 años;Defunciones;Lanzarote;51
2004;Mujeres;De 75 a 84 años;Defunciones;La Palma;108
2004;Mujeres;De 75 a 84 años;Defunciones;La Gomera;16
2004;Mujeres;De 75 a 84 años;Defunciones;Gran Canaria;713
2004;Mujeres;De 75 a 84 años;Defunciones;Fuerteventura;11
2004;Mujeres;De 75 a 84 años;Defunciones;El Hierro;12
2004;Mujeres;De 75 a 84 años;Defunciones;Canarias;1705
2004;Mujeres;De 65 a 74 años;Defunciones;Tenerife;399
2004;Mujeres;De 65 a 74 años;Defunciones;Lanzarote;36
2004;Mujeres;De 65 a 74 años;Defunciones;La Palma;49
2004;Mujeres;De 65 a 74 años;Defunciones;La Gomera;16
2004;Mujeres;De 65 a 74 años;Defunciones;Gran Canaria;435
2004;Mujeres;De 65 a 74 años;Defunciones;Fuerteventura;11
2004;Mujeres;De 65 a 74 años;Defunciones;El Hierro;5
2004;Mujeres;De 65 a 74 años;Defunciones;Canarias;951
2004;Mujeres;De 5 a 14 años;Defunciones;Tenerife;6
2004;Mujeres;De 5 a 14 años;Defunciones;Lanzarote;0
2004;Mujeres;De 5 a 14 años;Defunciones;La Palma;0
2004;Mujeres;De 5 a 14 años;Defunciones;La Gomera;0
2004;Mujeres;De 5 a 14 años;Defunciones;Gran Canaria;4
2004;Mujeres;De 5 a 14 años;Defunciones;Fuerteventura;1
2004;Mujeres;De 5 a 14 años;Defunciones;El Hierro;0
2004;Mujeres;De 5 a 14 años;Defunciones;Canarias;11
2004;Mujeres;De 55 a 64 años;Defunciones;Tenerife;189
2004;Mujeres;De 55 a 64 años;Defunciones;Lanzarote;25
2004;Mujeres;De 55 a 64 años;Defunciones;La Palma;14
2004;Mujeres;De 55 a 64 años;Defunciones;La Gomera;5
2004;Mujeres;De 55 a 64 años;Defunciones;Gran Canaria;203
2004;Mujeres;De 55 a 64 años;Defunciones;Fuerteventura;7
2004;Mujeres;De 55 a 64 años;Defunciones;El Hierro;5
2004;Mujeres;De 55 a 64 años;Defunciones;Canarias;448
2004;Mujeres;De 45 a 54 años;Defunciones;Tenerife;99
2004;Mujeres;De 45 a 54 años;Defunciones;Lanzarote;14
2004;Mujeres;De 45 a 54 años;Defunciones;La Palma;7
2004;Mujeres;De 45 a 54 años;Defunciones;La Gomera;2
2004;Mujeres;De 45 a 54 años;Defunciones;Gran Canaria;115
2004;Mujeres;De 45 a 54 años;Defunciones;Fuerteventura;12
2004;Mujeres;De 45 a 54 años;Defunciones;El Hierro;1
2004;Mujeres;De 45 a 54 años;Defunciones;Canarias;250
2004;Mujeres;De 35 a 44 años;Defunciones;Tenerife;67
2004;Mujeres;De 35 a 44 años;Defunciones;Lanzarote;10
2004;Mujeres;De 35 a 44 años;Defunciones;La Palma;7
2004;Mujeres;De 35 a 44 años;Defunciones;La Gomera;2
2004;Mujeres;De 35 a 44 años;Defunciones;Gran Canaria;61
2004;Mujeres;De 35 a 44 años;Defunciones;Fuerteventura;5
2004;Mujeres;De 35 a 44 años;Defunciones;El Hierro;0
2004;Mujeres;De 35 a 44 años;Defunciones;Canarias;152
2004;Mujeres;De 25 a 34 años;Defunciones;Tenerife;17
2004;Mujeres;De 25 a 34 años;Defunciones;Lanzarote;1
2004;Mujeres;De 25 a 34 años;Defunciones;La Palma;5
2004;Mujeres;De 25 a 34 años;Defunciones;La Gomera;0
2004;Mujeres;De 25 a 34 años;Defunciones;Gran Canaria;25
2004;Mujeres;De 25 a 34 años;Defunciones;Fuerteventura;1
2004;Mujeres;De 25 a 34 años;Defunciones;El Hierro;0
2004;Mujeres;De 25 a 34 años;Defunciones;Canarias;49
2004;Mujeres;De 1 a 4 años;Defunciones;Tenerife;3
2004;Mujeres;De 1 a 4 años;Defunciones;Lanzarote;0
2004;Mujeres;De 1 a 4 años;Defunciones;La Palma;1
2004;Mujeres;De 1 a 4 años;Defunciones;La Gomera;0
2004;Mujeres;De 1 a 4 años;Defunciones;Gran Canaria;2
2004;Mujeres;De 1 a 4 años;Defunciones;Fuerteventura;1
2004;Mujeres;De 1 a 4 años;Defunciones;El Hierro;0
2004;Mujeres;De 1 a 4 años;Defunciones;Canarias;7
2004;Mujeres;De 15 a 24 años;Defunciones;Tenerife;11
2004;Mujeres;De 15 a 24 años;Defunciones;Lanzarote;2
2004;Mujeres;De 15 a 24 años;Defunciones;La Palma;4
2004;Mujeres;De 15 a 24 años;Defunciones;La Gomera;0
2004;Mujeres;De 15 a 24 años;Defunciones;Gran Canaria;11
2004;Mujeres;De 15 a 24 años;Defunciones;Fuerteventura;2
2004;Mujeres;De 15 a 24 años;Defunciones;El Hierro;1
2004;Mujeres;De 15 a 24 años;Defunciones;Canarias;31
2004;Mujeres;Total;Defunciones;Tenerife;2508
2004;Mujeres;Total;Defunciones;Lanzarote;205
2004;Mujeres;Total;Defunciones;La Palma;341
2004;Mujeres;Total;Defunciones;La Gomera;72
2004;Mujeres;Total;Defunciones;Gran Canaria;2415
2004;Mujeres;Total;Defunciones;Fuerteventura;66
2004;Mujeres;Total;Defunciones;El Hierro;40
2004;Mujeres;Total;Defunciones;Canarias;5647
2004;Mujeres;Menos de 7 días;Defunciones;Tenerife;13
2004;Mujeres;Menos de 7 días;Defunciones;Lanzarote;0
2004;Mujeres;Menos de 7 días;Defunciones;La Palma;1
2004;Mujeres;Menos de 7 días;Defunciones;La Gomera;0
2004;Mujeres;Menos de 7 días;Defunciones;Gran Canaria;4
2004;Mujeres;Menos de 7 días;Defunciones;Fuerteventura;0
2004;Mujeres;Menos de 7 días;Defunciones;El Hierro;1
2004;Mujeres;Menos de 7 días;Defunciones;Canarias;19
2004;Mujeres;De 7 a 27 días;Defunciones;Tenerife;6
2004;Mujeres;De 7 a 27 días;Defunciones;Lanzarote;0
2004;Mujeres;De 7 a 27 días;Defunciones;La Palma;1
2004;Mujeres;De 7 a 27 días;Defunciones;La Gomera;0
2004;Mujeres;De 7 a 27 días;Defunciones;Gran Canaria;5
2004;Mujeres;De 7 a 27 días;Defunciones;Fuerteventura;0
2004;Mujeres;De 7 a 27 días;Defunciones;El Hierro;0
2004;Mujeres;De 7 a 27 días;Defunciones;Canarias;12
2004;Mujeres;De 28 días a menos de 1 año;Defunciones;Tenerife;6
2004;Mujeres;De 28 días a menos de 1 año;Defunciones;Lanzarote;0
2004;Mujeres;De 28 días a menos de 1 año;Defunciones;La Palma;0
2004;Mujeres;De 28 días a menos de 1 año;Defunciones;La Gomera;0
2004;Mujeres;De 28 días a menos de 1 año;Defunciones;Gran Canaria;12
2004;Mujeres;De 28 días a menos de 1 año;Defunciones;Fuerteventura;1
2004;Mujeres;De 28 días a menos de 1 año;Defunciones;El Hierro;0
2004;Mujeres;De 28 días a menos de 1 año;Defunciones;Canarias;19
2005;Total;Menor de 1 año;Defunciones;Tenerife;26
2005;Total;Menor de 1 año;Defunciones;Lanzarote;6
2005;Total;Menor de 1 año;Defunciones;La Palma;3
2005;Total;Menor de 1 año;Defunciones;La Gomera;1
2005;Total;Menor de 1 año;Defunciones;Gran Canaria;49
2005;Total;Menor de 1 año;Defunciones;Fuerteventura;5
2005;Total;Menor de 1 año;Defunciones;El Hierro;0
2005;Total;Menor de 1 año;Defunciones;Canarias;90
2005;Total;95 años o más;Defunciones;Tenerife;167
2005;Total;95 años o más;Defunciones;Lanzarote;24
2005;Total;95 años o más;Defunciones;La Palma;44
2005;Total;95 años o más;Defunciones;La Gomera;14
2005;Total;95 años o más;Defunciones;Gran Canaria;180
2005;Total;95 años o más;Defunciones;Fuerteventura;4
2005;Total;95 años o más;Defunciones;El Hierro;3
2005;Total;95 años o más;Defunciones;Canarias;436
2005;Total;De 85 a 94 años;Defunciones;Tenerife;1229
2005;Total;De 85 a 94 años;Defunciones;Lanzarote;100
2005;Total;De 85 a 94 años;Defunciones;La Palma;193
2005;Total;De 85 a 94 años;Defunciones;La Gomera;42
2005;Total;De 85 a 94 años;Defunciones;Gran Canaria;1142
2005;Total;De 85 a 94 años;Defunciones;Fuerteventura;25
2005;Total;De 85 a 94 años;Defunciones;El Hierro;32
2005;Total;De 85 a 94 años;Defunciones;Canarias;2763
2005;Total;De 75 a 84 años;Defunciones;Tenerife;1700
2005;Total;De 75 a 84 años;Defunciones;Lanzarote;141
2005;Total;De 75 a 84 años;Defunciones;La Palma;215
2005;Total;De 75 a 84 años;Defunciones;La Gomera;57
2005;Total;De 75 a 84 años;Defunciones;Gran Canaria;1643
2005;Total;De 75 a 84 años;Defunciones;Fuerteventura;49
2005;Total;De 75 a 84 años;Defunciones;El Hierro;19
2005;Total;De 75 a 84 años;Defunciones;Canarias;3824
2005;Total;De 65 a 74 años;Defunciones;Tenerife;1199
2005;Total;De 65 a 74 años;Defunciones;Lanzarote;117
2005;Total;De 65 a 74 años;Defunciones;La Palma;111
2005;Total;De 65 a 74 años;Defunciones;La Gomera;26
2005;Total;De 65 a 74 años;Defunciones;Gran Canaria;1180
2005;Total;De 65 a 74 años;Defunciones;Fuerteventura;33
2005;Total;De 65 a 74 años;Defunciones;El Hierro;14
2005;Total;De 65 a 74 años;Defunciones;Canarias;2680
2005;Total;De 5 a 14 años;Defunciones;Tenerife;15
2005;Total;De 5 a 14 años;Defunciones;Lanzarote;2
2005;Total;De 5 a 14 años;Defunciones;La Palma;1
2005;Total;De 5 a 14 años;Defunciones;La Gomera;0
2005;Total;De 5 a 14 años;Defunciones;Gran Canaria;13
2005;Total;De 5 a 14 años;Defunciones;Fuerteventura;1
2005;Total;De 5 a 14 años;Defunciones;El Hierro;1
2005;Total;De 5 a 14 años;Defunciones;Canarias;33
2005;Total;De 55 a 64 años;Defunciones;Tenerife;609
2005;Total;De 55 a 64 años;Defunciones;Lanzarote;75
2005;Total;De 55 a 64 años;Defunciones;La Palma;51
2005;Total;De 55 a 64 años;Defunciones;La Gomera;18
2005;Total;De 55 a 64 años;Defunciones;Gran Canaria;549
2005;Total;De 55 a 64 años;Defunciones;Fuerteventura;39
2005;Total;De 55 a 64 años;Defunciones;El Hierro;5
2005;Total;De 55 a 64 años;Defunciones;Canarias;1346
2005;Total;De 45 a 54 años;Defunciones;Tenerife;343
2005;Total;De 45 a 54 años;Defunciones;Lanzarote;55
2005;Total;De 45 a 54 años;Defunciones;La Palma;30
2005;Total;De 45 a 54 años;Defunciones;La Gomera;11
2005;Total;De 45 a 54 años;Defunciones;Gran Canaria;357
2005;Total;De 45 a 54 años;Defunciones;Fuerteventura;30
2005;Total;De 45 a 54 años;Defunciones;El Hierro;2
2005;Total;De 45 a 54 años;Defunciones;Canarias;828
2005;Total;De 35 a 44 años;Defunciones;Tenerife;182
2005;Total;De 35 a 44 años;Defunciones;Lanzarote;30
2005;Total;De 35 a 44 años;Defunciones;La Palma;23
2005;Total;De 35 a 44 años;Defunciones;La Gomera;4
2005;Total;De 35 a 44 años;Defunciones;Gran Canaria;200
2005;Total;De 35 a 44 años;Defunciones;Fuerteventura;16
2005;Total;De 35 a 44 años;Defunciones;El Hierro;0
2005;Total;De 35 a 44 años;Defunciones;Canarias;455
2005;Total;De 25 a 34 años;Defunciones;Tenerife;92
2005;Total;De 25 a 34 años;Defunciones;Lanzarote;17
2005;Total;De 25 a 34 años;Defunciones;La Palma;7
2005;Total;De 25 a 34 años;Defunciones;La Gomera;4
2005;Total;De 25 a 34 años;Defunciones;Gran Canaria;86
2005;Total;De 25 a 34 años;Defunciones;Fuerteventura;11
2005;Total;De 25 a 34 años;Defunciones;El Hierro;0
2005;Total;De 25 a 34 años;Defunciones;Canarias;217
2005;Total;De 1 a 4 años;Defunciones;Tenerife;7
2005;Total;De 1 a 4 años;Defunciones;Lanzarote;2
2005;Total;De 1 a 4 años;Defunciones;La Palma;0
2005;Total;De 1 a 4 años;Defunciones;La Gomera;1
2005;Total;De 1 a 4 años;Defunciones;Gran Canaria;4
2005;Total;De 1 a 4 años;Defunciones;Fuerteventura;0
2005;Total;De 1 a 4 años;Defunciones;El Hierro;0
2005;Total;De 1 a 4 años;Defunciones;Canarias;14
2005;Total;De 15 a 24 años;Defunciones;Tenerife;43
2005;Total;De 15 a 24 años;Defunciones;Lanzarote;9
2005;Total;De 15 a 24 años;Defunciones;La Palma;7
2005;Total;De 15 a 24 años;Defunciones;La Gomera;1
2005;Total;De 15 a 24 años;Defunciones;Gran Canaria;49
2005;Total;De 15 a 24 años;Defunciones;Fuerteventura;3
2005;Total;De 15 a 24 años;Defunciones;El Hierro;1
2005;Total;De 15 a 24 años;Defunciones;Canarias;113
2005;Total;Total;Defunciones;Tenerife;5612
2005;Total;Total;Defunciones;Lanzarote;578
2005;Total;Total;Defunciones;La Palma;685
2005;Total;Total;Defunciones;La Gomera;179
2005;Total;Total;Defunciones;Gran Canaria;5452
2005;Total;Total;Defunciones;Fuerteventura;216
2005;Total;Total;Defunciones;El Hierro;77
2005;Total;Total;Defunciones;Canarias;12799
2005;Total;Menos de 7 días;Defunciones;Tenerife;11
2005;Total;Menos de 7 días;Defunciones;Lanzarote;2
2005;Total;Menos de 7 días;Defunciones;La Palma;0
2005;Total;Menos de 7 días;Defunciones;La Gomera;0
2005;Total;Menos de 7 días;Defunciones;Gran Canaria;17
2005;Total;Menos de 7 días;Defunciones;Fuerteventura;1
2005;Total;Menos de 7 días;Defunciones;El Hierro;0
2005;Total;Menos de 7 días;Defunciones;Canarias;31
2005;Total;De 7 a 27 días;Defunciones;Tenerife;4
2005;Total;De 7 a 27 días;Defunciones;Lanzarote;2
2005;Total;De 7 a 27 días;Defunciones;La Palma;3
2005;Total;De 7 a 27 días;Defunciones;La Gomera;1
2005;Total;De 7 a 27 días;Defunciones;Gran Canaria;10
2005;Total;De 7 a 27 días;Defunciones;Fuerteventura;1
2005;Total;De 7 a 27 días;Defunciones;El Hierro;0
2005;Total;De 7 a 27 días;Defunciones;Canarias;21
2005;Total;De 28 días a menos de 1 año;Defunciones;Tenerife;11
2005;Total;De 28 días a menos de 1 año;Defunciones;Lanzarote;2
2005;Total;De 28 días a menos de 1 año;Defunciones;La Palma;0
2005;Total;De 28 días a menos de 1 año;Defunciones;La Gomera;0
2005;Total;De 28 días a menos de 1 año;Defunciones;Gran Canaria;22
2005;Total;De 28 días a menos de 1 año;Defunciones;Fuerteventura;3
2005;Total;De 28 días a menos de 1 año;Defunciones;El Hierro;0
2005;Total;De 28 días a menos de 1 año;Defunciones;Canarias;38
2005;Hombres;Menor de 1 año;Defunciones;Tenerife;15
2005;Hombres;Menor de 1 año;Defunciones;Lanzarote;4
2005;Hombres;Menor de 1 año;Defunciones;La Palma;1
2005;Hombres;Menor de 1 año;Defunciones;La Gomera;1
2005;Hombres;Menor de 1 año;Defunciones;Gran Canaria;27
2005;Hombres;Menor de 1 año;Defunciones;Fuerteventura;4
2005;Hombres;Menor de 1 año;Defunciones;El Hierro;0
2005;Hombres;Menor de 1 año;Defunciones;Canarias;52
2005;Hombres;95 años o más;Defunciones;Tenerife;52
2005;Hombres;95 años o más;Defunciones;Lanzarote;5
2005;Hombres;95 años o más;Defunciones;La Palma;11
2005;Hombres;95 años o más;Defunciones;La Gomera;3
2005;Hombres;95 años o más;Defunciones;Gran Canaria;66
2005;Hombres;95 años o más;Defunciones;Fuerteventura;1
2005;Hombres;95 años o más;Defunciones;El Hierro;0
2005;Hombres;95 años o más;Defunciones;Canarias;138
2005;Hombres;De 85 a 94 años;Defunciones;Tenerife;443
2005;Hombres;De 85 a 94 años;Defunciones;Lanzarote;35
2005;Hombres;De 85 a 94 años;Defunciones;La Palma;79
2005;Hombres;De 85 a 94 años;Defunciones;La Gomera;16
2005;Hombres;De 85 a 94 años;Defunciones;Gran Canaria;424
2005;Hombres;De 85 a 94 años;Defunciones;Fuerteventura;11
2005;Hombres;De 85 a 94 años;Defunciones;El Hierro;12
2005;Hombres;De 85 a 94 años;Defunciones;Canarias;1020
2005;Hombres;De 75 a 84 años;Defunciones;Tenerife;894
2005;Hombres;De 75 a 84 años;Defunciones;Lanzarote;77
2005;Hombres;De 75 a 84 años;Defunciones;La Palma;111
2005;Hombres;De 75 a 84 años;Defunciones;La Gomera;34
2005;Hombres;De 75 a 84 años;Defunciones;Gran Canaria;871
2005;Hombres;De 75 a 84 años;Defunciones;Fuerteventura;33
2005;Hombres;De 75 a 84 años;Defunciones;El Hierro;11
2005;Hombres;De 75 a 84 años;Defunciones;Canarias;2031
2005;Hombres;De 65 a 74 años;Defunciones;Tenerife;755
2005;Hombres;De 65 a 74 años;Defunciones;Lanzarote;78
2005;Hombres;De 65 a 74 años;Defunciones;La Palma;79
2005;Hombres;De 65 a 74 años;Defunciones;La Gomera;17
2005;Hombres;De 65 a 74 años;Defunciones;Gran Canaria;757
2005;Hombres;De 65 a 74 años;Defunciones;Fuerteventura;26
2005;Hombres;De 65 a 74 años;Defunciones;El Hierro;11
2005;Hombres;De 65 a 74 años;Defunciones;Canarias;1723
2005;Hombres;De 5 a 14 años;Defunciones;Tenerife;10
2005;Hombres;De 5 a 14 años;Defunciones;Lanzarote;1
2005;Hombres;De 5 a 14 años;Defunciones;La Palma;1
2005;Hombres;De 5 a 14 años;Defunciones;La Gomera;0
2005;Hombres;De 5 a 14 años;Defunciones;Gran Canaria;9
2005;Hombres;De 5 a 14 años;Defunciones;Fuerteventura;0
2005;Hombres;De 5 a 14 años;Defunciones;El Hierro;1
2005;Hombres;De 5 a 14 años;Defunciones;Canarias;22
2005;Hombres;De 55 a 64 años;Defunciones;Tenerife;407
2005;Hombres;De 55 a 64 años;Defunciones;Lanzarote;53
2005;Hombres;De 55 a 64 años;Defunciones;La Palma;38
2005;Hombres;De 55 a 64 años;Defunciones;La Gomera;16
2005;Hombres;De 55 a 64 años;Defunciones;Gran Canaria;385
2005;Hombres;De 55 a 64 años;Defunciones;Fuerteventura;32
2005;Hombres;De 55 a 64 años;Defunciones;El Hierro;4
2005;Hombres;De 55 a 64 años;Defunciones;Canarias;935
2005;Hombres;De 45 a 54 años;Defunciones;Tenerife;240
2005;Hombres;De 45 a 54 años;Defunciones;Lanzarote;38
2005;Hombres;De 45 a 54 años;Defunciones;La Palma;22
2005;Hombres;De 45 a 54 años;Defunciones;La Gomera;10
2005;Hombres;De 45 a 54 años;Defunciones;Gran Canaria;242
2005;Hombres;De 45 a 54 años;Defunciones;Fuerteventura;24
2005;Hombres;De 45 a 54 años;Defunciones;El Hierro;0
2005;Hombres;De 45 a 54 años;Defunciones;Canarias;576
2005;Hombres;De 35 a 44 años;Defunciones;Tenerife;117
2005;Hombres;De 35 a 44 años;Defunciones;Lanzarote;20
2005;Hombres;De 35 a 44 años;Defunciones;La Palma;17
2005;Hombres;De 35 a 44 años;Defunciones;La Gomera;2
2005;Hombres;De 35 a 44 años;Defunciones;Gran Canaria;140
2005;Hombres;De 35 a 44 años;Defunciones;Fuerteventura;14
2005;Hombres;De 35 a 44 años;Defunciones;El Hierro;0
2005;Hombres;De 35 a 44 años;Defunciones;Canarias;310
2005;Hombres;De 25 a 34 años;Defunciones;Tenerife;61
2005;Hombres;De 25 a 34 años;Defunciones;Lanzarote;13
2005;Hombres;De 25 a 34 años;Defunciones;La Palma;3
2005;Hombres;De 25 a 34 años;Defunciones;La Gomera;2
2005;Hombres;De 25 a 34 años;Defunciones;Gran Canaria;67
2005;Hombres;De 25 a 34 años;Defunciones;Fuerteventura;4
2005;Hombres;De 25 a 34 años;Defunciones;El Hierro;0
2005;Hombres;De 25 a 34 años;Defunciones;Canarias;150
2005;Hombres;De 1 a 4 años;Defunciones;Tenerife;4
2005;Hombres;De 1 a 4 años;Defunciones;Lanzarote;1
2005;Hombres;De 1 a 4 años;Defunciones;La Palma;0
2005;Hombres;De 1 a 4 años;Defunciones;La Gomera;1
2005;Hombres;De 1 a 4 años;Defunciones;Gran Canaria;3
2005;Hombres;De 1 a 4 años;Defunciones;Fuerteventura;0
2005;Hombres;De 1 a 4 años;Defunciones;El Hierro;0
2005;Hombres;De 1 a 4 años;Defunciones;Canarias;9
2005;Hombres;De 15 a 24 años;Defunciones;Tenerife;35
2005;Hombres;De 15 a 24 años;Defunciones;Lanzarote;8
2005;Hombres;De 15 a 24 años;Defunciones;La Palma;6
2005;Hombres;De 15 a 24 años;Defunciones;La Gomera;1
2005;Hombres;De 15 a 24 años;Defunciones;Gran Canaria;39
2005;Hombres;De 15 a 24 años;Defunciones;Fuerteventura;2
2005;Hombres;De 15 a 24 años;Defunciones;El Hierro;1
2005;Hombres;De 15 a 24 años;Defunciones;Canarias;92
2005;Hombres;Total;Defunciones;Tenerife;3033
2005;Hombres;Total;Defunciones;Lanzarote;333
2005;Hombres;Total;Defunciones;La Palma;368
2005;Hombres;Total;Defunciones;La Gomera;103
2005;Hombres;Total;Defunciones;Gran Canaria;3030
2005;Hombres;Total;Defunciones;Fuerteventura;151
2005;Hombres;Total;Defunciones;El Hierro;40
2005;Hombres;Total;Defunciones;Canarias;7058
2005;Hombres;Menos de 7 días;Defunciones;Tenerife;6
2005;Hombres;Menos de 7 días;Defunciones;Lanzarote;2
2005;Hombres;Menos de 7 días;Defunciones;La Palma;0
2005;Hombres;Menos de 7 días;Defunciones;La Gomera;0
2005;Hombres;Menos de 7 días;Defunciones;Gran Canaria;8
2005;Hombres;Menos de 7 días;Defunciones;Fuerteventura;1
2005;Hombres;Menos de 7 días;Defunciones;El Hierro;0
2005;Hombres;Menos de 7 días;Defunciones;Canarias;17
2005;Hombres;De 7 a 27 días;Defunciones;Tenerife;3
2005;Hombres;De 7 a 27 días;Defunciones;Lanzarote;1
2005;Hombres;De 7 a 27 días;Defunciones;La Palma;1
2005;Hombres;De 7 a 27 días;Defunciones;La Gomera;1
2005;Hombres;De 7 a 27 días;Defunciones;Gran Canaria;7
2005;Hombres;De 7 a 27 días;Defunciones;Fuerteventura;1
2005;Hombres;De 7 a 27 días;Defunciones;El Hierro;0
2005;Hombres;De 7 a 27 días;Defunciones;Canarias;14
2005;Hombres;De 28 días a menos de 1 año;Defunciones;Tenerife;6
2005;Hombres;De 28 días a menos de 1 año;Defunciones;Lanzarote;1
2005;Hombres;De 28 días a menos de 1 año;Defunciones;La Palma;0
2005;Hombres;De 28 días a menos de 1 año;Defunciones;La Gomera;0
2005;Hombres;De 28 días a menos de 1 año;Defunciones;Gran Canaria;12
2005;Hombres;De 28 días a menos de 1 año;Defunciones;Fuerteventura;2
2005;Hombres;De 28 días a menos de 1 año;Defunciones;El Hierro;0
2005;Hombres;De 28 días a menos de 1 año;Defunciones;Canarias;21
2005;Mujeres;Menor de 1 año;Defunciones;Tenerife;11
2005;Mujeres;Menor de 1 año;Defunciones;Lanzarote;2
2005;Mujeres;Menor de 1 año;Defunciones;La Palma;2
2005;Mujeres;Menor de 1 año;Defunciones;La Gomera;0
2005;Mujeres;Menor de 1 año;Defunciones;Gran Canaria;22
2005;Mujeres;Menor de 1 año;Defunciones;Fuerteventura;1
2005;Mujeres;Menor de 1 año;Defunciones;El Hierro;0
2005;Mujeres;Menor de 1 año;Defunciones;Canarias;38
2005;Mujeres;95 años o más;Defunciones;Tenerife;115
2005;Mujeres;95 años o más;Defunciones;Lanzarote;19
2005;Mujeres;95 años o más;Defunciones;La Palma;33
2005;Mujeres;95 años o más;Defunciones;La Gomera;11
2005;Mujeres;95 años o más;Defunciones;Gran Canaria;114
2005;Mujeres;95 años o más;Defunciones;Fuerteventura;3
2005;Mujeres;95 años o más;Defunciones;El Hierro;3
2005;Mujeres;95 años o más;Defunciones;Canarias;298
2005;Mujeres;De 85 a 94 años;Defunciones;Tenerife;786
2005;Mujeres;De 85 a 94 años;Defunciones;Lanzarote;65
2005;Mujeres;De 85 a 94 años;Defunciones;La Palma;114
2005;Mujeres;De 85 a 94 años;Defunciones;La Gomera;26
2005;Mujeres;De 85 a 94 años;Defunciones;Gran Canaria;718
2005;Mujeres;De 85 a 94 años;Defunciones;Fuerteventura;14
2005;Mujeres;De 85 a 94 años;Defunciones;El Hierro;20
2005;Mujeres;De 85 a 94 años;Defunciones;Canarias;1743
2005;Mujeres;De 75 a 84 años;Defunciones;Tenerife;806
2005;Mujeres;De 75 a 84 años;Defunciones;Lanzarote;64
2005;Mujeres;De 75 a 84 años;Defunciones;La Palma;104
2005;Mujeres;De 75 a 84 años;Defunciones;La Gomera;23
2005;Mujeres;De 75 a 84 años;Defunciones;Gran Canaria;772
2005;Mujeres;De 75 a 84 años;Defunciones;Fuerteventura;16
2005;Mujeres;De 75 a 84 años;Defunciones;El Hierro;8
2005;Mujeres;De 75 a 84 años;Defunciones;Canarias;1793
2005;Mujeres;De 65 a 74 años;Defunciones;Tenerife;444
2005;Mujeres;De 65 a 74 años;Defunciones;Lanzarote;39
2005;Mujeres;De 65 a 74 años;Defunciones;La Palma;32
2005;Mujeres;De 65 a 74 años;Defunciones;La Gomera;9
2005;Mujeres;De 65 a 74 años;Defunciones;Gran Canaria;423
2005;Mujeres;De 65 a 74 años;Defunciones;Fuerteventura;7
2005;Mujeres;De 65 a 74 años;Defunciones;El Hierro;3
2005;Mujeres;De 65 a 74 años;Defunciones;Canarias;957
2005;Mujeres;De 5 a 14 años;Defunciones;Tenerife;5
2005;Mujeres;De 5 a 14 años;Defunciones;Lanzarote;1
2005;Mujeres;De 5 a 14 años;Defunciones;La Palma;0
2005;Mujeres;De 5 a 14 años;Defunciones;La Gomera;0
2005;Mujeres;De 5 a 14 años;Defunciones;Gran Canaria;4
2005;Mujeres;De 5 a 14 años;Defunciones;Fuerteventura;1
2005;Mujeres;De 5 a 14 años;Defunciones;El Hierro;0
2005;Mujeres;De 5 a 14 años;Defunciones;Canarias;11
2005;Mujeres;De 55 a 64 años;Defunciones;Tenerife;202
2005;Mujeres;De 55 a 64 años;Defunciones;Lanzarote;22
2005;Mujeres;De 55 a 64 años;Defunciones;La Palma;13
2005;Mujeres;De 55 a 64 años;Defunciones;La Gomera;2
2005;Mujeres;De 55 a 64 años;Defunciones;Gran Canaria;164
2005;Mujeres;De 55 a 64 años;Defunciones;Fuerteventura;7
2005;Mujeres;De 55 a 64 años;Defunciones;El Hierro;1
2005;Mujeres;De 55 a 64 años;Defunciones;Canarias;411
2005;Mujeres;De 45 a 54 años;Defunciones;Tenerife;103
2005;Mujeres;De 45 a 54 años;Defunciones;Lanzarote;17
2005;Mujeres;De 45 a 54 años;Defunciones;La Palma;8
2005;Mujeres;De 45 a 54 años;Defunciones;La Gomera;1
2005;Mujeres;De 45 a 54 años;Defunciones;Gran Canaria;115
2005;Mujeres;De 45 a 54 años;Defunciones;Fuerteventura;6
2005;Mujeres;De 45 a 54 años;Defunciones;El Hierro;2
2005;Mujeres;De 45 a 54 años;Defunciones;Canarias;252
2005;Mujeres;De 35 a 44 años;Defunciones;Tenerife;65
2005;Mujeres;De 35 a 44 años;Defunciones;Lanzarote;10
2005;Mujeres;De 35 a 44 años;Defunciones;La Palma;6
2005;Mujeres;De 35 a 44 años;Defunciones;La Gomera;2
2005;Mujeres;De 35 a 44 años;Defunciones;Gran Canaria;60
2005;Mujeres;De 35 a 44 años;Defunciones;Fuerteventura;2
2005;Mujeres;De 35 a 44 años;Defunciones;El Hierro;0
2005;Mujeres;De 35 a 44 años;Defunciones;Canarias;145
2005;Mujeres;De 25 a 34 años;Defunciones;Tenerife;31
2005;Mujeres;De 25 a 34 años;Defunciones;Lanzarote;4
2005;Mujeres;De 25 a 34 años;Defunciones;La Palma;4
2005;Mujeres;De 25 a 34 años;Defunciones;La Gomera;2
2005;Mujeres;De 25 a 34 años;Defunciones;Gran Canaria;19
2005;Mujeres;De 25 a 34 años;Defunciones;Fuerteventura;7
2005;Mujeres;De 25 a 34 años;Defunciones;El Hierro;0
2005;Mujeres;De 25 a 34 años;Defunciones;Canarias;67
2005;Mujeres;De 1 a 4 años;Defunciones;Tenerife;3
2005;Mujeres;De 1 a 4 años;Defunciones;Lanzarote;1
2005;Mujeres;De 1 a 4 años;Defunciones;La Palma;0
2005;Mujeres;De 1 a 4 años;Defunciones;La Gomera;0
2005;Mujeres;De 1 a 4 años;Defunciones;Gran Canaria;1
2005;Mujeres;De 1 a 4 años;Defunciones;Fuerteventura;0
2005;Mujeres;De 1 a 4 años;Defunciones;El Hierro;0
2005;Mujeres;De 1 a 4 años;Defunciones;Canarias;5
2005;Mujeres;De 15 a 24 años;Defunciones;Tenerife;8
2005;Mujeres;De 15 a 24 años;Defunciones;Lanzarote;1
2005;Mujeres;De 15 a 24 años;Defunciones;La Palma;1
2005;Mujeres;De 15 a 24 años;Defunciones;La Gomera;0
2005;Mujeres;De 15 a 24 años;Defunciones;Gran Canaria;10
2005;Mujeres;De 15 a 24 años;Defunciones;Fuerteventura;1
2005;Mujeres;De 15 a 24 años;Defunciones;El Hierro;0
2005;Mujeres;De 15 a 24 años;Defunciones;Canarias;21
2005;Mujeres;Total;Defunciones;Tenerife;2579
2005;Mujeres;Total;Defunciones;Lanzarote;245
2005;Mujeres;Total;Defunciones;La Palma;317
2005;Mujeres;Total;Defunciones;La Gomera;76
2005;Mujeres;Total;Defunciones;Gran Canaria;2422
2005;Mujeres;Total;Defunciones;Fuerteventura;65
2005;Mujeres;Total;Defunciones;El Hierro;37
2005;Mujeres;Total;Defunciones;Canarias;5741
2005;Mujeres;Menos de 7 días;Defunciones;Tenerife;5
2005;Mujeres;Menos de 7 días;Defunciones;Lanzarote;0
2005;Mujeres;Menos de 7 días;Defunciones;La Palma;0
2005;Mujeres;Menos de 7 días;Defunciones;La Gomera;0
2005;Mujeres;Menos de 7 días;Defunciones;Gran Canaria;9
2005;Mujeres;Menos de 7 días;Defunciones;Fuerteventura;0
2005;Mujeres;Menos de 7 días;Defunciones;El Hierro;0
2005;Mujeres;Menos de 7 días;Defunciones;Canarias;14
2005;Mujeres;De 7 a 27 días;Defunciones;Tenerife;1
2005;Mujeres;De 7 a 27 días;Defunciones;Lanzarote;1
2005;Mujeres;De 7 a 27 días;Defunciones;La Palma;2
2005;Mujeres;De 7 a 27 días;Defunciones;La Gomera;0
2005;Mujeres;De 7 a 27 días;Defunciones;Gran Canaria;3
2005;Mujeres;De 7 a 27 días;Defunciones;Fuerteventura;0
2005;Mujeres;De 7 a 27 días;Defunciones;El Hierro;0
2005;Mujeres;De 7 a 27 días;Defunciones;Canarias;7
2005;Mujeres;De 28 días a menos de 1 año;Defunciones;Tenerife;5
2005;Mujeres;De 28 días a menos de 1 año;Defunciones;Lanzarote;1
2005;Mujeres;De 28 días a menos de 1 año;Defunciones;La Palma;0
2005;Mujeres;De 28 días a menos de 1 año;Defunciones;La Gomera;0
2005;Mujeres;De 28 días a menos de 1 año;Defunciones;Gran Canaria;10
2005;Mujeres;De 28 días a menos de 1 año;Defunciones;Fuerteventura;1
2005;Mujeres;De 28 días a menos de 1 año;Defunciones;El Hierro;0
2005;Mujeres;De 28 días a menos de 1 año;Defunciones;Canarias;17
2006;Total;Menor de 1 año;Defunciones;Tenerife;46
2006;Total;Menor de 1 año;Defunciones;Lanzarote;4
2006;Total;Menor de 1 año;Defunciones;La Palma;2
2006;Total;Menor de 1 año;Defunciones;La Gomera;0
2006;Total;Menor de 1 año;Defunciones;Gran Canaria;28
2006;Total;Menor de 1 año;Defunciones;Fuerteventura;3
2006;Total;Menor de 1 año;Defunciones;El Hierro;1
2006;Total;Menor de 1 año;Defunciones;Canarias;84
2006;Total;95 años o más;Defunciones;Tenerife;196
2006;Total;95 años o más;Defunciones;Lanzarote;27
2006;Total;95 años o más;Defunciones;La Palma;35
2006;Total;95 años o más;Defunciones;La Gomera;12
2006;Total;95 años o más;Defunciones;Gran Canaria;207
2006;Total;95 años o más;Defunciones;Fuerteventura;7
2006;Total;95 años o más;Defunciones;El Hierro;6
2006;Total;95 años o más;Defunciones;Canarias;490
2006;Total;De 85 a 94 años;Defunciones;Tenerife;1167
2006;Total;De 85 a 94 años;Defunciones;Lanzarote;129
2006;Total;De 85 a 94 años;Defunciones;La Palma;246
2006;Total;De 85 a 94 años;Defunciones;La Gomera;48
2006;Total;De 85 a 94 años;Defunciones;Gran Canaria;1072
2006;Total;De 85 a 94 años;Defunciones;Fuerteventura;51
2006;Total;De 85 a 94 años;Defunciones;El Hierro;26
2006;Total;De 85 a 94 años;Defunciones;Canarias;2739
2006;Total;De 75 a 84 años;Defunciones;Tenerife;1646
2006;Total;De 75 a 84 años;Defunciones;Lanzarote;133
2006;Total;De 75 a 84 años;Defunciones;La Palma;235
2006;Total;De 75 a 84 años;Defunciones;La Gomera;59
2006;Total;De 75 a 84 años;Defunciones;Gran Canaria;1579
2006;Total;De 75 a 84 años;Defunciones;Fuerteventura;63
2006;Total;De 75 a 84 años;Defunciones;El Hierro;29
2006;Total;De 75 a 84 años;Defunciones;Canarias;3744
2006;Total;De 65 a 74 años;Defunciones;Tenerife;1090
2006;Total;De 65 a 74 años;Defunciones;Lanzarote;100
2006;Total;De 65 a 74 años;Defunciones;La Palma;119
2006;Total;De 65 a 74 años;Defunciones;La Gomera;24
2006;Total;De 65 a 74 años;Defunciones;Gran Canaria;1096
2006;Total;De 65 a 74 años;Defunciones;Fuerteventura;56
2006;Total;De 65 a 74 años;Defunciones;El Hierro;11
2006;Total;De 65 a 74 años;Defunciones;Canarias;2496
2006;Total;De 5 a 14 años;Defunciones;Tenerife;11
2006;Total;De 5 a 14 años;Defunciones;Lanzarote;1
2006;Total;De 5 a 14 años;Defunciones;La Palma;1
2006;Total;De 5 a 14 años;Defunciones;La Gomera;0
2006;Total;De 5 a 14 años;Defunciones;Gran Canaria;14
2006;Total;De 5 a 14 años;Defunciones;Fuerteventura;1
2006;Total;De 5 a 14 años;Defunciones;El Hierro;1
2006;Total;De 5 a 14 años;Defunciones;Canarias;29
2006;Total;De 55 a 64 años;Defunciones;Tenerife;594
2006;Total;De 55 a 64 años;Defunciones;Lanzarote;80
2006;Total;De 55 a 64 años;Defunciones;La Palma;58
2006;Total;De 55 a 64 años;Defunciones;La Gomera;19
2006;Total;De 55 a 64 años;Defunciones;Gran Canaria;589
2006;Total;De 55 a 64 años;Defunciones;Fuerteventura;48
2006;Total;De 55 a 64 años;Defunciones;El Hierro;6
2006;Total;De 55 a 64 años;Defunciones;Canarias;1394
2006;Total;De 45 a 54 años;Defunciones;Tenerife;387
2006;Total;De 45 a 54 años;Defunciones;Lanzarote;60
2006;Total;De 45 a 54 años;Defunciones;La Palma;35
2006;Total;De 45 a 54 años;Defunciones;La Gomera;9
2006;Total;De 45 a 54 años;Defunciones;Gran Canaria;365
2006;Total;De 45 a 54 años;Defunciones;Fuerteventura;36
2006;Total;De 45 a 54 años;Defunciones;El Hierro;2
2006;Total;De 45 a 54 años;Defunciones;Canarias;894
2006;Total;De 35 a 44 años;Defunciones;Tenerife;199
2006;Total;De 35 a 44 años;Defunciones;Lanzarote;32
2006;Total;De 35 a 44 años;Defunciones;La Palma;15
2006;Total;De 35 a 44 años;Defunciones;La Gomera;1
2006;Total;De 35 a 44 años;Defunciones;Gran Canaria;198
2006;Total;De 35 a 44 años;Defunciones;Fuerteventura;18
2006;Total;De 35 a 44 años;Defunciones;El Hierro;3
2006;Total;De 35 a 44 años;Defunciones;Canarias;466
2006;Total;De 25 a 34 años;Defunciones;Tenerife;101
2006;Total;De 25 a 34 años;Defunciones;Lanzarote;18
2006;Total;De 25 a 34 años;Defunciones;La Palma;11
2006;Total;De 25 a 34 años;Defunciones;La Gomera;0
2006;Total;De 25 a 34 años;Defunciones;Gran Canaria;79
2006;Total;De 25 a 34 años;Defunciones;Fuerteventura;14
2006;Total;De 25 a 34 años;Defunciones;El Hierro;0
2006;Total;De 25 a 34 años;Defunciones;Canarias;223
2006;Total;De 1 a 4 años;Defunciones;Tenerife;6
2006;Total;De 1 a 4 años;Defunciones;Lanzarote;2
2006;Total;De 1 a 4 años;Defunciones;La Palma;1
2006;Total;De 1 a 4 años;Defunciones;La Gomera;0
2006;Total;De 1 a 4 años;Defunciones;Gran Canaria;7
2006;Total;De 1 a 4 años;Defunciones;Fuerteventura;1
2006;Total;De 1 a 4 años;Defunciones;El Hierro;0
2006;Total;De 1 a 4 años;Defunciones;Canarias;17
2006;Total;De 15 a 24 años;Defunciones;Tenerife;45
2006;Total;De 15 a 24 años;Defunciones;Lanzarote;14
2006;Total;De 15 a 24 años;Defunciones;La Palma;8
2006;Total;De 15 a 24 años;Defunciones;La Gomera;0
2006;Total;De 15 a 24 años;Defunciones;Gran Canaria;44
2006;Total;De 15 a 24 años;Defunciones;Fuerteventura;5
2006;Total;De 15 a 24 años;Defunciones;El Hierro;0
2006;Total;De 15 a 24 años;Defunciones;Canarias;116
2006;Total;Total;Defunciones;Tenerife;5488
2006;Total;Total;Defunciones;Lanzarote;600
2006;Total;Total;Defunciones;La Palma;766
2006;Total;Total;Defunciones;La Gomera;172
2006;Total;Total;Defunciones;Gran Canaria;5278
2006;Total;Total;Defunciones;Fuerteventura;303
2006;Total;Total;Defunciones;El Hierro;85
2006;Total;Total;Defunciones;Canarias;12692
2006;Total;Menos de 7 días;Defunciones;Tenerife;13
2006;Total;Menos de 7 días;Defunciones;Lanzarote;0
2006;Total;Menos de 7 días;Defunciones;La Palma;1
2006;Total;Menos de 7 días;Defunciones;La Gomera;0
2006;Total;Menos de 7 días;Defunciones;Gran Canaria;10
2006;Total;Menos de 7 días;Defunciones;Fuerteventura;2
2006;Total;Menos de 7 días;Defunciones;El Hierro;1
2006;Total;Menos de 7 días;Defunciones;Canarias;27
2006;Total;De 7 a 27 días;Defunciones;Tenerife;16
2006;Total;De 7 a 27 días;Defunciones;Lanzarote;2
2006;Total;De 7 a 27 días;Defunciones;La Palma;1
2006;Total;De 7 a 27 días;Defunciones;La Gomera;0
2006;Total;De 7 a 27 días;Defunciones;Gran Canaria;2
2006;Total;De 7 a 27 días;Defunciones;Fuerteventura;0
2006;Total;De 7 a 27 días;Defunciones;El Hierro;0
2006;Total;De 7 a 27 días;Defunciones;Canarias;21
2006;Total;De 28 días a menos de 1 año;Defunciones;Tenerife;17
2006;Total;De 28 días a menos de 1 año;Defunciones;Lanzarote;2
2006;Total;De 28 días a menos de 1 año;Defunciones;La Palma;0
2006;Total;De 28 días a menos de 1 año;Defunciones;La Gomera;0
2006;Total;De 28 días a menos de 1 año;Defunciones;Gran Canaria;16
2006;Total;De 28 días a menos de 1 año;Defunciones;Fuerteventura;1
2006;Total;De 28 días a menos de 1 año;Defunciones;El Hierro;0
2006;Total;De 28 días a menos de 1 año;Defunciones;Canarias;36
2006;Hombres;Menor de 1 año;Defunciones;Tenerife;27
2006;Hombres;Menor de 1 año;Defunciones;Lanzarote;3
2006;Hombres;Menor de 1 año;Defunciones;La Palma;2
2006;Hombres;Menor de 1 año;Defunciones;La Gomera;0
2006;Hombres;Menor de 1 año;Defunciones;Gran Canaria;13
2006;Hombres;Menor de 1 año;Defunciones;Fuerteventura;2
2006;Hombres;Menor de 1 año;Defunciones;El Hierro;1
2006;Hombres;Menor de 1 año;Defunciones;Canarias;48
2006;Hombres;95 años o más;Defunciones;Tenerife;50
2006;Hombres;95 años o más;Defunciones;Lanzarote;6
2006;Hombres;95 años o más;Defunciones;La Palma;5
2006;Hombres;95 años o más;Defunciones;La Gomera;5
2006;Hombres;95 años o más;Defunciones;Gran Canaria;57
2006;Hombres;95 años o más;Defunciones;Fuerteventura;2
2006;Hombres;95 años o más;Defunciones;El Hierro;1
2006;Hombres;95 años o más;Defunciones;Canarias;126
2006;Hombres;De 85 a 94 años;Defunciones;Tenerife;450
2006;Hombres;De 85 a 94 años;Defunciones;Lanzarote;45
2006;Hombres;De 85 a 94 años;Defunciones;La Palma;114
2006;Hombres;De 85 a 94 años;Defunciones;La Gomera;15
2006;Hombres;De 85 a 94 años;Defunciones;Gran Canaria;406
2006;Hombres;De 85 a 94 años;Defunciones;Fuerteventura;21
2006;Hombres;De 85 a 94 años;Defunciones;El Hierro;10
2006;Hombres;De 85 a 94 años;Defunciones;Canarias;1061
2006;Hombres;De 75 a 84 años;Defunciones;Tenerife;855
2006;Hombres;De 75 a 84 años;Defunciones;Lanzarote;69
2006;Hombres;De 75 a 84 años;Defunciones;La Palma;117
2006;Hombres;De 75 a 84 años;Defunciones;La Gomera;41
2006;Hombres;De 75 a 84 años;Defunciones;Gran Canaria;823
2006;Hombres;De 75 a 84 años;Defunciones;Fuerteventura;37
2006;Hombres;De 75 a 84 años;Defunciones;El Hierro;15
2006;Hombres;De 75 a 84 años;Defunciones;Canarias;1957
2006;Hombres;De 65 a 74 años;Defunciones;Tenerife;701
2006;Hombres;De 65 a 74 años;Defunciones;Lanzarote;65
2006;Hombres;De 65 a 74 años;Defunciones;La Palma;70
2006;Hombres;De 65 a 74 años;Defunciones;La Gomera;17
2006;Hombres;De 65 a 74 años;Defunciones;Gran Canaria;667
2006;Hombres;De 65 a 74 años;Defunciones;Fuerteventura;37
2006;Hombres;De 65 a 74 años;Defunciones;El Hierro;7
2006;Hombres;De 65 a 74 años;Defunciones;Canarias;1564
2006;Hombres;De 5 a 14 años;Defunciones;Tenerife;6
2006;Hombres;De 5 a 14 años;Defunciones;Lanzarote;0
2006;Hombres;De 5 a 14 años;Defunciones;La Palma;1
2006;Hombres;De 5 a 14 años;Defunciones;La Gomera;0
2006;Hombres;De 5 a 14 años;Defunciones;Gran Canaria;8
2006;Hombres;De 5 a 14 años;Defunciones;Fuerteventura;0
2006;Hombres;De 5 a 14 años;Defunciones;El Hierro;1
2006;Hombres;De 5 a 14 años;Defunciones;Canarias;16
2006;Hombres;De 55 a 64 años;Defunciones;Tenerife;422
2006;Hombres;De 55 a 64 años;Defunciones;Lanzarote;63
2006;Hombres;De 55 a 64 años;Defunciones;La Palma;43
2006;Hombres;De 55 a 64 años;Defunciones;La Gomera;12
2006;Hombres;De 55 a 64 años;Defunciones;Gran Canaria;444
2006;Hombres;De 55 a 64 años;Defunciones;Fuerteventura;38
2006;Hombres;De 55 a 64 años;Defunciones;El Hierro;3
2006;Hombres;De 55 a 64 años;Defunciones;Canarias;1025
2006;Hombres;De 45 a 54 años;Defunciones;Tenerife;286
2006;Hombres;De 45 a 54 años;Defunciones;Lanzarote;40
2006;Hombres;De 45 a 54 años;Defunciones;La Palma;22
2006;Hombres;De 45 a 54 años;Defunciones;La Gomera;6
2006;Hombres;De 45 a 54 años;Defunciones;Gran Canaria;259
2006;Hombres;De 45 a 54 años;Defunciones;Fuerteventura;30
2006;Hombres;De 45 a 54 años;Defunciones;El Hierro;1
2006;Hombres;De 45 a 54 años;Defunciones;Canarias;644
2006;Hombres;De 35 a 44 años;Defunciones;Tenerife;139
2006;Hombres;De 35 a 44 años;Defunciones;Lanzarote;24
2006;Hombres;De 35 a 44 años;Defunciones;La Palma;8
2006;Hombres;De 35 a 44 años;Defunciones;La Gomera;1
2006;Hombres;De 35 a 44 años;Defunciones;Gran Canaria;129
2006;Hombres;De 35 a 44 años;Defunciones;Fuerteventura;14
2006;Hombres;De 35 a 44 años;Defunciones;El Hierro;1
2006;Hombres;De 35 a 44 años;Defunciones;Canarias;316
2006;Hombres;De 25 a 34 años;Defunciones;Tenerife;82
2006;Hombres;De 25 a 34 años;Defunciones;Lanzarote;14
2006;Hombres;De 25 a 34 años;Defunciones;La Palma;7
2006;Hombres;De 25 a 34 años;Defunciones;La Gomera;0
2006;Hombres;De 25 a 34 años;Defunciones;Gran Canaria;50
2006;Hombres;De 25 a 34 años;Defunciones;Fuerteventura;12
2006;Hombres;De 25 a 34 años;Defunciones;El Hierro;0
2006;Hombres;De 25 a 34 años;Defunciones;Canarias;165
2006;Hombres;De 1 a 4 años;Defunciones;Tenerife;2
2006;Hombres;De 1 a 4 años;Defunciones;Lanzarote;1
2006;Hombres;De 1 a 4 años;Defunciones;La Palma;1
2006;Hombres;De 1 a 4 años;Defunciones;La Gomera;0
2006;Hombres;De 1 a 4 años;Defunciones;Gran Canaria;2
2006;Hombres;De 1 a 4 años;Defunciones;Fuerteventura;0
2006;Hombres;De 1 a 4 años;Defunciones;El Hierro;0
2006;Hombres;De 1 a 4 años;Defunciones;Canarias;6
2006;Hombres;De 15 a 24 años;Defunciones;Tenerife;38
2006;Hombres;De 15 a 24 años;Defunciones;Lanzarote;12
2006;Hombres;De 15 a 24 años;Defunciones;La Palma;6
2006;Hombres;De 15 a 24 años;Defunciones;La Gomera;0
2006;Hombres;De 15 a 24 años;Defunciones;Gran Canaria;37
2006;Hombres;De 15 a 24 años;Defunciones;Fuerteventura;4
2006;Hombres;De 15 a 24 años;Defunciones;El Hierro;0
2006;Hombres;De 15 a 24 años;Defunciones;Canarias;97
2006;Hombres;Total;Defunciones;Tenerife;3058
2006;Hombres;Total;Defunciones;Lanzarote;342
2006;Hombres;Total;Defunciones;La Palma;396
2006;Hombres;Total;Defunciones;La Gomera;97
2006;Hombres;Total;Defunciones;Gran Canaria;2895
2006;Hombres;Total;Defunciones;Fuerteventura;197
2006;Hombres;Total;Defunciones;El Hierro;40
2006;Hombres;Total;Defunciones;Canarias;7025
2006;Hombres;Menos de 7 días;Defunciones;Tenerife;5
2006;Hombres;Menos de 7 días;Defunciones;Lanzarote;0
2006;Hombres;Menos de 7 días;Defunciones;La Palma;1
2006;Hombres;Menos de 7 días;Defunciones;La Gomera;0
2006;Hombres;Menos de 7 días;Defunciones;Gran Canaria;6
2006;Hombres;Menos de 7 días;Defunciones;Fuerteventura;1
2006;Hombres;Menos de 7 días;Defunciones;El Hierro;1
2006;Hombres;Menos de 7 días;Defunciones;Canarias;14
2006;Hombres;De 7 a 27 días;Defunciones;Tenerife;11
2006;Hombres;De 7 a 27 días;Defunciones;Lanzarote;2
2006;Hombres;De 7 a 27 días;Defunciones;La Palma;1
2006;Hombres;De 7 a 27 días;Defunciones;La Gomera;0
2006;Hombres;De 7 a 27 días;Defunciones;Gran Canaria;1
2006;Hombres;De 7 a 27 días;Defunciones;Fuerteventura;0
2006;Hombres;De 7 a 27 días;Defunciones;El Hierro;0
2006;Hombres;De 7 a 27 días;Defunciones;Canarias;15
2006;Hombres;De 28 días a menos de 1 año;Defunciones;Tenerife;11
2006;Hombres;De 28 días a menos de 1 año;Defunciones;Lanzarote;1
2006;Hombres;De 28 días a menos de 1 año;Defunciones;La Palma;0
2006;Hombres;De 28 días a menos de 1 año;Defunciones;La Gomera;0
2006;Hombres;De 28 días a menos de 1 año;Defunciones;Gran Canaria;6
2006;Hombres;De 28 días a menos de 1 año;Defunciones;Fuerteventura;1
2006;Hombres;De 28 días a menos de 1 año;Defunciones;El Hierro;0
2006;Hombres;De 28 días a menos de 1 año;Defunciones;Canarias;19
2006;Mujeres;Menor de 1 año;Defunciones;Tenerife;19
2006;Mujeres;Menor de 1 año;Defunciones;Lanzarote;1
2006;Mujeres;Menor de 1 año;Defunciones;La Palma;0
2006;Mujeres;Menor de 1 año;Defunciones;La Gomera;0
2006;Mujeres;Menor de 1 año;Defunciones;Gran Canaria;15
2006;Mujeres;Menor de 1 año;Defunciones;Fuerteventura;1
2006;Mujeres;Menor de 1 año;Defunciones;El Hierro;0
2006;Mujeres;Menor de 1 año;Defunciones;Canarias;36
2006;Mujeres;95 años o más;Defunciones;Tenerife;146
2006;Mujeres;95 años o más;Defunciones;Lanzarote;21
2006;Mujeres;95 años o más;Defunciones;La Palma;30
2006;Mujeres;95 años o más;Defunciones;La Gomera;7
2006;Mujeres;95 años o más;Defunciones;Gran Canaria;150
2006;Mujeres;95 años o más;Defunciones;Fuerteventura;5
2006;Mujeres;95 años o más;Defunciones;El Hierro;5
2006;Mujeres;95 años o más;Defunciones;Canarias;364
2006;Mujeres;De 85 a 94 años;Defunciones;Tenerife;717
2006;Mujeres;De 85 a 94 años;Defunciones;Lanzarote;84
2006;Mujeres;De 85 a 94 años;Defunciones;La Palma;132
2006;Mujeres;De 85 a 94 años;Defunciones;La Gomera;33
2006;Mujeres;De 85 a 94 años;Defunciones;Gran Canaria;666
2006;Mujeres;De 85 a 94 años;Defunciones;Fuerteventura;30
2006;Mujeres;De 85 a 94 años;Defunciones;El Hierro;16
2006;Mujeres;De 85 a 94 años;Defunciones;Canarias;1678
2006;Mujeres;De 75 a 84 años;Defunciones;Tenerife;791
2006;Mujeres;De 75 a 84 años;Defunciones;Lanzarote;64
2006;Mujeres;De 75 a 84 años;Defunciones;La Palma;118
2006;Mujeres;De 75 a 84 años;Defunciones;La Gomera;18
2006;Mujeres;De 75 a 84 años;Defunciones;Gran Canaria;756
2006;Mujeres;De 75 a 84 años;Defunciones;Fuerteventura;26
2006;Mujeres;De 75 a 84 años;Defunciones;El Hierro;14
2006;Mujeres;De 75 a 84 años;Defunciones;Canarias;1787
2006;Mujeres;De 65 a 74 años;Defunciones;Tenerife;389
2006;Mujeres;De 65 a 74 años;Defunciones;Lanzarote;35
2006;Mujeres;De 65 a 74 años;Defunciones;La Palma;49
2006;Mujeres;De 65 a 74 años;Defunciones;La Gomera;7
2006;Mujeres;De 65 a 74 años;Defunciones;Gran Canaria;429
2006;Mujeres;De 65 a 74 años;Defunciones;Fuerteventura;19
2006;Mujeres;De 65 a 74 años;Defunciones;El Hierro;4
2006;Mujeres;De 65 a 74 años;Defunciones;Canarias;932
2006;Mujeres;De 5 a 14 años;Defunciones;Tenerife;5
2006;Mujeres;De 5 a 14 años;Defunciones;Lanzarote;1
2006;Mujeres;De 5 a 14 años;Defunciones;La Palma;0
2006;Mujeres;De 5 a 14 años;Defunciones;La Gomera;0
2006;Mujeres;De 5 a 14 años;Defunciones;Gran Canaria;6
2006;Mujeres;De 5 a 14 años;Defunciones;Fuerteventura;1
2006;Mujeres;De 5 a 14 años;Defunciones;El Hierro;0
2006;Mujeres;De 5 a 14 años;Defunciones;Canarias;13
2006;Mujeres;De 55 a 64 años;Defunciones;Tenerife;172
2006;Mujeres;De 55 a 64 años;Defunciones;Lanzarote;17
2006;Mujeres;De 55 a 64 años;Defunciones;La Palma;15
2006;Mujeres;De 55 a 64 años;Defunciones;La Gomera;7
2006;Mujeres;De 55 a 64 años;Defunciones;Gran Canaria;145
2006;Mujeres;De 55 a 64 años;Defunciones;Fuerteventura;10
2006;Mujeres;De 55 a 64 años;Defunciones;El Hierro;3
2006;Mujeres;De 55 a 64 años;Defunciones;Canarias;369
2006;Mujeres;De 45 a 54 años;Defunciones;Tenerife;101
2006;Mujeres;De 45 a 54 años;Defunciones;Lanzarote;20
2006;Mujeres;De 45 a 54 años;Defunciones;La Palma;13
2006;Mujeres;De 45 a 54 años;Defunciones;La Gomera;3
2006;Mujeres;De 45 a 54 años;Defunciones;Gran Canaria;106
2006;Mujeres;De 45 a 54 años;Defunciones;Fuerteventura;6
2006;Mujeres;De 45 a 54 años;Defunciones;El Hierro;1
2006;Mujeres;De 45 a 54 años;Defunciones;Canarias;250
2006;Mujeres;De 35 a 44 años;Defunciones;Tenerife;60
2006;Mujeres;De 35 a 44 años;Defunciones;Lanzarote;8
2006;Mujeres;De 35 a 44 años;Defunciones;La Palma;7
2006;Mujeres;De 35 a 44 años;Defunciones;La Gomera;0
2006;Mujeres;De 35 a 44 años;Defunciones;Gran Canaria;69
2006;Mujeres;De 35 a 44 años;Defunciones;Fuerteventura;4
2006;Mujeres;De 35 a 44 años;Defunciones;El Hierro;2
2006;Mujeres;De 35 a 44 años;Defunciones;Canarias;150
2006;Mujeres;De 25 a 34 años;Defunciones;Tenerife;19
2006;Mujeres;De 25 a 34 años;Defunciones;Lanzarote;4
2006;Mujeres;De 25 a 34 años;Defunciones;La Palma;4
2006;Mujeres;De 25 a 34 años;Defunciones;La Gomera;0
2006;Mujeres;De 25 a 34 años;Defunciones;Gran Canaria;29
2006;Mujeres;De 25 a 34 años;Defunciones;Fuerteventura;2
2006;Mujeres;De 25 a 34 años;Defunciones;El Hierro;0
2006;Mujeres;De 25 a 34 años;Defunciones;Canarias;58
2006;Mujeres;De 1 a 4 años;Defunciones;Tenerife;4
2006;Mujeres;De 1 a 4 años;Defunciones;Lanzarote;1
2006;Mujeres;De 1 a 4 años;Defunciones;La Palma;0
2006;Mujeres;De 1 a 4 años;Defunciones;La Gomera;0
2006;Mujeres;De 1 a 4 años;Defunciones;Gran Canaria;5
2006;Mujeres;De 1 a 4 años;Defunciones;Fuerteventura;1
2006;Mujeres;De 1 a 4 años;Defunciones;El Hierro;0
2006;Mujeres;De 1 a 4 años;Defunciones;Canarias;11
2006;Mujeres;De 15 a 24 años;Defunciones;Tenerife;7
2006;Mujeres;De 15 a 24 años;Defunciones;Lanzarote;2
2006;Mujeres;De 15 a 24 años;Defunciones;La Palma;2
2006;Mujeres;De 15 a 24 años;Defunciones;La Gomera;0
2006;Mujeres;De 15 a 24 años;Defunciones;Gran Canaria;7
2006;Mujeres;De 15 a 24 años;Defunciones;Fuerteventura;1
2006;Mujeres;De 15 a 24 años;Defunciones;El Hierro;0
2006;Mujeres;De 15 a 24 años;Defunciones;Canarias;19
2006;Mujeres;Total;Defunciones;Tenerife;2430
2006;Mujeres;Total;Defunciones;Lanzarote;258
2006;Mujeres;Total;Defunciones;La Palma;370
2006;Mujeres;Total;Defunciones;La Gomera;75
2006;Mujeres;Total;Defunciones;Gran Canaria;2383
2006;Mujeres;Total;Defunciones;Fuerteventura;106
2006;Mujeres;Total;Defunciones;El Hierro;45
2006;Mujeres;Total;Defunciones;Canarias;5667
2006;Mujeres;Menos de 7 días;Defunciones;Tenerife;8
2006;Mujeres;Menos de 7 días;Defunciones;Lanzarote;0
2006;Mujeres;Menos de 7 días;Defunciones;La Palma;0
2006;Mujeres;Menos de 7 días;Defunciones;La Gomera;0
2006;Mujeres;Menos de 7 días;Defunciones;Gran Canaria;4
2006;Mujeres;Menos de 7 días;Defunciones;Fuerteventura;1
2006;Mujeres;Menos de 7 días;Defunciones;El Hierro;0
2006;Mujeres;Menos de 7 días;Defunciones;Canarias;13
2006;Mujeres;De 7 a 27 días;Defunciones;Tenerife;5
2006;Mujeres;De 7 a 27 días;Defunciones;Lanzarote;0
2006;Mujeres;De 7 a 27 días;Defunciones;La Palma;0
2006;Mujeres;De 7 a 27 días;Defunciones;La Gomera;0
2006;Mujeres;De 7 a 27 días;Defunciones;Gran Canaria;1
2006;Mujeres;De 7 a 27 días;Defunciones;Fuerteventura;0
2006;Mujeres;De 7 a 27 días;Defunciones;El Hierro;0
2006;Mujeres;De 7 a 27 días;Defunciones;Canarias;6
2006;Mujeres;De 28 días a menos de 1 año;Defunciones;Tenerife;6
2006;Mujeres;De 28 días a menos de 1 año;Defunciones;Lanzarote;1
2006;Mujeres;De 28 días a menos de 1 año;Defunciones;La Palma;0
2006;Mujeres;De 28 días a menos de 1 año;Defunciones;La Gomera;0
2006;Mujeres;De 28 días a menos de 1 año;Defunciones;Gran Canaria;10
2006;Mujeres;De 28 días a menos de 1 año;Defunciones;Fuerteventura;0
2006;Mujeres;De 28 días a menos de 1 año;Defunciones;El Hierro;0
2006;Mujeres;De 28 días a menos de 1 año;Defunciones;Canarias;17
2007;Total;Menor de 1 año;Defunciones;Tenerife;49
2007;Total;Menor de 1 año;Defunciones;Lanzarote;4
2007;Total;Menor de 1 año;Defunciones;La Palma;2
2007;Total;Menor de 1 año;Defunciones;La Gomera;0
2007;Total;Menor de 1 año;Defunciones;Gran Canaria;19
2007;Total;Menor de 1 año;Defunciones;Fuerteventura;5
2007;Total;Menor de 1 año;Defunciones;El Hierro;0
2007;Total;Menor de 1 año;Defunciones;Canarias;79
2007;Total;95 años o más;Defunciones;Tenerife;220
2007;Total;95 años o más;Defunciones;Lanzarote;18
2007;Total;95 años o más;Defunciones;La Palma;41
2007;Total;95 años o más;Defunciones;La Gomera;9
2007;Total;95 años o más;Defunciones;Gran Canaria;195
2007;Total;95 años o más;Defunciones;Fuerteventura;4
2007;Total;95 años o más;Defunciones;El Hierro;2
2007;Total;95 años o más;Defunciones;Canarias;489
2007;Total;De 85 a 94 años;Defunciones;Tenerife;1294
2007;Total;De 85 a 94 años;Defunciones;Lanzarote;95
2007;Total;De 85 a 94 años;Defunciones;La Palma;232
2007;Total;De 85 a 94 años;Defunciones;La Gomera;41
2007;Total;De 85 a 94 años;Defunciones;Gran Canaria;1198
2007;Total;De 85 a 94 años;Defunciones;Fuerteventura;5
2007;Total;De 85 a 94 años;Defunciones;El Hierro;32
2007;Total;De 85 a 94 años;Defunciones;Canarias;2897
2007;Total;De 75 a 84 años;Defunciones;Tenerife;1824
2007;Total;De 75 a 84 años;Defunciones;Lanzarote;136
2007;Total;De 75 a 84 años;Defunciones;La Palma;232
2007;Total;De 75 a 84 años;Defunciones;La Gomera;53
2007;Total;De 75 a 84 años;Defunciones;Gran Canaria;1749
2007;Total;De 75 a 84 años;Defunciones;Fuerteventura;17
2007;Total;De 75 a 84 años;Defunciones;El Hierro;22
2007;Total;De 75 a 84 años;Defunciones;Canarias;4033
2007;Total;De 65 a 74 años;Defunciones;Tenerife;1128
2007;Total;De 65 a 74 años;Defunciones;Lanzarote;105
2007;Total;De 65 a 74 años;Defunciones;La Palma;101
2007;Total;De 65 a 74 años;Defunciones;La Gomera;22
2007;Total;De 65 a 74 años;Defunciones;Gran Canaria;1099
2007;Total;De 65 a 74 años;Defunciones;Fuerteventura;24
2007;Total;De 65 a 74 años;Defunciones;El Hierro;15
2007;Total;De 65 a 74 años;Defunciones;Canarias;2494
2007;Total;De 5 a 14 años;Defunciones;Tenerife;11
2007;Total;De 5 a 14 años;Defunciones;Lanzarote;1
2007;Total;De 5 a 14 años;Defunciones;La Palma;1
2007;Total;De 5 a 14 años;Defunciones;La Gomera;0
2007;Total;De 5 a 14 años;Defunciones;Gran Canaria;6
2007;Total;De 5 a 14 años;Defunciones;Fuerteventura;0
2007;Total;De 5 a 14 años;Defunciones;El Hierro;0
2007;Total;De 5 a 14 años;Defunciones;Canarias;19
2007;Total;De 55 a 64 años;Defunciones;Tenerife;646
2007;Total;De 55 a 64 años;Defunciones;Lanzarote;79
2007;Total;De 55 a 64 años;Defunciones;La Palma;59
2007;Total;De 55 a 64 años;Defunciones;La Gomera;15
2007;Total;De 55 a 64 años;Defunciones;Gran Canaria;604
2007;Total;De 55 a 64 años;Defunciones;Fuerteventura;18
2007;Total;De 55 a 64 años;Defunciones;El Hierro;13
2007;Total;De 55 a 64 años;Defunciones;Canarias;1434
2007;Total;De 45 a 54 años;Defunciones;Tenerife;375
2007;Total;De 45 a 54 años;Defunciones;Lanzarote;63
2007;Total;De 45 a 54 años;Defunciones;La Palma;31
2007;Total;De 45 a 54 años;Defunciones;La Gomera;13
2007;Total;De 45 a 54 años;Defunciones;Gran Canaria;377
2007;Total;De 45 a 54 años;Defunciones;Fuerteventura;23
2007;Total;De 45 a 54 años;Defunciones;El Hierro;1
2007;Total;De 45 a 54 años;Defunciones;Canarias;883
2007;Total;De 35 a 44 años;Defunciones;Tenerife;206
2007;Total;De 35 a 44 años;Defunciones;Lanzarote;25
2007;Total;De 35 a 44 años;Defunciones;La Palma;21
2007;Total;De 35 a 44 años;Defunciones;La Gomera;4
2007;Total;De 35 a 44 años;Defunciones;Gran Canaria;199
2007;Total;De 35 a 44 años;Defunciones;Fuerteventura;12
2007;Total;De 35 a 44 años;Defunciones;El Hierro;0
2007;Total;De 35 a 44 años;Defunciones;Canarias;467
2007;Total;De 25 a 34 años;Defunciones;Tenerife;105
2007;Total;De 25 a 34 años;Defunciones;Lanzarote;14
2007;Total;De 25 a 34 años;Defunciones;La Palma;10
2007;Total;De 25 a 34 años;Defunciones;La Gomera;1
2007;Total;De 25 a 34 años;Defunciones;Gran Canaria;87
2007;Total;De 25 a 34 años;Defunciones;Fuerteventura;11
2007;Total;De 25 a 34 años;Defunciones;El Hierro;5
2007;Total;De 25 a 34 años;Defunciones;Canarias;233
2007;Total;De 1 a 4 años;Defunciones;Tenerife;9
2007;Total;De 1 a 4 años;Defunciones;Lanzarote;1
2007;Total;De 1 a 4 años;Defunciones;La Palma;0
2007;Total;De 1 a 4 años;Defunciones;La Gomera;0
2007;Total;De 1 a 4 años;Defunciones;Gran Canaria;2
2007;Total;De 1 a 4 años;Defunciones;Fuerteventura;0
2007;Total;De 1 a 4 años;Defunciones;El Hierro;0
2007;Total;De 1 a 4 años;Defunciones;Canarias;12
2007;Total;De 15 a 24 años;Defunciones;Tenerife;45
2007;Total;De 15 a 24 años;Defunciones;Lanzarote;14
2007;Total;De 15 a 24 años;Defunciones;La Palma;5
2007;Total;De 15 a 24 años;Defunciones;La Gomera;0
2007;Total;De 15 a 24 años;Defunciones;Gran Canaria;34
2007;Total;De 15 a 24 años;Defunciones;Fuerteventura;4
2007;Total;De 15 a 24 años;Defunciones;El Hierro;0
2007;Total;De 15 a 24 años;Defunciones;Canarias;102
2007;Total;Total;Defunciones;Tenerife;5912
2007;Total;Total;Defunciones;Lanzarote;555
2007;Total;Total;Defunciones;La Palma;735
2007;Total;Total;Defunciones;La Gomera;158
2007;Total;Total;Defunciones;Gran Canaria;5569
2007;Total;Total;Defunciones;Fuerteventura;123
2007;Total;Total;Defunciones;El Hierro;90
2007;Total;Total;Defunciones;Canarias;13142
2007;Total;Menos de 7 días;Defunciones;Tenerife;17
2007;Total;Menos de 7 días;Defunciones;Lanzarote;1
2007;Total;Menos de 7 días;Defunciones;La Palma;1
2007;Total;Menos de 7 días;Defunciones;La Gomera;0
2007;Total;Menos de 7 días;Defunciones;Gran Canaria;4
2007;Total;Menos de 7 días;Defunciones;Fuerteventura;2
2007;Total;Menos de 7 días;Defunciones;El Hierro;0
2007;Total;Menos de 7 días;Defunciones;Canarias;25
2007;Total;De 7 a 27 días;Defunciones;Tenerife;21
2007;Total;De 7 a 27 días;Defunciones;Lanzarote;2
2007;Total;De 7 a 27 días;Defunciones;La Palma;0
2007;Total;De 7 a 27 días;Defunciones;La Gomera;0
2007;Total;De 7 a 27 días;Defunciones;Gran Canaria;4
2007;Total;De 7 a 27 días;Defunciones;Fuerteventura;1
2007;Total;De 7 a 27 días;Defunciones;El Hierro;0
2007;Total;De 7 a 27 días;Defunciones;Canarias;28
2007;Total;De 28 días a menos de 1 año;Defunciones;Tenerife;11
2007;Total;De 28 días a menos de 1 año;Defunciones;Lanzarote;1
2007;Total;De 28 días a menos de 1 año;Defunciones;La Palma;1
2007;Total;De 28 días a menos de 1 año;Defunciones;La Gomera;0
2007;Total;De 28 días a menos de 1 año;Defunciones;Gran Canaria;11
2007;Total;De 28 días a menos de 1 año;Defunciones;Fuerteventura;2
2007;Total;De 28 días a menos de 1 año;Defunciones;El Hierro;0
2007;Total;De 28 días a menos de 1 año;Defunciones;Canarias;26
2007;Hombres;Menor de 1 año;Defunciones;Tenerife;28
2007;Hombres;Menor de 1 año;Defunciones;Lanzarote;1
2007;Hombres;Menor de 1 año;Defunciones;La Palma;0
2007;Hombres;Menor de 1 año;Defunciones;La Gomera;0
2007;Hombres;Menor de 1 año;Defunciones;Gran Canaria;8
2007;Hombres;Menor de 1 año;Defunciones;Fuerteventura;3
2007;Hombres;Menor de 1 año;Defunciones;El Hierro;0
2007;Hombres;Menor de 1 año;Defunciones;Canarias;40
2007;Hombres;95 años o más;Defunciones;Tenerife;60
2007;Hombres;95 años o más;Defunciones;Lanzarote;5
2007;Hombres;95 años o más;Defunciones;La Palma;16
2007;Hombres;95 años o más;Defunciones;La Gomera;2
2007;Hombres;95 años o más;Defunciones;Gran Canaria;48
2007;Hombres;95 años o más;Defunciones;Fuerteventura;3
2007;Hombres;95 años o más;Defunciones;El Hierro;2
2007;Hombres;95 años o más;Defunciones;Canarias;136
2007;Hombres;De 85 a 94 años;Defunciones;Tenerife;488
2007;Hombres;De 85 a 94 años;Defunciones;Lanzarote;40
2007;Hombres;De 85 a 94 años;Defunciones;La Palma;84
2007;Hombres;De 85 a 94 años;Defunciones;La Gomera;16
2007;Hombres;De 85 a 94 años;Defunciones;Gran Canaria;422
2007;Hombres;De 85 a 94 años;Defunciones;Fuerteventura;2
2007;Hombres;De 85 a 94 años;Defunciones;El Hierro;12
2007;Hombres;De 85 a 94 años;Defunciones;Canarias;1064
2007;Hombres;De 75 a 84 años;Defunciones;Tenerife;985
2007;Hombres;De 75 a 84 años;Defunciones;Lanzarote;78
2007;Hombres;De 75 a 84 años;Defunciones;La Palma;125
2007;Hombres;De 75 a 84 años;Defunciones;La Gomera;30
2007;Hombres;De 75 a 84 años;Defunciones;Gran Canaria;939
2007;Hombres;De 75 a 84 años;Defunciones;Fuerteventura;10
2007;Hombres;De 75 a 84 años;Defunciones;El Hierro;11
2007;Hombres;De 75 a 84 años;Defunciones;Canarias;2178
2007;Hombres;De 65 a 74 años;Defunciones;Tenerife;733
2007;Hombres;De 65 a 74 años;Defunciones;Lanzarote;72
2007;Hombres;De 65 a 74 años;Defunciones;La Palma;60
2007;Hombres;De 65 a 74 años;Defunciones;La Gomera;18
2007;Hombres;De 65 a 74 años;Defunciones;Gran Canaria;713
2007;Hombres;De 65 a 74 años;Defunciones;Fuerteventura;21
2007;Hombres;De 65 a 74 años;Defunciones;El Hierro;6
2007;Hombres;De 65 a 74 años;Defunciones;Canarias;1623
2007;Hombres;De 5 a 14 años;Defunciones;Tenerife;5
2007;Hombres;De 5 a 14 años;Defunciones;Lanzarote;1
2007;Hombres;De 5 a 14 años;Defunciones;La Palma;0
2007;Hombres;De 5 a 14 años;Defunciones;La Gomera;0
2007;Hombres;De 5 a 14 años;Defunciones;Gran Canaria;2
2007;Hombres;De 5 a 14 años;Defunciones;Fuerteventura;0
2007;Hombres;De 5 a 14 años;Defunciones;El Hierro;0
2007;Hombres;De 5 a 14 años;Defunciones;Canarias;8
2007;Hombres;De 55 a 64 años;Defunciones;Tenerife;456
2007;Hombres;De 55 a 64 años;Defunciones;Lanzarote;62
2007;Hombres;De 55 a 64 años;Defunciones;La Palma;46
2007;Hombres;De 55 a 64 años;Defunciones;La Gomera;9
2007;Hombres;De 55 a 64 años;Defunciones;Gran Canaria;431
2007;Hombres;De 55 a 64 años;Defunciones;Fuerteventura;15
2007;Hombres;De 55 a 64 años;Defunciones;El Hierro;7
2007;Hombres;De 55 a 64 años;Defunciones;Canarias;1026
2007;Hombres;De 45 a 54 años;Defunciones;Tenerife;269
2007;Hombres;De 45 a 54 años;Defunciones;Lanzarote;51
2007;Hombres;De 45 a 54 años;Defunciones;La Palma;22
2007;Hombres;De 45 a 54 años;Defunciones;La Gomera;10
2007;Hombres;De 45 a 54 años;Defunciones;Gran Canaria;263
2007;Hombres;De 45 a 54 años;Defunciones;Fuerteventura;21
2007;Hombres;De 45 a 54 años;Defunciones;El Hierro;0
2007;Hombres;De 45 a 54 años;Defunciones;Canarias;636
2007;Hombres;De 35 a 44 años;Defunciones;Tenerife;139
2007;Hombres;De 35 a 44 años;Defunciones;Lanzarote;19
2007;Hombres;De 35 a 44 años;Defunciones;La Palma;14
2007;Hombres;De 35 a 44 años;Defunciones;La Gomera;1
2007;Hombres;De 35 a 44 años;Defunciones;Gran Canaria;142
2007;Hombres;De 35 a 44 años;Defunciones;Fuerteventura;9
2007;Hombres;De 35 a 44 años;Defunciones;El Hierro;0
2007;Hombres;De 35 a 44 años;Defunciones;Canarias;324
2007;Hombres;De 25 a 34 años;Defunciones;Tenerife;81
2007;Hombres;De 25 a 34 años;Defunciones;Lanzarote;8
2007;Hombres;De 25 a 34 años;Defunciones;La Palma;7
2007;Hombres;De 25 a 34 años;Defunciones;La Gomera;1
2007;Hombres;De 25 a 34 años;Defunciones;Gran Canaria;61
2007;Hombres;De 25 a 34 años;Defunciones;Fuerteventura;9
2007;Hombres;De 25 a 34 años;Defunciones;El Hierro;4
2007;Hombres;De 25 a 34 años;Defunciones;Canarias;171
2007;Hombres;De 1 a 4 años;Defunciones;Tenerife;5
2007;Hombres;De 1 a 4 años;Defunciones;Lanzarote;0
2007;Hombres;De 1 a 4 años;Defunciones;La Palma;0
2007;Hombres;De 1 a 4 años;Defunciones;La Gomera;0
2007;Hombres;De 1 a 4 años;Defunciones;Gran Canaria;2
2007;Hombres;De 1 a 4 años;Defunciones;Fuerteventura;0
2007;Hombres;De 1 a 4 años;Defunciones;El Hierro;0
2007;Hombres;De 1 a 4 años;Defunciones;Canarias;7
2007;Hombres;De 15 a 24 años;Defunciones;Tenerife;30
2007;Hombres;De 15 a 24 años;Defunciones;Lanzarote;10
2007;Hombres;De 15 a 24 años;Defunciones;La Palma;4
2007;Hombres;De 15 a 24 años;Defunciones;La Gomera;0
2007;Hombres;De 15 a 24 años;Defunciones;Gran Canaria;27
2007;Hombres;De 15 a 24 años;Defunciones;Fuerteventura;4
2007;Hombres;De 15 a 24 años;Defunciones;El Hierro;0
2007;Hombres;De 15 a 24 años;Defunciones;Canarias;75
2007;Hombres;Total;Defunciones;Tenerife;3279
2007;Hombres;Total;Defunciones;Lanzarote;347
2007;Hombres;Total;Defunciones;La Palma;378
2007;Hombres;Total;Defunciones;La Gomera;87
2007;Hombres;Total;Defunciones;Gran Canaria;3058
2007;Hombres;Total;Defunciones;Fuerteventura;97
2007;Hombres;Total;Defunciones;El Hierro;42
2007;Hombres;Total;Defunciones;Canarias;7288
2007;Hombres;Menos de 7 días;Defunciones;Tenerife;9
2007;Hombres;Menos de 7 días;Defunciones;Lanzarote;0
2007;Hombres;Menos de 7 días;Defunciones;La Palma;0
2007;Hombres;Menos de 7 días;Defunciones;La Gomera;0
2007;Hombres;Menos de 7 días;Defunciones;Gran Canaria;1
2007;Hombres;Menos de 7 días;Defunciones;Fuerteventura;1
2007;Hombres;Menos de 7 días;Defunciones;El Hierro;0
2007;Hombres;Menos de 7 días;Defunciones;Canarias;11
2007;Hombres;De 7 a 27 días;Defunciones;Tenerife;12
2007;Hombres;De 7 a 27 días;Defunciones;Lanzarote;1
2007;Hombres;De 7 a 27 días;Defunciones;La Palma;0
2007;Hombres;De 7 a 27 días;Defunciones;La Gomera;0
2007;Hombres;De 7 a 27 días;Defunciones;Gran Canaria;0
2007;Hombres;De 7 a 27 días;Defunciones;Fuerteventura;1
2007;Hombres;De 7 a 27 días;Defunciones;El Hierro;0
2007;Hombres;De 7 a 27 días;Defunciones;Canarias;14
2007;Hombres;De 28 días a menos de 1 año;Defunciones;Tenerife;7
2007;Hombres;De 28 días a menos de 1 año;Defunciones;Lanzarote;0
2007;Hombres;De 28 días a menos de 1 año;Defunciones;La Palma;0
2007;Hombres;De 28 días a menos de 1 año;Defunciones;La Gomera;0
2007;Hombres;De 28 días a menos de 1 año;Defunciones;Gran Canaria;7
2007;Hombres;De 28 días a menos de 1 año;Defunciones;Fuerteventura;1
2007;Hombres;De 28 días a menos de 1 año;Defunciones;El Hierro;0
2007;Hombres;De 28 días a menos de 1 año;Defunciones;Canarias;15
2007;Mujeres;Menor de 1 año;Defunciones;Tenerife;21
2007;Mujeres;Menor de 1 año;Defunciones;Lanzarote;3
2007;Mujeres;Menor de 1 año;Defunciones;La Palma;2
2007;Mujeres;Menor de 1 año;Defunciones;La Gomera;0
2007;Mujeres;Menor de 1 año;Defunciones;Gran Canaria;11
2007;Mujeres;Menor de 1 año;Defunciones;Fuerteventura;2
2007;Mujeres;Menor de 1 año;Defunciones;El Hierro;0
2007;Mujeres;Menor de 1 año;Defunciones;Canarias;39
2007;Mujeres;95 años o más;Defunciones;Tenerife;160
2007;Mujeres;95 años o más;Defunciones;Lanzarote;13
2007;Mujeres;95 años o más;Defunciones;La Palma;25
2007;Mujeres;95 años o más;Defunciones;La Gomera;7
2007;Mujeres;95 años o más;Defunciones;Gran Canaria;147
2007;Mujeres;95 años o más;Defunciones;Fuerteventura;1
2007;Mujeres;95 años o más;Defunciones;El Hierro;0
2007;Mujeres;95 años o más;Defunciones;Canarias;353
2007;Mujeres;De 85 a 94 años;Defunciones;Tenerife;806
2007;Mujeres;De 85 a 94 años;Defunciones;Lanzarote;55
2007;Mujeres;De 85 a 94 años;Defunciones;La Palma;148
2007;Mujeres;De 85 a 94 años;Defunciones;La Gomera;25
2007;Mujeres;De 85 a 94 años;Defunciones;Gran Canaria;776
2007;Mujeres;De 85 a 94 años;Defunciones;Fuerteventura;3
2007;Mujeres;De 85 a 94 años;Defunciones;El Hierro;20
2007;Mujeres;De 85 a 94 años;Defunciones;Canarias;1833
2007;Mujeres;De 75 a 84 años;Defunciones;Tenerife;839
2007;Mujeres;De 75 a 84 años;Defunciones;Lanzarote;58
2007;Mujeres;De 75 a 84 años;Defunciones;La Palma;107
2007;Mujeres;De 75 a 84 años;Defunciones;La Gomera;23
2007;Mujeres;De 75 a 84 años;Defunciones;Gran Canaria;810
2007;Mujeres;De 75 a 84 años;Defunciones;Fuerteventura;7
2007;Mujeres;De 75 a 84 años;Defunciones;El Hierro;11
2007;Mujeres;De 75 a 84 años;Defunciones;Canarias;1855
2007;Mujeres;De 65 a 74 años;Defunciones;Tenerife;395
2007;Mujeres;De 65 a 74 años;Defunciones;Lanzarote;33
2007;Mujeres;De 65 a 74 años;Defunciones;La Palma;41
2007;Mujeres;De 65 a 74 años;Defunciones;La Gomera;4
2007;Mujeres;De 65 a 74 años;Defunciones;Gran Canaria;386
2007;Mujeres;De 65 a 74 años;Defunciones;Fuerteventura;3
2007;Mujeres;De 65 a 74 años;Defunciones;El Hierro;9
2007;Mujeres;De 65 a 74 años;Defunciones;Canarias;871
2007;Mujeres;De 5 a 14 años;Defunciones;Tenerife;6
2007;Mujeres;De 5 a 14 años;Defunciones;Lanzarote;0
2007;Mujeres;De 5 a 14 años;Defunciones;La Palma;1
2007;Mujeres;De 5 a 14 años;Defunciones;La Gomera;0
2007;Mujeres;De 5 a 14 años;Defunciones;Gran Canaria;4
2007;Mujeres;De 5 a 14 años;Defunciones;Fuerteventura;0
2007;Mujeres;De 5 a 14 años;Defunciones;El Hierro;0
2007;Mujeres;De 5 a 14 años;Defunciones;Canarias;11
2007;Mujeres;De 55 a 64 años;Defunciones;Tenerife;190
2007;Mujeres;De 55 a 64 años;Defunciones;Lanzarote;17
2007;Mujeres;De 55 a 64 años;Defunciones;La Palma;13
2007;Mujeres;De 55 a 64 años;Defunciones;La Gomera;6
2007;Mujeres;De 55 a 64 años;Defunciones;Gran Canaria;173
2007;Mujeres;De 55 a 64 años;Defunciones;Fuerteventura;3
2007;Mujeres;De 55 a 64 años;Defunciones;El Hierro;6
2007;Mujeres;De 55 a 64 años;Defunciones;Canarias;408
2007;Mujeres;De 45 a 54 años;Defunciones;Tenerife;106
2007;Mujeres;De 45 a 54 años;Defunciones;Lanzarote;12
2007;Mujeres;De 45 a 54 años;Defunciones;La Palma;9
2007;Mujeres;De 45 a 54 años;Defunciones;La Gomera;3
2007;Mujeres;De 45 a 54 años;Defunciones;Gran Canaria;114
2007;Mujeres;De 45 a 54 años;Defunciones;Fuerteventura;2
2007;Mujeres;De 45 a 54 años;Defunciones;El Hierro;1
2007;Mujeres;De 45 a 54 años;Defunciones;Canarias;247
2007;Mujeres;De 35 a 44 años;Defunciones;Tenerife;67
2007;Mujeres;De 35 a 44 años;Defunciones;Lanzarote;6
2007;Mujeres;De 35 a 44 años;Defunciones;La Palma;7
2007;Mujeres;De 35 a 44 años;Defunciones;La Gomera;3
2007;Mujeres;De 35 a 44 años;Defunciones;Gran Canaria;57
2007;Mujeres;De 35 a 44 años;Defunciones;Fuerteventura;3
2007;Mujeres;De 35 a 44 años;Defunciones;El Hierro;0
2007;Mujeres;De 35 a 44 años;Defunciones;Canarias;143
2007;Mujeres;De 25 a 34 años;Defunciones;Tenerife;24
2007;Mujeres;De 25 a 34 años;Defunciones;Lanzarote;6
2007;Mujeres;De 25 a 34 años;Defunciones;La Palma;3
2007;Mujeres;De 25 a 34 años;Defunciones;La Gomera;0
2007;Mujeres;De 25 a 34 años;Defunciones;Gran Canaria;26
2007;Mujeres;De 25 a 34 años;Defunciones;Fuerteventura;2
2007;Mujeres;De 25 a 34 años;Defunciones;El Hierro;1
2007;Mujeres;De 25 a 34 años;Defunciones;Canarias;62
2007;Mujeres;De 1 a 4 años;Defunciones;Tenerife;4
2007;Mujeres;De 1 a 4 años;Defunciones;Lanzarote;1
2007;Mujeres;De 1 a 4 años;Defunciones;La Palma;0
2007;Mujeres;De 1 a 4 años;Defunciones;La Gomera;0
2007;Mujeres;De 1 a 4 años;Defunciones;Gran Canaria;0
2007;Mujeres;De 1 a 4 años;Defunciones;Fuerteventura;0
2007;Mujeres;De 1 a 4 años;Defunciones;El Hierro;0
2007;Mujeres;De 1 a 4 años;Defunciones;Canarias;5
2007;Mujeres;De 15 a 24 años;Defunciones;Tenerife;15
2007;Mujeres;De 15 a 24 años;Defunciones;Lanzarote;4
2007;Mujeres;De 15 a 24 años;Defunciones;La Palma;1
2007;Mujeres;De 15 a 24 años;Defunciones;La Gomera;0
2007;Mujeres;De 15 a 24 años;Defunciones;Gran Canaria;7
2007;Mujeres;De 15 a 24 años;Defunciones;Fuerteventura;0
2007;Mujeres;De 15 a 24 años;Defunciones;El Hierro;0
2007;Mujeres;De 15 a 24 años;Defunciones;Canarias;27
2007;Mujeres;Total;Defunciones;Tenerife;2633
2007;Mujeres;Total;Defunciones;Lanzarote;208
2007;Mujeres;Total;Defunciones;La Palma;357
2007;Mujeres;Total;Defunciones;La Gomera;71
2007;Mujeres;Total;Defunciones;Gran Canaria;2511
2007;Mujeres;Total;Defunciones;Fuerteventura;26
2007;Mujeres;Total;Defunciones;El Hierro;48
2007;Mujeres;Total;Defunciones;Canarias;5854
2007;Mujeres;Menos de 7 días;Defunciones;Tenerife;8
2007;Mujeres;Menos de 7 días;Defunciones;Lanzarote;1
2007;Mujeres;Menos de 7 días;Defunciones;La Palma;1
2007;Mujeres;Menos de 7 días;Defunciones;La Gomera;0
2007;Mujeres;Menos de 7 días;Defunciones;Gran Canaria;3
2007;Mujeres;Menos de 7 días;Defunciones;Fuerteventura;1
2007;Mujeres;Menos de 7 días;Defunciones;El Hierro;0
2007;Mujeres;Menos de 7 días;Defunciones;Canarias;14
2007;Mujeres;De 7 a 27 días;Defunciones;Tenerife;9
2007;Mujeres;De 7 a 27 días;Defunciones;Lanzarote;1
2007;Mujeres;De 7 a 27 días;Defunciones;La Palma;0
2007;Mujeres;De 7 a 27 días;Defunciones;La Gomera;0
2007;Mujeres;De 7 a 27 días;Defunciones;Gran Canaria;4
2007;Mujeres;De 7 a 27 días;Defunciones;Fuerteventura;0
2007;Mujeres;De 7 a 27 días;Defunciones;El Hierro;0
2007;Mujeres;De 7 a 27 días;Defunciones;Canarias;14
2007;Mujeres;De 28 días a menos de 1 año;Defunciones;Tenerife;4
2007;Mujeres;De 28 días a menos de 1 año;Defunciones;Lanzarote;1
2007;Mujeres;De 28 días a menos de 1 año;Defunciones;La Palma;1
2007;Mujeres;De 28 días a menos de 1 año;Defunciones;La Gomera;0
2007;Mujeres;De 28 días a menos de 1 año;Defunciones;Gran Canaria;4
2007;Mujeres;De 28 días a menos de 1 año;Defunciones;Fuerteventura;1
2007;Mujeres;De 28 días a menos de 1 año;Defunciones;El Hierro;0
2007;Mujeres;De 28 días a menos de 1 año;Defunciones;Canarias;11
2008;Total;Menor de 1 año;Defunciones;Tenerife;43
2008;Total;Menor de 1 año;Defunciones;Lanzarote;5
2008;Total;Menor de 1 año;Defunciones;La Palma;2
2008;Total;Menor de 1 año;Defunciones;La Gomera;0
2008;Total;Menor de 1 año;Defunciones;Gran Canaria;24
2008;Total;Menor de 1 año;Defunciones;Fuerteventura;6
2008;Total;Menor de 1 año;Defunciones;El Hierro;0
2008;Total;Menor de 1 año;Defunciones;Canarias;80
2008;Total;95 años o más;Defunciones;Tenerife;231
2008;Total;95 años o más;Defunciones;Lanzarote;22
2008;Total;95 años o más;Defunciones;La Palma;44
2008;Total;95 años o más;Defunciones;La Gomera;13
2008;Total;95 años o más;Defunciones;Gran Canaria;193
2008;Total;95 años o más;Defunciones;Fuerteventura;11
2008;Total;95 años o más;Defunciones;El Hierro;5
2008;Total;95 años o más;Defunciones;Canarias;519
2008;Total;De 85 a 94 años;Defunciones;Tenerife;1356
2008;Total;De 85 a 94 años;Defunciones;Lanzarote;120
2008;Total;De 85 a 94 años;Defunciones;La Palma;197
2008;Total;De 85 a 94 años;Defunciones;La Gomera;46
2008;Total;De 85 a 94 años;Defunciones;Gran Canaria;1215
2008;Total;De 85 a 94 años;Defunciones;Fuerteventura;48
2008;Total;De 85 a 94 años;Defunciones;El Hierro;30
2008;Total;De 85 a 94 años;Defunciones;Canarias;3012
2008;Total;De 75 a 84 años;Defunciones;Tenerife;1720
2008;Total;De 75 a 84 años;Defunciones;Lanzarote;136
2008;Total;De 75 a 84 años;Defunciones;La Palma;231
2008;Total;De 75 a 84 años;Defunciones;La Gomera;47
2008;Total;De 75 a 84 años;Defunciones;Gran Canaria;1829
2008;Total;De 75 a 84 años;Defunciones;Fuerteventura;67
2008;Total;De 75 a 84 años;Defunciones;El Hierro;25
2008;Total;De 75 a 84 años;Defunciones;Canarias;4055
2008;Total;De 65 a 74 años;Defunciones;Tenerife;1061
2008;Total;De 65 a 74 años;Defunciones;Lanzarote;110
2008;Total;De 65 a 74 años;Defunciones;La Palma;127
2008;Total;De 65 a 74 años;Defunciones;La Gomera;33
2008;Total;De 65 a 74 años;Defunciones;Gran Canaria;1083
2008;Total;De 65 a 74 años;Defunciones;Fuerteventura;62
2008;Total;De 65 a 74 años;Defunciones;El Hierro;16
2008;Total;De 65 a 74 años;Defunciones;Canarias;2492
2008;Total;De 5 a 14 años;Defunciones;Tenerife;15
2008;Total;De 5 a 14 años;Defunciones;Lanzarote;6
2008;Total;De 5 a 14 años;Defunciones;La Palma;2
2008;Total;De 5 a 14 años;Defunciones;La Gomera;0
2008;Total;De 5 a 14 años;Defunciones;Gran Canaria;26
2008;Total;De 5 a 14 años;Defunciones;Fuerteventura;1
2008;Total;De 5 a 14 años;Defunciones;El Hierro;0
2008;Total;De 5 a 14 años;Defunciones;Canarias;50
2008;Total;De 55 a 64 años;Defunciones;Tenerife;645
2008;Total;De 55 a 64 años;Defunciones;Lanzarote;77
2008;Total;De 55 a 64 años;Defunciones;La Palma;55
2008;Total;De 55 a 64 años;Defunciones;La Gomera;16
2008;Total;De 55 a 64 años;Defunciones;Gran Canaria;651
2008;Total;De 55 a 64 años;Defunciones;Fuerteventura;34
2008;Total;De 55 a 64 años;Defunciones;El Hierro;5
2008;Total;De 55 a 64 años;Defunciones;Canarias;1483
2008;Total;De 45 a 54 años;Defunciones;Tenerife;389
2008;Total;De 45 a 54 años;Defunciones;Lanzarote;60
2008;Total;De 45 a 54 años;Defunciones;La Palma;37
2008;Total;De 45 a 54 años;Defunciones;La Gomera;9
2008;Total;De 45 a 54 años;Defunciones;Gran Canaria;425
2008;Total;De 45 a 54 años;Defunciones;Fuerteventura;38
2008;Total;De 45 a 54 años;Defunciones;El Hierro;4
2008;Total;De 45 a 54 años;Defunciones;Canarias;962
2008;Total;De 35 a 44 años;Defunciones;Tenerife;174
2008;Total;De 35 a 44 años;Defunciones;Lanzarote;25
2008;Total;De 35 a 44 años;Defunciones;La Palma;18
2008;Total;De 35 a 44 años;Defunciones;La Gomera;5
2008;Total;De 35 a 44 años;Defunciones;Gran Canaria;204
2008;Total;De 35 a 44 años;Defunciones;Fuerteventura;16
2008;Total;De 35 a 44 años;Defunciones;El Hierro;0
2008;Total;De 35 a 44 años;Defunciones;Canarias;442
2008;Total;De 25 a 34 años;Defunciones;Tenerife;96
2008;Total;De 25 a 34 años;Defunciones;Lanzarote;13
2008;Total;De 25 a 34 años;Defunciones;La Palma;13
2008;Total;De 25 a 34 años;Defunciones;La Gomera;4
2008;Total;De 25 a 34 años;Defunciones;Gran Canaria;93
2008;Total;De 25 a 34 años;Defunciones;Fuerteventura;18
2008;Total;De 25 a 34 años;Defunciones;El Hierro;0
2008;Total;De 25 a 34 años;Defunciones;Canarias;237
2008;Total;De 1 a 4 años;Defunciones;Tenerife;9
2008;Total;De 1 a 4 años;Defunciones;Lanzarote;0
2008;Total;De 1 a 4 años;Defunciones;La Palma;1
2008;Total;De 1 a 4 años;Defunciones;La Gomera;0
2008;Total;De 1 a 4 años;Defunciones;Gran Canaria;10
2008;Total;De 1 a 4 años;Defunciones;Fuerteventura;0
2008;Total;De 1 a 4 años;Defunciones;El Hierro;0
2008;Total;De 1 a 4 años;Defunciones;Canarias;20
2008;Total;De 15 a 24 años;Defunciones;Tenerife;39
2008;Total;De 15 a 24 años;Defunciones;Lanzarote;6
2008;Total;De 15 a 24 años;Defunciones;La Palma;5
2008;Total;De 15 a 24 años;Defunciones;La Gomera;1
2008;Total;De 15 a 24 años;Defunciones;Gran Canaria;55
2008;Total;De 15 a 24 años;Defunciones;Fuerteventura;4
2008;Total;De 15 a 24 años;Defunciones;El Hierro;0
2008;Total;De 15 a 24 años;Defunciones;Canarias;110
2008;Total;Total;Defunciones;Tenerife;5778
2008;Total;Total;Defunciones;Lanzarote;580
2008;Total;Total;Defunciones;La Palma;732
2008;Total;Total;Defunciones;La Gomera;174
2008;Total;Total;Defunciones;Gran Canaria;5808
2008;Total;Total;Defunciones;Fuerteventura;305
2008;Total;Total;Defunciones;El Hierro;85
2008;Total;Total;Defunciones;Canarias;13462
2008;Total;Menos de 7 días;Defunciones;Tenerife;16
2008;Total;Menos de 7 días;Defunciones;Lanzarote;1
2008;Total;Menos de 7 días;Defunciones;La Palma;1
2008;Total;Menos de 7 días;Defunciones;La Gomera;0
2008;Total;Menos de 7 días;Defunciones;Gran Canaria;5
2008;Total;Menos de 7 días;Defunciones;Fuerteventura;1
2008;Total;Menos de 7 días;Defunciones;El Hierro;0
2008;Total;Menos de 7 días;Defunciones;Canarias;24
2008;Total;De 7 a 27 días;Defunciones;Tenerife;13
2008;Total;De 7 a 27 días;Defunciones;Lanzarote;1
2008;Total;De 7 a 27 días;Defunciones;La Palma;0
2008;Total;De 7 a 27 días;Defunciones;La Gomera;0
2008;Total;De 7 a 27 días;Defunciones;Gran Canaria;5
2008;Total;De 7 a 27 días;Defunciones;Fuerteventura;2
2008;Total;De 7 a 27 días;Defunciones;El Hierro;0
2008;Total;De 7 a 27 días;Defunciones;Canarias;21
2008;Total;De 28 días a menos de 1 año;Defunciones;Tenerife;14
2008;Total;De 28 días a menos de 1 año;Defunciones;Lanzarote;3
2008;Total;De 28 días a menos de 1 año;Defunciones;La Palma;1
2008;Total;De 28 días a menos de 1 año;Defunciones;La Gomera;0
2008;Total;De 28 días a menos de 1 año;Defunciones;Gran Canaria;14
2008;Total;De 28 días a menos de 1 año;Defunciones;Fuerteventura;3
2008;Total;De 28 días a menos de 1 año;Defunciones;El Hierro;0
2008;Total;De 28 días a menos de 1 año;Defunciones;Canarias;35
2008;Hombres;Menor de 1 año;Defunciones;Tenerife;21
2008;Hombres;Menor de 1 año;Defunciones;Lanzarote;3
2008;Hombres;Menor de 1 año;Defunciones;La Palma;1
2008;Hombres;Menor de 1 año;Defunciones;La Gomera;0
2008;Hombres;Menor de 1 año;Defunciones;Gran Canaria;14
2008;Hombres;Menor de 1 año;Defunciones;Fuerteventura;4
2008;Hombres;Menor de 1 año;Defunciones;El Hierro;0
2008;Hombres;Menor de 1 año;Defunciones;Canarias;43
2008;Hombres;95 años o más;Defunciones;Tenerife;52
2008;Hombres;95 años o más;Defunciones;Lanzarote;2
2008;Hombres;95 años o más;Defunciones;La Palma;10
2008;Hombres;95 años o más;Defunciones;La Gomera;6
2008;Hombres;95 años o más;Defunciones;Gran Canaria;53
2008;Hombres;95 años o más;Defunciones;Fuerteventura;2
2008;Hombres;95 años o más;Defunciones;El Hierro;2
2008;Hombres;95 años o más;Defunciones;Canarias;127
2008;Hombres;De 85 a 94 años;Defunciones;Tenerife;528
2008;Hombres;De 85 a 94 años;Defunciones;Lanzarote;57
2008;Hombres;De 85 a 94 años;Defunciones;La Palma;70
2008;Hombres;De 85 a 94 años;Defunciones;La Gomera;19
2008;Hombres;De 85 a 94 años;Defunciones;Gran Canaria;457
2008;Hombres;De 85 a 94 años;Defunciones;Fuerteventura;23
2008;Hombres;De 85 a 94 años;Defunciones;El Hierro;13
2008;Hombres;De 85 a 94 años;Defunciones;Canarias;1167
2008;Hombres;De 75 a 84 años;Defunciones;Tenerife;901
2008;Hombres;De 75 a 84 años;Defunciones;Lanzarote;80
2008;Hombres;De 75 a 84 años;Defunciones;La Palma;129
2008;Hombres;De 75 a 84 años;Defunciones;La Gomera;26
2008;Hombres;De 75 a 84 años;Defunciones;Gran Canaria;965
2008;Hombres;De 75 a 84 años;Defunciones;Fuerteventura;36
2008;Hombres;De 75 a 84 años;Defunciones;El Hierro;16
2008;Hombres;De 75 a 84 años;Defunciones;Canarias;2153
2008;Hombres;De 65 a 74 años;Defunciones;Tenerife;680
2008;Hombres;De 65 a 74 años;Defunciones;Lanzarote;80
2008;Hombres;De 65 a 74 años;Defunciones;La Palma;86
2008;Hombres;De 65 a 74 años;Defunciones;La Gomera;24
2008;Hombres;De 65 a 74 años;Defunciones;Gran Canaria;674
2008;Hombres;De 65 a 74 años;Defunciones;Fuerteventura;50
2008;Hombres;De 65 a 74 años;Defunciones;El Hierro;12
2008;Hombres;De 65 a 74 años;Defunciones;Canarias;1606
2008;Hombres;De 5 a 14 años;Defunciones;Tenerife;10
2008;Hombres;De 5 a 14 años;Defunciones;Lanzarote;3
2008;Hombres;De 5 a 14 años;Defunciones;La Palma;0
2008;Hombres;De 5 a 14 años;Defunciones;La Gomera;0
2008;Hombres;De 5 a 14 años;Defunciones;Gran Canaria;15
2008;Hombres;De 5 a 14 años;Defunciones;Fuerteventura;0
2008;Hombres;De 5 a 14 años;Defunciones;El Hierro;0
2008;Hombres;De 5 a 14 años;Defunciones;Canarias;28
2008;Hombres;De 55 a 64 años;Defunciones;Tenerife;457
2008;Hombres;De 55 a 64 años;Defunciones;Lanzarote;54
2008;Hombres;De 55 a 64 años;Defunciones;La Palma;38
2008;Hombres;De 55 a 64 años;Defunciones;La Gomera;12
2008;Hombres;De 55 a 64 años;Defunciones;Gran Canaria;465
2008;Hombres;De 55 a 64 años;Defunciones;Fuerteventura;28
2008;Hombres;De 55 a 64 años;Defunciones;El Hierro;5
2008;Hombres;De 55 a 64 años;Defunciones;Canarias;1059
2008;Hombres;De 45 a 54 años;Defunciones;Tenerife;270
2008;Hombres;De 45 a 54 años;Defunciones;Lanzarote;38
2008;Hombres;De 45 a 54 años;Defunciones;La Palma;25
2008;Hombres;De 45 a 54 años;Defunciones;La Gomera;9
2008;Hombres;De 45 a 54 años;Defunciones;Gran Canaria;297
2008;Hombres;De 45 a 54 años;Defunciones;Fuerteventura;32
2008;Hombres;De 45 a 54 años;Defunciones;El Hierro;1
2008;Hombres;De 45 a 54 años;Defunciones;Canarias;672
2008;Hombres;De 35 a 44 años;Defunciones;Tenerife;117
2008;Hombres;De 35 a 44 años;Defunciones;Lanzarote;14
2008;Hombres;De 35 a 44 años;Defunciones;La Palma;11
2008;Hombres;De 35 a 44 años;Defunciones;La Gomera;5
2008;Hombres;De 35 a 44 años;Defunciones;Gran Canaria;136
2008;Hombres;De 35 a 44 años;Defunciones;Fuerteventura;11
2008;Hombres;De 35 a 44 años;Defunciones;El Hierro;0
2008;Hombres;De 35 a 44 años;Defunciones;Canarias;294
2008;Hombres;De 25 a 34 años;Defunciones;Tenerife;67
2008;Hombres;De 25 a 34 años;Defunciones;Lanzarote;9
2008;Hombres;De 25 a 34 años;Defunciones;La Palma;12
2008;Hombres;De 25 a 34 años;Defunciones;La Gomera;2
2008;Hombres;De 25 a 34 años;Defunciones;Gran Canaria;64
2008;Hombres;De 25 a 34 años;Defunciones;Fuerteventura;12
2008;Hombres;De 25 a 34 años;Defunciones;El Hierro;0
2008;Hombres;De 25 a 34 años;Defunciones;Canarias;166
2008;Hombres;De 1 a 4 años;Defunciones;Tenerife;3
2008;Hombres;De 1 a 4 años;Defunciones;Lanzarote;0
2008;Hombres;De 1 a 4 años;Defunciones;La Palma;0
2008;Hombres;De 1 a 4 años;Defunciones;La Gomera;0
2008;Hombres;De 1 a 4 años;Defunciones;Gran Canaria;8
2008;Hombres;De 1 a 4 años;Defunciones;Fuerteventura;0
2008;Hombres;De 1 a 4 años;Defunciones;El Hierro;0
2008;Hombres;De 1 a 4 años;Defunciones;Canarias;11
2008;Hombres;De 15 a 24 años;Defunciones;Tenerife;32
2008;Hombres;De 15 a 24 años;Defunciones;Lanzarote;5
2008;Hombres;De 15 a 24 años;Defunciones;La Palma;3
2008;Hombres;De 15 a 24 años;Defunciones;La Gomera;1
2008;Hombres;De 15 a 24 años;Defunciones;Gran Canaria;39
2008;Hombres;De 15 a 24 años;Defunciones;Fuerteventura;2
2008;Hombres;De 15 a 24 años;Defunciones;El Hierro;0
2008;Hombres;De 15 a 24 años;Defunciones;Canarias;82
2008;Hombres;Total;Defunciones;Tenerife;3138
2008;Hombres;Total;Defunciones;Lanzarote;345
2008;Hombres;Total;Defunciones;La Palma;385
2008;Hombres;Total;Defunciones;La Gomera;104
2008;Hombres;Total;Defunciones;Gran Canaria;3187
2008;Hombres;Total;Defunciones;Fuerteventura;200
2008;Hombres;Total;Defunciones;El Hierro;49
2008;Hombres;Total;Defunciones;Canarias;7408
2008;Hombres;Menos de 7 días;Defunciones;Tenerife;8
2008;Hombres;Menos de 7 días;Defunciones;Lanzarote;1
2008;Hombres;Menos de 7 días;Defunciones;La Palma;1
2008;Hombres;Menos de 7 días;Defunciones;La Gomera;0
2008;Hombres;Menos de 7 días;Defunciones;Gran Canaria;3
2008;Hombres;Menos de 7 días;Defunciones;Fuerteventura;0
2008;Hombres;Menos de 7 días;Defunciones;El Hierro;0
2008;Hombres;Menos de 7 días;Defunciones;Canarias;13
2008;Hombres;De 7 a 27 días;Defunciones;Tenerife;6
2008;Hombres;De 7 a 27 días;Defunciones;Lanzarote;0
2008;Hombres;De 7 a 27 días;Defunciones;La Palma;0
2008;Hombres;De 7 a 27 días;Defunciones;La Gomera;0
2008;Hombres;De 7 a 27 días;Defunciones;Gran Canaria;2
2008;Hombres;De 7 a 27 días;Defunciones;Fuerteventura;2
2008;Hombres;De 7 a 27 días;Defunciones;El Hierro;0
2008;Hombres;De 7 a 27 días;Defunciones;Canarias;10
2008;Hombres;De 28 días a menos de 1 año;Defunciones;Tenerife;7
2008;Hombres;De 28 días a menos de 1 año;Defunciones;Lanzarote;2
2008;Hombres;De 28 días a menos de 1 año;Defunciones;La Palma;0
2008;Hombres;De 28 días a menos de 1 año;Defunciones;La Gomera;0
2008;Hombres;De 28 días a menos de 1 año;Defunciones;Gran Canaria;9
2008;Hombres;De 28 días a menos de 1 año;Defunciones;Fuerteventura;2
2008;Hombres;De 28 días a menos de 1 año;Defunciones;El Hierro;0
2008;Hombres;De 28 días a menos de 1 año;Defunciones;Canarias;20
2008;Mujeres;Menor de 1 año;Defunciones;Tenerife;22
2008;Mujeres;Menor de 1 año;Defunciones;Lanzarote;2
2008;Mujeres;Menor de 1 año;Defunciones;La Palma;1
2008;Mujeres;Menor de 1 año;Defunciones;La Gomera;0
2008;Mujeres;Menor de 1 año;Defunciones;Gran Canaria;10
2008;Mujeres;Menor de 1 año;Defunciones;Fuerteventura;2
2008;Mujeres;Menor de 1 año;Defunciones;El Hierro;0
2008;Mujeres;Menor de 1 año;Defunciones;Canarias;37
2008;Mujeres;95 años o más;Defunciones;Tenerife;179
2008;Mujeres;95 años o más;Defunciones;Lanzarote;20
2008;Mujeres;95 años o más;Defunciones;La Palma;34
2008;Mujeres;95 años o más;Defunciones;La Gomera;7
2008;Mujeres;95 años o más;Defunciones;Gran Canaria;140
2008;Mujeres;95 años o más;Defunciones;Fuerteventura;9
2008;Mujeres;95 años o más;Defunciones;El Hierro;3
2008;Mujeres;95 años o más;Defunciones;Canarias;392
2008;Mujeres;De 85 a 94 años;Defunciones;Tenerife;828
2008;Mujeres;De 85 a 94 años;Defunciones;Lanzarote;63
2008;Mujeres;De 85 a 94 años;Defunciones;La Palma;127
2008;Mujeres;De 85 a 94 años;Defunciones;La Gomera;27
2008;Mujeres;De 85 a 94 años;Defunciones;Gran Canaria;758
2008;Mujeres;De 85 a 94 años;Defunciones;Fuerteventura;25
2008;Mujeres;De 85 a 94 años;Defunciones;El Hierro;17
2008;Mujeres;De 85 a 94 años;Defunciones;Canarias;1845
2008;Mujeres;De 75 a 84 años;Defunciones;Tenerife;819
2008;Mujeres;De 75 a 84 años;Defunciones;Lanzarote;56
2008;Mujeres;De 75 a 84 años;Defunciones;La Palma;102
2008;Mujeres;De 75 a 84 años;Defunciones;La Gomera;21
2008;Mujeres;De 75 a 84 años;Defunciones;Gran Canaria;864
2008;Mujeres;De 75 a 84 años;Defunciones;Fuerteventura;31
2008;Mujeres;De 75 a 84 años;Defunciones;El Hierro;9
2008;Mujeres;De 75 a 84 años;Defunciones;Canarias;1902
2008;Mujeres;De 65 a 74 años;Defunciones;Tenerife;381
2008;Mujeres;De 65 a 74 años;Defunciones;Lanzarote;30
2008;Mujeres;De 65 a 74 años;Defunciones;La Palma;41
2008;Mujeres;De 65 a 74 años;Defunciones;La Gomera;9
2008;Mujeres;De 65 a 74 años;Defunciones;Gran Canaria;409
2008;Mujeres;De 65 a 74 años;Defunciones;Fuerteventura;12
2008;Mujeres;De 65 a 74 años;Defunciones;El Hierro;4
2008;Mujeres;De 65 a 74 años;Defunciones;Canarias;886
2008;Mujeres;De 5 a 14 años;Defunciones;Tenerife;5
2008;Mujeres;De 5 a 14 años;Defunciones;Lanzarote;3
2008;Mujeres;De 5 a 14 años;Defunciones;La Palma;2
2008;Mujeres;De 5 a 14 años;Defunciones;La Gomera;0
2008;Mujeres;De 5 a 14 años;Defunciones;Gran Canaria;11
2008;Mujeres;De 5 a 14 años;Defunciones;Fuerteventura;1
2008;Mujeres;De 5 a 14 años;Defunciones;El Hierro;0
2008;Mujeres;De 5 a 14 años;Defunciones;Canarias;22
2008;Mujeres;De 55 a 64 años;Defunciones;Tenerife;188
2008;Mujeres;De 55 a 64 años;Defunciones;Lanzarote;23
2008;Mujeres;De 55 a 64 años;Defunciones;La Palma;17
2008;Mujeres;De 55 a 64 años;Defunciones;La Gomera;4
2008;Mujeres;De 55 a 64 años;Defunciones;Gran Canaria;186
2008;Mujeres;De 55 a 64 años;Defunciones;Fuerteventura;6
2008;Mujeres;De 55 a 64 años;Defunciones;El Hierro;0
2008;Mujeres;De 55 a 64 años;Defunciones;Canarias;424
2008;Mujeres;De 45 a 54 años;Defunciones;Tenerife;119
2008;Mujeres;De 45 a 54 años;Defunciones;Lanzarote;22
2008;Mujeres;De 45 a 54 años;Defunciones;La Palma;12
2008;Mujeres;De 45 a 54 años;Defunciones;La Gomera;0
2008;Mujeres;De 45 a 54 años;Defunciones;Gran Canaria;128
2008;Mujeres;De 45 a 54 años;Defunciones;Fuerteventura;6
2008;Mujeres;De 45 a 54 años;Defunciones;El Hierro;3
2008;Mujeres;De 45 a 54 años;Defunciones;Canarias;290
2008;Mujeres;De 35 a 44 años;Defunciones;Tenerife;57
2008;Mujeres;De 35 a 44 años;Defunciones;Lanzarote;11
2008;Mujeres;De 35 a 44 años;Defunciones;La Palma;7
2008;Mujeres;De 35 a 44 años;Defunciones;La Gomera;0
2008;Mujeres;De 35 a 44 años;Defunciones;Gran Canaria;68
2008;Mujeres;De 35 a 44 años;Defunciones;Fuerteventura;5
2008;Mujeres;De 35 a 44 años;Defunciones;El Hierro;0
2008;Mujeres;De 35 a 44 años;Defunciones;Canarias;148
2008;Mujeres;De 25 a 34 años;Defunciones;Tenerife;29
2008;Mujeres;De 25 a 34 años;Defunciones;Lanzarote;4
2008;Mujeres;De 25 a 34 años;Defunciones;La Palma;1
2008;Mujeres;De 25 a 34 años;Defunciones;La Gomera;2
2008;Mujeres;De 25 a 34 años;Defunciones;Gran Canaria;29
2008;Mujeres;De 25 a 34 años;Defunciones;Fuerteventura;6
2008;Mujeres;De 25 a 34 años;Defunciones;El Hierro;0
2008;Mujeres;De 25 a 34 años;Defunciones;Canarias;71
2008;Mujeres;De 1 a 4 años;Defunciones;Tenerife;6
2008;Mujeres;De 1 a 4 años;Defunciones;Lanzarote;0
2008;Mujeres;De 1 a 4 años;Defunciones;La Palma;1
2008;Mujeres;De 1 a 4 años;Defunciones;La Gomera;0
2008;Mujeres;De 1 a 4 años;Defunciones;Gran Canaria;2
2008;Mujeres;De 1 a 4 años;Defunciones;Fuerteventura;0
2008;Mujeres;De 1 a 4 años;Defunciones;El Hierro;0
2008;Mujeres;De 1 a 4 años;Defunciones;Canarias;9
2008;Mujeres;De 15 a 24 años;Defunciones;Tenerife;7
2008;Mujeres;De 15 a 24 años;Defunciones;Lanzarote;1
2008;Mujeres;De 15 a 24 años;Defunciones;La Palma;2
2008;Mujeres;De 15 a 24 años;Defunciones;La Gomera;0
2008;Mujeres;De 15 a 24 años;Defunciones;Gran Canaria;16
2008;Mujeres;De 15 a 24 años;Defunciones;Fuerteventura;2
2008;Mujeres;De 15 a 24 años;Defunciones;El Hierro;0
2008;Mujeres;De 15 a 24 años;Defunciones;Canarias;28
2008;Mujeres;Total;Defunciones;Tenerife;2640
2008;Mujeres;Total;Defunciones;Lanzarote;235
2008;Mujeres;Total;Defunciones;La Palma;347
2008;Mujeres;Total;Defunciones;La Gomera;70
2008;Mujeres;Total;Defunciones;Gran Canaria;2621
2008;Mujeres;Total;Defunciones;Fuerteventura;105
2008;Mujeres;Total;Defunciones;El Hierro;36
2008;Mujeres;Total;Defunciones;Canarias;6054
2008;Mujeres;Menos de 7 días;Defunciones;Tenerife;8
2008;Mujeres;Menos de 7 días;Defunciones;Lanzarote;0
2008;Mujeres;Menos de 7 días;Defunciones;La Palma;0
2008;Mujeres;Menos de 7 días;Defunciones;La Gomera;0
2008;Mujeres;Menos de 7 días;Defunciones;Gran Canaria;2
2008;Mujeres;Menos de 7 días;Defunciones;Fuerteventura;1
2008;Mujeres;Menos de 7 días;Defunciones;El Hierro;0
2008;Mujeres;Menos de 7 días;Defunciones;Canarias;11
2008;Mujeres;De 7 a 27 días;Defunciones;Tenerife;7
2008;Mujeres;De 7 a 27 días;Defunciones;Lanzarote;1
2008;Mujeres;De 7 a 27 días;Defunciones;La Palma;0
2008;Mujeres;De 7 a 27 días;Defunciones;La Gomera;0
2008;Mujeres;De 7 a 27 días;Defunciones;Gran Canaria;3
2008;Mujeres;De 7 a 27 días;Defunciones;Fuerteventura;0
2008;Mujeres;De 7 a 27 días;Defunciones;El Hierro;0
2008;Mujeres;De 7 a 27 días;Defunciones;Canarias;11
2008;Mujeres;De 28 días a menos de 1 año;Defunciones;Tenerife;7
2008;Mujeres;De 28 días a menos de 1 año;Defunciones;Lanzarote;1
2008;Mujeres;De 28 días a menos de 1 año;Defunciones;La Palma;1
2008;Mujeres;De 28 días a menos de 1 año;Defunciones;La Gomera;0
2008;Mujeres;De 28 días a menos de 1 año;Defunciones;Gran Canaria;5
2008;Mujeres;De 28 días a menos de 1 año;Defunciones;Fuerteventura;1
2008;Mujeres;De 28 días a menos de 1 año;Defunciones;El Hierro;0
2008;Mujeres;De 28 días a menos de 1 año;Defunciones;Canarias;15
2009;Total;Menor de 1 año;Defunciones;Tenerife;30
2009;Total;Menor de 1 año;Defunciones;Lanzarote;7
2009;Total;Menor de 1 año;Defunciones;La Palma;0
2009;Total;Menor de 1 año;Defunciones;La Gomera;0
2009;Total;Menor de 1 año;Defunciones;Gran Canaria;17
2009;Total;Menor de 1 año;Defunciones;Fuerteventura;2
2009;Total;Menor de 1 año;Defunciones;El Hierro;1
2009;Total;Menor de 1 año;Defunciones;Canarias;57
2009;Total;95 años o más;Defunciones;Tenerife;235
2009;Total;95 años o más;Defunciones;Lanzarote;20
2009;Total;95 años o más;Defunciones;La Palma;43
2009;Total;95 años o más;Defunciones;La Gomera;16
2009;Total;95 años o más;Defunciones;Gran Canaria;196
2009;Total;95 años o más;Defunciones;Fuerteventura;18
2009;Total;95 años o más;Defunciones;El Hierro;6
2009;Total;95 años o más;Defunciones;Canarias;534
2009;Total;De 85 a 94 años;Defunciones;Tenerife;1371
2009;Total;De 85 a 94 años;Defunciones;Lanzarote;132
2009;Total;De 85 a 94 años;Defunciones;La Palma;224
2009;Total;De 85 a 94 años;Defunciones;La Gomera;52
2009;Total;De 85 a 94 años;Defunciones;Gran Canaria;1148
2009;Total;De 85 a 94 años;Defunciones;Fuerteventura;52
2009;Total;De 85 a 94 años;Defunciones;El Hierro;29
2009;Total;De 85 a 94 años;Defunciones;Canarias;3008
2009;Total;De 75 a 84 años;Defunciones;Tenerife;1797
2009;Total;De 75 a 84 años;Defunciones;Lanzarote;134
2009;Total;De 75 a 84 años;Defunciones;La Palma;230
2009;Total;De 75 a 84 años;Defunciones;La Gomera;53
2009;Total;De 75 a 84 años;Defunciones;Gran Canaria;1654
2009;Total;De 75 a 84 años;Defunciones;Fuerteventura;84
2009;Total;De 75 a 84 años;Defunciones;El Hierro;20
2009;Total;De 75 a 84 años;Defunciones;Canarias;3972
2009;Total;De 65 a 74 años;Defunciones;Tenerife;1079
2009;Total;De 65 a 74 años;Defunciones;Lanzarote;119
2009;Total;De 65 a 74 años;Defunciones;La Palma;118
2009;Total;De 65 a 74 años;Defunciones;La Gomera;23
2009;Total;De 65 a 74 años;Defunciones;Gran Canaria;1027
2009;Total;De 65 a 74 años;Defunciones;Fuerteventura;46
2009;Total;De 65 a 74 años;Defunciones;El Hierro;14
2009;Total;De 65 a 74 años;Defunciones;Canarias;2426
2009;Total;De 5 a 14 años;Defunciones;Tenerife;4
2009;Total;De 5 a 14 años;Defunciones;Lanzarote;2
2009;Total;De 5 a 14 años;Defunciones;La Palma;1
2009;Total;De 5 a 14 años;Defunciones;La Gomera;0
2009;Total;De 5 a 14 años;Defunciones;Gran Canaria;12
2009;Total;De 5 a 14 años;Defunciones;Fuerteventura;0
2009;Total;De 5 a 14 años;Defunciones;El Hierro;0
2009;Total;De 5 a 14 años;Defunciones;Canarias;19
2009;Total;De 55 a 64 años;Defunciones;Tenerife;621
2009;Total;De 55 a 64 años;Defunciones;Lanzarote;84
2009;Total;De 55 a 64 años;Defunciones;La Palma;62
2009;Total;De 55 a 64 años;Defunciones;La Gomera;11
2009;Total;De 55 a 64 años;Defunciones;Gran Canaria;555
2009;Total;De 55 a 64 años;Defunciones;Fuerteventura;45
2009;Total;De 55 a 64 años;Defunciones;El Hierro;8
2009;Total;De 55 a 64 años;Defunciones;Canarias;1386
2009;Total;De 45 a 54 años;Defunciones;Tenerife;343
2009;Total;De 45 a 54 años;Defunciones;Lanzarote;51
2009;Total;De 45 a 54 años;Defunciones;La Palma;33
2009;Total;De 45 a 54 años;Defunciones;La Gomera;11
2009;Total;De 45 a 54 años;Defunciones;Gran Canaria;342
2009;Total;De 45 a 54 años;Defunciones;Fuerteventura;38
2009;Total;De 45 a 54 años;Defunciones;El Hierro;3
2009;Total;De 45 a 54 años;Defunciones;Canarias;821
2009;Total;De 35 a 44 años;Defunciones;Tenerife;159
2009;Total;De 35 a 44 años;Defunciones;Lanzarote;32
2009;Total;De 35 a 44 años;Defunciones;La Palma;13
2009;Total;De 35 a 44 años;Defunciones;La Gomera;7
2009;Total;De 35 a 44 años;Defunciones;Gran Canaria;163
2009;Total;De 35 a 44 años;Defunciones;Fuerteventura;17
2009;Total;De 35 a 44 años;Defunciones;El Hierro;1
2009;Total;De 35 a 44 años;Defunciones;Canarias;392
2009;Total;De 25 a 34 años;Defunciones;Tenerife;65
2009;Total;De 25 a 34 años;Defunciones;Lanzarote;30
2009;Total;De 25 a 34 años;Defunciones;La Palma;7
2009;Total;De 25 a 34 años;Defunciones;La Gomera;5
2009;Total;De 25 a 34 años;Defunciones;Gran Canaria;62
2009;Total;De 25 a 34 años;Defunciones;Fuerteventura;9
2009;Total;De 25 a 34 años;Defunciones;El Hierro;1
2009;Total;De 25 a 34 años;Defunciones;Canarias;179
2009;Total;De 1 a 4 años;Defunciones;Tenerife;6
2009;Total;De 1 a 4 años;Defunciones;Lanzarote;1
2009;Total;De 1 a 4 años;Defunciones;La Palma;3
2009;Total;De 1 a 4 años;Defunciones;La Gomera;0
2009;Total;De 1 a 4 años;Defunciones;Gran Canaria;8
2009;Total;De 1 a 4 años;Defunciones;Fuerteventura;2
2009;Total;De 1 a 4 años;Defunciones;El Hierro;0
2009;Total;De 1 a 4 años;Defunciones;Canarias;20
2009;Total;De 15 a 24 años;Defunciones;Tenerife;30
2009;Total;De 15 a 24 años;Defunciones;Lanzarote;9
2009;Total;De 15 a 24 años;Defunciones;La Palma;4
2009;Total;De 15 a 24 años;Defunciones;La Gomera;1
2009;Total;De 15 a 24 años;Defunciones;Gran Canaria;29
2009;Total;De 15 a 24 años;Defunciones;Fuerteventura;7
2009;Total;De 15 a 24 años;Defunciones;El Hierro;2
2009;Total;De 15 a 24 años;Defunciones;Canarias;82
2009;Total;Total;Defunciones;Tenerife;5740
2009;Total;Total;Defunciones;Lanzarote;621
2009;Total;Total;Defunciones;La Palma;738
2009;Total;Total;Defunciones;La Gomera;179
2009;Total;Total;Defunciones;Gran Canaria;5213
2009;Total;Total;Defunciones;Fuerteventura;320
2009;Total;Total;Defunciones;El Hierro;85
2009;Total;Total;Defunciones;Canarias;12896
2009;Total;Menos de 7 días;Defunciones;Tenerife;14
2009;Total;Menos de 7 días;Defunciones;Lanzarote;2
2009;Total;Menos de 7 días;Defunciones;La Palma;0
2009;Total;Menos de 7 días;Defunciones;La Gomera;0
2009;Total;Menos de 7 días;Defunciones;Gran Canaria;7
2009;Total;Menos de 7 días;Defunciones;Fuerteventura;1
2009;Total;Menos de 7 días;Defunciones;El Hierro;0
2009;Total;Menos de 7 días;Defunciones;Canarias;24
2009;Total;De 7 a 27 días;Defunciones;Tenerife;7
2009;Total;De 7 a 27 días;Defunciones;Lanzarote;2
2009;Total;De 7 a 27 días;Defunciones;La Palma;0
2009;Total;De 7 a 27 días;Defunciones;La Gomera;0
2009;Total;De 7 a 27 días;Defunciones;Gran Canaria;3
2009;Total;De 7 a 27 días;Defunciones;Fuerteventura;0
2009;Total;De 7 a 27 días;Defunciones;El Hierro;0
2009;Total;De 7 a 27 días;Defunciones;Canarias;12
2009;Total;De 28 días a menos de 1 año;Defunciones;Tenerife;9
2009;Total;De 28 días a menos de 1 año;Defunciones;Lanzarote;3
2009;Total;De 28 días a menos de 1 año;Defunciones;La Palma;0
2009;Total;De 28 días a menos de 1 año;Defunciones;La Gomera;0
2009;Total;De 28 días a menos de 1 año;Defunciones;Gran Canaria;7
2009;Total;De 28 días a menos de 1 año;Defunciones;Fuerteventura;1
2009;Total;De 28 días a menos de 1 año;Defunciones;El Hierro;1
2009;Total;De 28 días a menos de 1 año;Defunciones;Canarias;21
2009;Hombres;Menor de 1 año;Defunciones;Tenerife;16
2009;Hombres;Menor de 1 año;Defunciones;Lanzarote;2
2009;Hombres;Menor de 1 año;Defunciones;La Palma;0
2009;Hombres;Menor de 1 año;Defunciones;La Gomera;0
2009;Hombres;Menor de 1 año;Defunciones;Gran Canaria;13
2009;Hombres;Menor de 1 año;Defunciones;Fuerteventura;1
2009;Hombres;Menor de 1 año;Defunciones;El Hierro;0
2009;Hombres;Menor de 1 año;Defunciones;Canarias;32
2009;Hombres;95 años o más;Defunciones;Tenerife;56
2009;Hombres;95 años o más;Defunciones;Lanzarote;5
2009;Hombres;95 años o más;Defunciones;La Palma;11
2009;Hombres;95 años o más;Defunciones;La Gomera;2
2009;Hombres;95 años o más;Defunciones;Gran Canaria;60
2009;Hombres;95 años o más;Defunciones;Fuerteventura;5
2009;Hombres;95 años o más;Defunciones;El Hierro;4
2009;Hombres;95 años o más;Defunciones;Canarias;143
2009;Hombres;De 85 a 94 años;Defunciones;Tenerife;482
2009;Hombres;De 85 a 94 años;Defunciones;Lanzarote;51
2009;Hombres;De 85 a 94 años;Defunciones;La Palma;86
2009;Hombres;De 85 a 94 años;Defunciones;La Gomera;26
2009;Hombres;De 85 a 94 años;Defunciones;Gran Canaria;437
2009;Hombres;De 85 a 94 años;Defunciones;Fuerteventura;21
2009;Hombres;De 85 a 94 años;Defunciones;El Hierro;12
2009;Hombres;De 85 a 94 años;Defunciones;Canarias;1115
2009;Hombres;De 75 a 84 años;Defunciones;Tenerife;908
2009;Hombres;De 75 a 84 años;Defunciones;Lanzarote;89
2009;Hombres;De 75 a 84 años;Defunciones;La Palma;133
2009;Hombres;De 75 a 84 años;Defunciones;La Gomera;30
2009;Hombres;De 75 a 84 años;Defunciones;Gran Canaria;887
2009;Hombres;De 75 a 84 años;Defunciones;Fuerteventura;46
2009;Hombres;De 75 a 84 años;Defunciones;El Hierro;13
2009;Hombres;De 75 a 84 años;Defunciones;Canarias;2106
2009;Hombres;De 65 a 74 años;Defunciones;Tenerife;686
2009;Hombres;De 65 a 74 años;Defunciones;Lanzarote;80
2009;Hombres;De 65 a 74 años;Defunciones;La Palma;75
2009;Hombres;De 65 a 74 años;Defunciones;La Gomera;15
2009;Hombres;De 65 a 74 años;Defunciones;Gran Canaria;648
2009;Hombres;De 65 a 74 años;Defunciones;Fuerteventura;28
2009;Hombres;De 65 a 74 años;Defunciones;El Hierro;11
2009;Hombres;De 65 a 74 años;Defunciones;Canarias;1543
2009;Hombres;De 5 a 14 años;Defunciones;Tenerife;2
2009;Hombres;De 5 a 14 años;Defunciones;Lanzarote;1
2009;Hombres;De 5 a 14 años;Defunciones;La Palma;0
2009;Hombres;De 5 a 14 años;Defunciones;La Gomera;0
2009;Hombres;De 5 a 14 años;Defunciones;Gran Canaria;9
2009;Hombres;De 5 a 14 años;Defunciones;Fuerteventura;0
2009;Hombres;De 5 a 14 años;Defunciones;El Hierro;0
2009;Hombres;De 5 a 14 años;Defunciones;Canarias;12
2009;Hombres;De 55 a 64 años;Defunciones;Tenerife;431
2009;Hombres;De 55 a 64 años;Defunciones;Lanzarote;56
2009;Hombres;De 55 a 64 años;Defunciones;La Palma;38
2009;Hombres;De 55 a 64 años;Defunciones;La Gomera;9
2009;Hombres;De 55 a 64 años;Defunciones;Gran Canaria;383
2009;Hombres;De 55 a 64 años;Defunciones;Fuerteventura;32
2009;Hombres;De 55 a 64 años;Defunciones;El Hierro;8
2009;Hombres;De 55 a 64 años;Defunciones;Canarias;957
2009;Hombres;De 45 a 54 años;Defunciones;Tenerife;216
2009;Hombres;De 45 a 54 años;Defunciones;Lanzarote;36
2009;Hombres;De 45 a 54 años;Defunciones;La Palma;24
2009;Hombres;De 45 a 54 años;Defunciones;La Gomera;4
2009;Hombres;De 45 a 54 años;Defunciones;Gran Canaria;238
2009;Hombres;De 45 a 54 años;Defunciones;Fuerteventura;30
2009;Hombres;De 45 a 54 años;Defunciones;El Hierro;2
2009;Hombres;De 45 a 54 años;Defunciones;Canarias;550
2009;Hombres;De 35 a 44 años;Defunciones;Tenerife;106
2009;Hombres;De 35 a 44 años;Defunciones;Lanzarote;23
2009;Hombres;De 35 a 44 años;Defunciones;La Palma;8
2009;Hombres;De 35 a 44 años;Defunciones;La Gomera;6
2009;Hombres;De 35 a 44 años;Defunciones;Gran Canaria;110
2009;Hombres;De 35 a 44 años;Defunciones;Fuerteventura;14
2009;Hombres;De 35 a 44 años;Defunciones;El Hierro;1
2009;Hombres;De 35 a 44 años;Defunciones;Canarias;268
2009;Hombres;De 25 a 34 años;Defunciones;Tenerife;43
2009;Hombres;De 25 a 34 años;Defunciones;Lanzarote;25
2009;Hombres;De 25 a 34 años;Defunciones;La Palma;5
2009;Hombres;De 25 a 34 años;Defunciones;La Gomera;2
2009;Hombres;De 25 a 34 años;Defunciones;Gran Canaria;44
2009;Hombres;De 25 a 34 años;Defunciones;Fuerteventura;9
2009;Hombres;De 25 a 34 años;Defunciones;El Hierro;1
2009;Hombres;De 25 a 34 años;Defunciones;Canarias;129
2009;Hombres;De 1 a 4 años;Defunciones;Tenerife;1
2009;Hombres;De 1 a 4 años;Defunciones;Lanzarote;0
2009;Hombres;De 1 a 4 años;Defunciones;La Palma;2
2009;Hombres;De 1 a 4 años;Defunciones;La Gomera;0
2009;Hombres;De 1 a 4 años;Defunciones;Gran Canaria;5
2009;Hombres;De 1 a 4 años;Defunciones;Fuerteventura;1
2009;Hombres;De 1 a 4 años;Defunciones;El Hierro;0
2009;Hombres;De 1 a 4 años;Defunciones;Canarias;9
2009;Hombres;De 15 a 24 años;Defunciones;Tenerife;18
2009;Hombres;De 15 a 24 años;Defunciones;Lanzarote;5
2009;Hombres;De 15 a 24 años;Defunciones;La Palma;2
2009;Hombres;De 15 a 24 años;Defunciones;La Gomera;1
2009;Hombres;De 15 a 24 años;Defunciones;Gran Canaria;24
2009;Hombres;De 15 a 24 años;Defunciones;Fuerteventura;6
2009;Hombres;De 15 a 24 años;Defunciones;El Hierro;2
2009;Hombres;De 15 a 24 años;Defunciones;Canarias;58
2009;Hombres;Total;Defunciones;Tenerife;2965
2009;Hombres;Total;Defunciones;Lanzarote;373
2009;Hombres;Total;Defunciones;La Palma;384
2009;Hombres;Total;Defunciones;La Gomera;95
2009;Hombres;Total;Defunciones;Gran Canaria;2858
2009;Hombres;Total;Defunciones;Fuerteventura;193
2009;Hombres;Total;Defunciones;El Hierro;54
2009;Hombres;Total;Defunciones;Canarias;6922
2009;Hombres;Menos de 7 días;Defunciones;Tenerife;7
2009;Hombres;Menos de 7 días;Defunciones;Lanzarote;1
2009;Hombres;Menos de 7 días;Defunciones;La Palma;0
2009;Hombres;Menos de 7 días;Defunciones;La Gomera;0
2009;Hombres;Menos de 7 días;Defunciones;Gran Canaria;4
2009;Hombres;Menos de 7 días;Defunciones;Fuerteventura;0
2009;Hombres;Menos de 7 días;Defunciones;El Hierro;0
2009;Hombres;Menos de 7 días;Defunciones;Canarias;12
2009;Hombres;De 7 a 27 días;Defunciones;Tenerife;3
2009;Hombres;De 7 a 27 días;Defunciones;Lanzarote;1
2009;Hombres;De 7 a 27 días;Defunciones;La Palma;0
2009;Hombres;De 7 a 27 días;Defunciones;La Gomera;0
2009;Hombres;De 7 a 27 días;Defunciones;Gran Canaria;3
2009;Hombres;De 7 a 27 días;Defunciones;Fuerteventura;0
2009;Hombres;De 7 a 27 días;Defunciones;El Hierro;0
2009;Hombres;De 7 a 27 días;Defunciones;Canarias;7
2009;Hombres;De 28 días a menos de 1 año;Defunciones;Tenerife;6
2009;Hombres;De 28 días a menos de 1 año;Defunciones;Lanzarote;0
2009;Hombres;De 28 días a menos de 1 año;Defunciones;La Palma;0
2009;Hombres;De 28 días a menos de 1 año;Defunciones;La Gomera;0
2009;Hombres;De 28 días a menos de 1 año;Defunciones;Gran Canaria;6
2009;Hombres;De 28 días a menos de 1 año;Defunciones;Fuerteventura;1
2009;Hombres;De 28 días a menos de 1 año;Defunciones;El Hierro;0
2009;Hombres;De 28 días a menos de 1 año;Defunciones;Canarias;13
2009;Mujeres;Menor de 1 año;Defunciones;Tenerife;14
2009;Mujeres;Menor de 1 año;Defunciones;Lanzarote;5
2009;Mujeres;Menor de 1 año;Defunciones;La Palma;0
2009;Mujeres;Menor de 1 año;Defunciones;La Gomera;0
2009;Mujeres;Menor de 1 año;Defunciones;Gran Canaria;4
2009;Mujeres;Menor de 1 año;Defunciones;Fuerteventura;1
2009;Mujeres;Menor de 1 año;Defunciones;El Hierro;1
2009;Mujeres;Menor de 1 año;Defunciones;Canarias;25
2009;Mujeres;95 años o más;Defunciones;Tenerife;179
2009;Mujeres;95 años o más;Defunciones;Lanzarote;15
2009;Mujeres;95 años o más;Defunciones;La Palma;32
2009;Mujeres;95 años o más;Defunciones;La Gomera;14
2009;Mujeres;95 años o más;Defunciones;Gran Canaria;136
2009;Mujeres;95 años o más;Defunciones;Fuerteventura;13
2009;Mujeres;95 años o más;Defunciones;El Hierro;2
2009;Mujeres;95 años o más;Defunciones;Canarias;391
2009;Mujeres;De 85 a 94 años;Defunciones;Tenerife;889
2009;Mujeres;De 85 a 94 años;Defunciones;Lanzarote;81
2009;Mujeres;De 85 a 94 años;Defunciones;La Palma;138
2009;Mujeres;De 85 a 94 años;Defunciones;La Gomera;26
2009;Mujeres;De 85 a 94 años;Defunciones;Gran Canaria;711
2009;Mujeres;De 85 a 94 años;Defunciones;Fuerteventura;31
2009;Mujeres;De 85 a 94 años;Defunciones;El Hierro;17
2009;Mujeres;De 85 a 94 años;Defunciones;Canarias;1893
2009;Mujeres;De 75 a 84 años;Defunciones;Tenerife;889
2009;Mujeres;De 75 a 84 años;Defunciones;Lanzarote;45
2009;Mujeres;De 75 a 84 años;Defunciones;La Palma;97
2009;Mujeres;De 75 a 84 años;Defunciones;La Gomera;23
2009;Mujeres;De 75 a 84 años;Defunciones;Gran Canaria;767
2009;Mujeres;De 75 a 84 años;Defunciones;Fuerteventura;38
2009;Mujeres;De 75 a 84 años;Defunciones;El Hierro;7
2009;Mujeres;De 75 a 84 años;Defunciones;Canarias;1866
2009;Mujeres;De 65 a 74 años;Defunciones;Tenerife;393
2009;Mujeres;De 65 a 74 años;Defunciones;Lanzarote;39
2009;Mujeres;De 65 a 74 años;Defunciones;La Palma;43
2009;Mujeres;De 65 a 74 años;Defunciones;La Gomera;8
2009;Mujeres;De 65 a 74 años;Defunciones;Gran Canaria;379
2009;Mujeres;De 65 a 74 años;Defunciones;Fuerteventura;18
2009;Mujeres;De 65 a 74 años;Defunciones;El Hierro;3
2009;Mujeres;De 65 a 74 años;Defunciones;Canarias;883
2009;Mujeres;De 5 a 14 años;Defunciones;Tenerife;2
2009;Mujeres;De 5 a 14 años;Defunciones;Lanzarote;1
2009;Mujeres;De 5 a 14 años;Defunciones;La Palma;1
2009;Mujeres;De 5 a 14 años;Defunciones;La Gomera;0
2009;Mujeres;De 5 a 14 años;Defunciones;Gran Canaria;3
2009;Mujeres;De 5 a 14 años;Defunciones;Fuerteventura;0
2009;Mujeres;De 5 a 14 años;Defunciones;El Hierro;0
2009;Mujeres;De 5 a 14 años;Defunciones;Canarias;7
2009;Mujeres;De 55 a 64 años;Defunciones;Tenerife;190
2009;Mujeres;De 55 a 64 años;Defunciones;Lanzarote;28
2009;Mujeres;De 55 a 64 años;Defunciones;La Palma;24
2009;Mujeres;De 55 a 64 años;Defunciones;La Gomera;2
2009;Mujeres;De 55 a 64 años;Defunciones;Gran Canaria;172
2009;Mujeres;De 55 a 64 años;Defunciones;Fuerteventura;13
2009;Mujeres;De 55 a 64 años;Defunciones;El Hierro;0
2009;Mujeres;De 55 a 64 años;Defunciones;Canarias;429
2009;Mujeres;De 45 a 54 años;Defunciones;Tenerife;127
2009;Mujeres;De 45 a 54 años;Defunciones;Lanzarote;15
2009;Mujeres;De 45 a 54 años;Defunciones;La Palma;9
2009;Mujeres;De 45 a 54 años;Defunciones;La Gomera;7
2009;Mujeres;De 45 a 54 años;Defunciones;Gran Canaria;104
2009;Mujeres;De 45 a 54 años;Defunciones;Fuerteventura;8
2009;Mujeres;De 45 a 54 años;Defunciones;El Hierro;1
2009;Mujeres;De 45 a 54 años;Defunciones;Canarias;271
2009;Mujeres;De 35 a 44 años;Defunciones;Tenerife;53
2009;Mujeres;De 35 a 44 años;Defunciones;Lanzarote;9
2009;Mujeres;De 35 a 44 años;Defunciones;La Palma;5
2009;Mujeres;De 35 a 44 años;Defunciones;La Gomera;1
2009;Mujeres;De 35 a 44 años;Defunciones;Gran Canaria;53
2009;Mujeres;De 35 a 44 años;Defunciones;Fuerteventura;3
2009;Mujeres;De 35 a 44 años;Defunciones;El Hierro;0
2009;Mujeres;De 35 a 44 años;Defunciones;Canarias;124
2009;Mujeres;De 25 a 34 años;Defunciones;Tenerife;22
2009;Mujeres;De 25 a 34 años;Defunciones;Lanzarote;5
2009;Mujeres;De 25 a 34 años;Defunciones;La Palma;2
2009;Mujeres;De 25 a 34 años;Defunciones;La Gomera;3
2009;Mujeres;De 25 a 34 años;Defunciones;Gran Canaria;18
2009;Mujeres;De 25 a 34 años;Defunciones;Fuerteventura;0
2009;Mujeres;De 25 a 34 años;Defunciones;El Hierro;0
2009;Mujeres;De 25 a 34 años;Defunciones;Canarias;50
2009;Mujeres;De 1 a 4 años;Defunciones;Tenerife;5
2009;Mujeres;De 1 a 4 años;Defunciones;Lanzarote;1
2009;Mujeres;De 1 a 4 años;Defunciones;La Palma;1
2009;Mujeres;De 1 a 4 años;Defunciones;La Gomera;0
2009;Mujeres;De 1 a 4 años;Defunciones;Gran Canaria;3
2009;Mujeres;De 1 a 4 años;Defunciones;Fuerteventura;1
2009;Mujeres;De 1 a 4 años;Defunciones;El Hierro;0
2009;Mujeres;De 1 a 4 años;Defunciones;Canarias;11
2009;Mujeres;De 15 a 24 años;Defunciones;Tenerife;12
2009;Mujeres;De 15 a 24 años;Defunciones;Lanzarote;4
2009;Mujeres;De 15 a 24 años;Defunciones;La Palma;2
2009;Mujeres;De 15 a 24 años;Defunciones;La Gomera;0
2009;Mujeres;De 15 a 24 años;Defunciones;Gran Canaria;5
2009;Mujeres;De 15 a 24 años;Defunciones;Fuerteventura;1
2009;Mujeres;De 15 a 24 años;Defunciones;El Hierro;0
2009;Mujeres;De 15 a 24 años;Defunciones;Canarias;24
2009;Mujeres;Total;Defunciones;Tenerife;2775
2009;Mujeres;Total;Defunciones;Lanzarote;248
2009;Mujeres;Total;Defunciones;La Palma;354
2009;Mujeres;Total;Defunciones;La Gomera;84
2009;Mujeres;Total;Defunciones;Gran Canaria;2355
2009;Mujeres;Total;Defunciones;Fuerteventura;127
2009;Mujeres;Total;Defunciones;El Hierro;31
2009;Mujeres;Total;Defunciones;Canarias;5974
2009;Mujeres;Menos de 7 días;Defunciones;Tenerife;7
2009;Mujeres;Menos de 7 días;Defunciones;Lanzarote;1
2009;Mujeres;Menos de 7 días;Defunciones;La Palma;0
2009;Mujeres;Menos de 7 días;Defunciones;La Gomera;0
2009;Mujeres;Menos de 7 días;Defunciones;Gran Canaria;3
2009;Mujeres;Menos de 7 días;Defunciones;Fuerteventura;1
2009;Mujeres;Menos de 7 días;Defunciones;El Hierro;0
2009;Mujeres;Menos de 7 días;Defunciones;Canarias;12
2009;Mujeres;De 7 a 27 días;Defunciones;Tenerife;4
2009;Mujeres;De 7 a 27 días;Defunciones;Lanzarote;1
2009;Mujeres;De 7 a 27 días;Defunciones;La Palma;0
2009;Mujeres;De 7 a 27 días;Defunciones;La Gomera;0
2009;Mujeres;De 7 a 27 días;Defunciones;Gran Canaria;0
2009;Mujeres;De 7 a 27 días;Defunciones;Fuerteventura;0
2009;Mujeres;De 7 a 27 días;Defunciones;El Hierro;0
2009;Mujeres;De 7 a 27 días;Defunciones;Canarias;5
2009;Mujeres;De 28 días a menos de 1 año;Defunciones;Tenerife;3
2009;Mujeres;De 28 días a menos de 1 año;Defunciones;Lanzarote;3
2009;Mujeres;De 28 días a menos de 1 año;Defunciones;La Palma;0
2009;Mujeres;De 28 días a menos de 1 año;Defunciones;La Gomera;0
2009;Mujeres;De 28 días a menos de 1 año;Defunciones;Gran Canaria;1
2009;Mujeres;De 28 días a menos de 1 año;Defunciones;Fuerteventura;0
2009;Mujeres;De 28 días a menos de 1 año;Defunciones;El Hierro;1
2009;Mujeres;De 28 días a menos de 1 año;Defunciones;Canarias;8
2010;Total;Menor de 1 año;Defunciones;Tenerife;31
2010;Total;Menor de 1 año;Defunciones;Lanzarote;3
2010;Total;Menor de 1 año;Defunciones;La Palma;2
2010;Total;Menor de 1 año;Defunciones;La Gomera;0
2010;Total;Menor de 1 año;Defunciones;Gran Canaria;16
2010;Total;Menor de 1 año;Defunciones;Fuerteventura;2
2010;Total;Menor de 1 año;Defunciones;El Hierro;0
2010;Total;Menor de 1 año;Defunciones;Canarias;54
2010;Total;95 años o más;Defunciones;Tenerife;219
2010;Total;95 años o más;Defunciones;Lanzarote;25
2010;Total;95 años o más;Defunciones;La Palma;48
2010;Total;95 años o más;Defunciones;La Gomera;11
2010;Total;95 años o más;Defunciones;Gran Canaria;209
2010;Total;95 años o más;Defunciones;Fuerteventura;17
2010;Total;95 años o más;Defunciones;El Hierro;5
2010;Total;95 años o más;Defunciones;Canarias;534
2010;Total;De 85 a 94 años;Defunciones;Tenerife;1342
2010;Total;De 85 a 94 años;Defunciones;Lanzarote;101
2010;Total;De 85 a 94 años;Defunciones;La Palma;197
2010;Total;De 85 a 94 años;Defunciones;La Gomera;55
2010;Total;De 85 a 94 años;Defunciones;Gran Canaria;1131
2010;Total;De 85 a 94 años;Defunciones;Fuerteventura;69
2010;Total;De 85 a 94 años;Defunciones;El Hierro;19
2010;Total;De 85 a 94 años;Defunciones;Canarias;2914
2010;Total;De 75 a 84 años;Defunciones;Tenerife;1806
2010;Total;De 75 a 84 años;Defunciones;Lanzarote;141
2010;Total;De 75 a 84 años;Defunciones;La Palma;202
2010;Total;De 75 a 84 años;Defunciones;La Gomera;54
2010;Total;De 75 a 84 años;Defunciones;Gran Canaria;1711
2010;Total;De 75 a 84 años;Defunciones;Fuerteventura;77
2010;Total;De 75 a 84 años;Defunciones;El Hierro;19
2010;Total;De 75 a 84 años;Defunciones;Canarias;4010
2010;Total;De 65 a 74 años;Defunciones;Tenerife;1044
2010;Total;De 65 a 74 años;Defunciones;Lanzarote;94
2010;Total;De 65 a 74 años;Defunciones;La Palma;112
2010;Total;De 65 a 74 años;Defunciones;La Gomera;21
2010;Total;De 65 a 74 años;Defunciones;Gran Canaria;1038
2010;Total;De 65 a 74 años;Defunciones;Fuerteventura;50
2010;Total;De 65 a 74 años;Defunciones;El Hierro;12
2010;Total;De 65 a 74 años;Defunciones;Canarias;2371
2010;Total;De 5 a 14 años;Defunciones;Tenerife;9
2010;Total;De 5 a 14 años;Defunciones;Lanzarote;1
2010;Total;De 5 a 14 años;Defunciones;La Palma;2
2010;Total;De 5 a 14 años;Defunciones;La Gomera;0
2010;Total;De 5 a 14 años;Defunciones;Gran Canaria;11
2010;Total;De 5 a 14 años;Defunciones;Fuerteventura;0
2010;Total;De 5 a 14 años;Defunciones;El Hierro;0
2010;Total;De 5 a 14 años;Defunciones;Canarias;23
2010;Total;De 55 a 64 años;Defunciones;Tenerife;586
2010;Total;De 55 a 64 años;Defunciones;Lanzarote;84
2010;Total;De 55 a 64 años;Defunciones;La Palma;70
2010;Total;De 55 a 64 años;Defunciones;La Gomera;20
2010;Total;De 55 a 64 años;Defunciones;Gran Canaria;601
2010;Total;De 55 a 64 años;Defunciones;Fuerteventura;55
2010;Total;De 55 a 64 años;Defunciones;El Hierro;6
2010;Total;De 55 a 64 años;Defunciones;Canarias;1422
2010;Total;De 45 a 54 años;Defunciones;Tenerife;349
2010;Total;De 45 a 54 años;Defunciones;Lanzarote;47
2010;Total;De 45 a 54 años;Defunciones;La Palma;34
2010;Total;De 45 a 54 años;Defunciones;La Gomera;7
2010;Total;De 45 a 54 años;Defunciones;Gran Canaria;399
2010;Total;De 45 a 54 años;Defunciones;Fuerteventura;26
2010;Total;De 45 a 54 años;Defunciones;El Hierro;6
2010;Total;De 45 a 54 años;Defunciones;Canarias;868
2010;Total;De 35 a 44 años;Defunciones;Tenerife;161
2010;Total;De 35 a 44 años;Defunciones;Lanzarote;31
2010;Total;De 35 a 44 años;Defunciones;La Palma;10
2010;Total;De 35 a 44 años;Defunciones;La Gomera;6
2010;Total;De 35 a 44 años;Defunciones;Gran Canaria;161
2010;Total;De 35 a 44 años;Defunciones;Fuerteventura;16
2010;Total;De 35 a 44 años;Defunciones;El Hierro;2
2010;Total;De 35 a 44 años;Defunciones;Canarias;387
2010;Total;De 25 a 34 años;Defunciones;Tenerife;62
2010;Total;De 25 a 34 años;Defunciones;Lanzarote;14
2010;Total;De 25 a 34 años;Defunciones;La Palma;7
2010;Total;De 25 a 34 años;Defunciones;La Gomera;0
2010;Total;De 25 a 34 años;Defunciones;Gran Canaria;64
2010;Total;De 25 a 34 años;Defunciones;Fuerteventura;5
2010;Total;De 25 a 34 años;Defunciones;El Hierro;2
2010;Total;De 25 a 34 años;Defunciones;Canarias;154
2010;Total;De 1 a 4 años;Defunciones;Tenerife;5
2010;Total;De 1 a 4 años;Defunciones;Lanzarote;0
2010;Total;De 1 a 4 años;Defunciones;La Palma;0
2010;Total;De 1 a 4 años;Defunciones;La Gomera;0
2010;Total;De 1 a 4 años;Defunciones;Gran Canaria;5
2010;Total;De 1 a 4 años;Defunciones;Fuerteventura;0
2010;Total;De 1 a 4 años;Defunciones;El Hierro;0
2010;Total;De 1 a 4 años;Defunciones;Canarias;10
2010;Total;De 15 a 24 años;Defunciones;Tenerife;26
2010;Total;De 15 a 24 años;Defunciones;Lanzarote;5
2010;Total;De 15 a 24 años;Defunciones;La Palma;4
2010;Total;De 15 a 24 años;Defunciones;La Gomera;0
2010;Total;De 15 a 24 años;Defunciones;Gran Canaria;14
2010;Total;De 15 a 24 años;Defunciones;Fuerteventura;4
2010;Total;De 15 a 24 años;Defunciones;El Hierro;1
2010;Total;De 15 a 24 años;Defunciones;Canarias;54
2010;Total;Total;Defunciones;Tenerife;5640
2010;Total;Total;Defunciones;Lanzarote;546
2010;Total;Total;Defunciones;La Palma;688
2010;Total;Total;Defunciones;La Gomera;174
2010;Total;Total;Defunciones;Gran Canaria;5360
2010;Total;Total;Defunciones;Fuerteventura;321
2010;Total;Total;Defunciones;El Hierro;72
2010;Total;Total;Defunciones;Canarias;12801
2010;Total;Menos de 7 días;Defunciones;Tenerife;15
2010;Total;Menos de 7 días;Defunciones;Lanzarote;1
2010;Total;Menos de 7 días;Defunciones;La Palma;0
2010;Total;Menos de 7 días;Defunciones;La Gomera;0
2010;Total;Menos de 7 días;Defunciones;Gran Canaria;8
2010;Total;Menos de 7 días;Defunciones;Fuerteventura;0
2010;Total;Menos de 7 días;Defunciones;El Hierro;0
2010;Total;Menos de 7 días;Defunciones;Canarias;24
2010;Total;De 7 a 27 días;Defunciones;Tenerife;8
2010;Total;De 7 a 27 días;Defunciones;Lanzarote;0
2010;Total;De 7 a 27 días;Defunciones;La Palma;2
2010;Total;De 7 a 27 días;Defunciones;La Gomera;0
2010;Total;De 7 a 27 días;Defunciones;Gran Canaria;4
2010;Total;De 7 a 27 días;Defunciones;Fuerteventura;1
2010;Total;De 7 a 27 días;Defunciones;El Hierro;0
2010;Total;De 7 a 27 días;Defunciones;Canarias;15
2010;Total;De 28 días a menos de 1 año;Defunciones;Tenerife;8
2010;Total;De 28 días a menos de 1 año;Defunciones;Lanzarote;2
2010;Total;De 28 días a menos de 1 año;Defunciones;La Palma;0
2010;Total;De 28 días a menos de 1 año;Defunciones;La Gomera;0
2010;Total;De 28 días a menos de 1 año;Defunciones;Gran Canaria;4
2010;Total;De 28 días a menos de 1 año;Defunciones;Fuerteventura;1
2010;Total;De 28 días a menos de 1 año;Defunciones;El Hierro;0
2010;Total;De 28 días a menos de 1 año;Defunciones;Canarias;15
2010;Hombres;Menor de 1 año;Defunciones;Tenerife;17
2010;Hombres;Menor de 1 año;Defunciones;Lanzarote;1
2010;Hombres;Menor de 1 año;Defunciones;La Palma;1
2010;Hombres;Menor de 1 año;Defunciones;La Gomera;0
2010;Hombres;Menor de 1 año;Defunciones;Gran Canaria;11
2010;Hombres;Menor de 1 año;Defunciones;Fuerteventura;2
2010;Hombres;Menor de 1 año;Defunciones;El Hierro;0
2010;Hombres;Menor de 1 año;Defunciones;Canarias;32
2010;Hombres;95 años o más;Defunciones;Tenerife;48
2010;Hombres;95 años o más;Defunciones;Lanzarote;10
2010;Hombres;95 años o más;Defunciones;La Palma;13
2010;Hombres;95 años o más;Defunciones;La Gomera;7
2010;Hombres;95 años o más;Defunciones;Gran Canaria;59
2010;Hombres;95 años o más;Defunciones;Fuerteventura;6
2010;Hombres;95 años o más;Defunciones;El Hierro;1
2010;Hombres;95 años o más;Defunciones;Canarias;144
2010;Hombres;De 85 a 94 años;Defunciones;Tenerife;511
2010;Hombres;De 85 a 94 años;Defunciones;Lanzarote;34
2010;Hombres;De 85 a 94 años;Defunciones;La Palma;75
2010;Hombres;De 85 a 94 años;Defunciones;La Gomera;23
2010;Hombres;De 85 a 94 años;Defunciones;Gran Canaria;412
2010;Hombres;De 85 a 94 años;Defunciones;Fuerteventura;34
2010;Hombres;De 85 a 94 años;Defunciones;El Hierro;13
2010;Hombres;De 85 a 94 años;Defunciones;Canarias;1102
2010;Hombres;De 75 a 84 años;Defunciones;Tenerife;1008
2010;Hombres;De 75 a 84 años;Defunciones;Lanzarote;86
2010;Hombres;De 75 a 84 años;Defunciones;La Palma;118
2010;Hombres;De 75 a 84 años;Defunciones;La Gomera;26
2010;Hombres;De 75 a 84 años;Defunciones;Gran Canaria;893
2010;Hombres;De 75 a 84 años;Defunciones;Fuerteventura;43
2010;Hombres;De 75 a 84 años;Defunciones;El Hierro;15
2010;Hombres;De 75 a 84 años;Defunciones;Canarias;2189
2010;Hombres;De 65 a 74 años;Defunciones;Tenerife;711
2010;Hombres;De 65 a 74 años;Defunciones;Lanzarote;58
2010;Hombres;De 65 a 74 años;Defunciones;La Palma;74
2010;Hombres;De 65 a 74 años;Defunciones;La Gomera;9
2010;Hombres;De 65 a 74 años;Defunciones;Gran Canaria;662
2010;Hombres;De 65 a 74 años;Defunciones;Fuerteventura;38
2010;Hombres;De 65 a 74 años;Defunciones;El Hierro;9
2010;Hombres;De 65 a 74 años;Defunciones;Canarias;1561
2010;Hombres;De 5 a 14 años;Defunciones;Tenerife;4
2010;Hombres;De 5 a 14 años;Defunciones;Lanzarote;0
2010;Hombres;De 5 a 14 años;Defunciones;La Palma;1
2010;Hombres;De 5 a 14 años;Defunciones;La Gomera;0
2010;Hombres;De 5 a 14 años;Defunciones;Gran Canaria;8
2010;Hombres;De 5 a 14 años;Defunciones;Fuerteventura;0
2010;Hombres;De 5 a 14 años;Defunciones;El Hierro;0
2010;Hombres;De 5 a 14 años;Defunciones;Canarias;13
2010;Hombres;De 55 a 64 años;Defunciones;Tenerife;395
2010;Hombres;De 55 a 64 años;Defunciones;Lanzarote;63
2010;Hombres;De 55 a 64 años;Defunciones;La Palma;56
2010;Hombres;De 55 a 64 años;Defunciones;La Gomera;14
2010;Hombres;De 55 a 64 años;Defunciones;Gran Canaria;434
2010;Hombres;De 55 a 64 años;Defunciones;Fuerteventura;43
2010;Hombres;De 55 a 64 años;Defunciones;El Hierro;5
2010;Hombres;De 55 a 64 años;Defunciones;Canarias;1010
2010;Hombres;De 45 a 54 años;Defunciones;Tenerife;229
2010;Hombres;De 45 a 54 años;Defunciones;Lanzarote;39
2010;Hombres;De 45 a 54 años;Defunciones;La Palma;23
2010;Hombres;De 45 a 54 años;Defunciones;La Gomera;5
2010;Hombres;De 45 a 54 años;Defunciones;Gran Canaria;277
2010;Hombres;De 45 a 54 años;Defunciones;Fuerteventura;21
2010;Hombres;De 45 a 54 años;Defunciones;El Hierro;5
2010;Hombres;De 45 a 54 años;Defunciones;Canarias;599
2010;Hombres;De 35 a 44 años;Defunciones;Tenerife;98
2010;Hombres;De 35 a 44 años;Defunciones;Lanzarote;21
2010;Hombres;De 35 a 44 años;Defunciones;La Palma;8
2010;Hombres;De 35 a 44 años;Defunciones;La Gomera;5
2010;Hombres;De 35 a 44 años;Defunciones;Gran Canaria;112
2010;Hombres;De 35 a 44 años;Defunciones;Fuerteventura;10
2010;Hombres;De 35 a 44 años;Defunciones;El Hierro;1
2010;Hombres;De 35 a 44 años;Defunciones;Canarias;255
2010;Hombres;De 25 a 34 años;Defunciones;Tenerife;45
2010;Hombres;De 25 a 34 años;Defunciones;Lanzarote;14
2010;Hombres;De 25 a 34 años;Defunciones;La Palma;5
2010;Hombres;De 25 a 34 años;Defunciones;La Gomera;0
2010;Hombres;De 25 a 34 años;Defunciones;Gran Canaria;46
2010;Hombres;De 25 a 34 años;Defunciones;Fuerteventura;3
2010;Hombres;De 25 a 34 años;Defunciones;El Hierro;1
2010;Hombres;De 25 a 34 años;Defunciones;Canarias;114
2010;Hombres;De 1 a 4 años;Defunciones;Tenerife;3
2010;Hombres;De 1 a 4 años;Defunciones;Lanzarote;0
2010;Hombres;De 1 a 4 años;Defunciones;La Palma;0
2010;Hombres;De 1 a 4 años;Defunciones;La Gomera;0
2010;Hombres;De 1 a 4 años;Defunciones;Gran Canaria;3
2010;Hombres;De 1 a 4 años;Defunciones;Fuerteventura;0
2010;Hombres;De 1 a 4 años;Defunciones;El Hierro;0
2010;Hombres;De 1 a 4 años;Defunciones;Canarias;6
2010;Hombres;De 15 a 24 años;Defunciones;Tenerife;20
2010;Hombres;De 15 a 24 años;Defunciones;Lanzarote;4
2010;Hombres;De 15 a 24 años;Defunciones;La Palma;3
2010;Hombres;De 15 a 24 años;Defunciones;La Gomera;0
2010;Hombres;De 15 a 24 años;Defunciones;Gran Canaria;10
2010;Hombres;De 15 a 24 años;Defunciones;Fuerteventura;2
2010;Hombres;De 15 a 24 años;Defunciones;El Hierro;1
2010;Hombres;De 15 a 24 años;Defunciones;Canarias;40
2010;Hombres;Total;Defunciones;Tenerife;3089
2010;Hombres;Total;Defunciones;Lanzarote;330
2010;Hombres;Total;Defunciones;La Palma;377
2010;Hombres;Total;Defunciones;La Gomera;89
2010;Hombres;Total;Defunciones;Gran Canaria;2927
2010;Hombres;Total;Defunciones;Fuerteventura;202
2010;Hombres;Total;Defunciones;El Hierro;51
2010;Hombres;Total;Defunciones;Canarias;7065
2010;Hombres;Menos de 7 días;Defunciones;Tenerife;7
2010;Hombres;Menos de 7 días;Defunciones;Lanzarote;0
2010;Hombres;Menos de 7 días;Defunciones;La Palma;0
2010;Hombres;Menos de 7 días;Defunciones;La Gomera;0
2010;Hombres;Menos de 7 días;Defunciones;Gran Canaria;6
2010;Hombres;Menos de 7 días;Defunciones;Fuerteventura;0
2010;Hombres;Menos de 7 días;Defunciones;El Hierro;0
2010;Hombres;Menos de 7 días;Defunciones;Canarias;13
2010;Hombres;De 7 a 27 días;Defunciones;Tenerife;5
2010;Hombres;De 7 a 27 días;Defunciones;Lanzarote;0
2010;Hombres;De 7 a 27 días;Defunciones;La Palma;1
2010;Hombres;De 7 a 27 días;Defunciones;La Gomera;0
2010;Hombres;De 7 a 27 días;Defunciones;Gran Canaria;3
2010;Hombres;De 7 a 27 días;Defunciones;Fuerteventura;1
2010;Hombres;De 7 a 27 días;Defunciones;El Hierro;0
2010;Hombres;De 7 a 27 días;Defunciones;Canarias;10
2010;Hombres;De 28 días a menos de 1 año;Defunciones;Tenerife;5
2010;Hombres;De 28 días a menos de 1 año;Defunciones;Lanzarote;1
2010;Hombres;De 28 días a menos de 1 año;Defunciones;La Palma;0
2010;Hombres;De 28 días a menos de 1 año;Defunciones;La Gomera;0
2010;Hombres;De 28 días a menos de 1 año;Defunciones;Gran Canaria;2
2010;Hombres;De 28 días a menos de 1 año;Defunciones;Fuerteventura;1
2010;Hombres;De 28 días a menos de 1 año;Defunciones;El Hierro;0
2010;Hombres;De 28 días a menos de 1 año;Defunciones;Canarias;9
2010;Mujeres;Menor de 1 año;Defunciones;Tenerife;14
2010;Mujeres;Menor de 1 año;Defunciones;Lanzarote;2
2010;Mujeres;Menor de 1 año;Defunciones;La Palma;1
2010;Mujeres;Menor de 1 año;Defunciones;La Gomera;0
2010;Mujeres;Menor de 1 año;Defunciones;Gran Canaria;5
2010;Mujeres;Menor de 1 año;Defunciones;Fuerteventura;0
2010;Mujeres;Menor de 1 año;Defunciones;El Hierro;0
2010;Mujeres;Menor de 1 año;Defunciones;Canarias;22
2010;Mujeres;95 años o más;Defunciones;Tenerife;171
2010;Mujeres;95 años o más;Defunciones;Lanzarote;15
2010;Mujeres;95 años o más;Defunciones;La Palma;35
2010;Mujeres;95 años o más;Defunciones;La Gomera;4
2010;Mujeres;95 años o más;Defunciones;Gran Canaria;150
2010;Mujeres;95 años o más;Defunciones;Fuerteventura;11
2010;Mujeres;95 años o más;Defunciones;El Hierro;4
2010;Mujeres;95 años o más;Defunciones;Canarias;390
2010;Mujeres;De 85 a 94 años;Defunciones;Tenerife;831
2010;Mujeres;De 85 a 94 años;Defunciones;Lanzarote;67
2010;Mujeres;De 85 a 94 años;Defunciones;La Palma;122
2010;Mujeres;De 85 a 94 años;Defunciones;La Gomera;32
2010;Mujeres;De 85 a 94 años;Defunciones;Gran Canaria;719
2010;Mujeres;De 85 a 94 años;Defunciones;Fuerteventura;35
2010;Mujeres;De 85 a 94 años;Defunciones;El Hierro;6
2010;Mujeres;De 85 a 94 años;Defunciones;Canarias;1812
2010;Mujeres;De 75 a 84 años;Defunciones;Tenerife;798
2010;Mujeres;De 75 a 84 años;Defunciones;Lanzarote;55
2010;Mujeres;De 75 a 84 años;Defunciones;La Palma;84
2010;Mujeres;De 75 a 84 años;Defunciones;La Gomera;28
2010;Mujeres;De 75 a 84 años;Defunciones;Gran Canaria;818
2010;Mujeres;De 75 a 84 años;Defunciones;Fuerteventura;34
2010;Mujeres;De 75 a 84 años;Defunciones;El Hierro;4
2010;Mujeres;De 75 a 84 años;Defunciones;Canarias;1821
2010;Mujeres;De 65 a 74 años;Defunciones;Tenerife;333
2010;Mujeres;De 65 a 74 años;Defunciones;Lanzarote;36
2010;Mujeres;De 65 a 74 años;Defunciones;La Palma;38
2010;Mujeres;De 65 a 74 años;Defunciones;La Gomera;12
2010;Mujeres;De 65 a 74 años;Defunciones;Gran Canaria;376
2010;Mujeres;De 65 a 74 años;Defunciones;Fuerteventura;12
2010;Mujeres;De 65 a 74 años;Defunciones;El Hierro;3
2010;Mujeres;De 65 a 74 años;Defunciones;Canarias;810
2010;Mujeres;De 5 a 14 años;Defunciones;Tenerife;5
2010;Mujeres;De 5 a 14 años;Defunciones;Lanzarote;1
2010;Mujeres;De 5 a 14 años;Defunciones;La Palma;1
2010;Mujeres;De 5 a 14 años;Defunciones;La Gomera;0
2010;Mujeres;De 5 a 14 años;Defunciones;Gran Canaria;3
2010;Mujeres;De 5 a 14 años;Defunciones;Fuerteventura;0
2010;Mujeres;De 5 a 14 años;Defunciones;El Hierro;0
2010;Mujeres;De 5 a 14 años;Defunciones;Canarias;10
2010;Mujeres;De 55 a 64 años;Defunciones;Tenerife;191
2010;Mujeres;De 55 a 64 años;Defunciones;Lanzarote;21
2010;Mujeres;De 55 a 64 años;Defunciones;La Palma;14
2010;Mujeres;De 55 a 64 años;Defunciones;La Gomera;6
2010;Mujeres;De 55 a 64 años;Defunciones;Gran Canaria;167
2010;Mujeres;De 55 a 64 años;Defunciones;Fuerteventura;12
2010;Mujeres;De 55 a 64 años;Defunciones;El Hierro;1
2010;Mujeres;De 55 a 64 años;Defunciones;Canarias;412
2010;Mujeres;De 45 a 54 años;Defunciones;Tenerife;120
2010;Mujeres;De 45 a 54 años;Defunciones;Lanzarote;8
2010;Mujeres;De 45 a 54 años;Defunciones;La Palma;11
2010;Mujeres;De 45 a 54 años;Defunciones;La Gomera;2
2010;Mujeres;De 45 a 54 años;Defunciones;Gran Canaria;122
2010;Mujeres;De 45 a 54 años;Defunciones;Fuerteventura;5
2010;Mujeres;De 45 a 54 años;Defunciones;El Hierro;1
2010;Mujeres;De 45 a 54 años;Defunciones;Canarias;269
2010;Mujeres;De 35 a 44 años;Defunciones;Tenerife;63
2010;Mujeres;De 35 a 44 años;Defunciones;Lanzarote;10
2010;Mujeres;De 35 a 44 años;Defunciones;La Palma;2
2010;Mujeres;De 35 a 44 años;Defunciones;La Gomera;1
2010;Mujeres;De 35 a 44 años;Defunciones;Gran Canaria;49
2010;Mujeres;De 35 a 44 años;Defunciones;Fuerteventura;6
2010;Mujeres;De 35 a 44 años;Defunciones;El Hierro;1
2010;Mujeres;De 35 a 44 años;Defunciones;Canarias;132
2010;Mujeres;De 25 a 34 años;Defunciones;Tenerife;17
2010;Mujeres;De 25 a 34 años;Defunciones;Lanzarote;0
2010;Mujeres;De 25 a 34 años;Defunciones;La Palma;2
2010;Mujeres;De 25 a 34 años;Defunciones;La Gomera;0
2010;Mujeres;De 25 a 34 años;Defunciones;Gran Canaria;18
2010;Mujeres;De 25 a 34 años;Defunciones;Fuerteventura;2
2010;Mujeres;De 25 a 34 años;Defunciones;El Hierro;1
2010;Mujeres;De 25 a 34 años;Defunciones;Canarias;40
2010;Mujeres;De 1 a 4 años;Defunciones;Tenerife;2
2010;Mujeres;De 1 a 4 años;Defunciones;Lanzarote;0
2010;Mujeres;De 1 a 4 años;Defunciones;La Palma;0
2010;Mujeres;De 1 a 4 años;Defunciones;La Gomera;0
2010;Mujeres;De 1 a 4 años;Defunciones;Gran Canaria;2
2010;Mujeres;De 1 a 4 años;Defunciones;Fuerteventura;0
2010;Mujeres;De 1 a 4 años;Defunciones;El Hierro;0
2010;Mujeres;De 1 a 4 años;Defunciones;Canarias;4
2010;Mujeres;De 15 a 24 años;Defunciones;Tenerife;6
2010;Mujeres;De 15 a 24 años;Defunciones;Lanzarote;1
2010;Mujeres;De 15 a 24 años;Defunciones;La Palma;1
2010;Mujeres;De 15 a 24 años;Defunciones;La Gomera;0
2010;Mujeres;De 15 a 24 años;Defunciones;Gran Canaria;4
2010;Mujeres;De 15 a 24 años;Defunciones;Fuerteventura;2
2010;Mujeres;De 15 a 24 años;Defunciones;El Hierro;0
2010;Mujeres;De 15 a 24 años;Defunciones;Canarias;14
2010;Mujeres;Total;Defunciones;Tenerife;2551
2010;Mujeres;Total;Defunciones;Lanzarote;216
2010;Mujeres;Total;Defunciones;La Palma;311
2010;Mujeres;Total;Defunciones;La Gomera;85
2010;Mujeres;Total;Defunciones;Gran Canaria;2433
2010;Mujeres;Total;Defunciones;Fuerteventura;119
2010;Mujeres;Total;Defunciones;El Hierro;21
2010;Mujeres;Total;Defunciones;Canarias;5736
2010;Mujeres;Menos de 7 días;Defunciones;Tenerife;8
2010;Mujeres;Menos de 7 días;Defunciones;Lanzarote;1
2010;Mujeres;Menos de 7 días;Defunciones;La Palma;0
2010;Mujeres;Menos de 7 días;Defunciones;La Gomera;0
2010;Mujeres;Menos de 7 días;Defunciones;Gran Canaria;2
2010;Mujeres;Menos de 7 días;Defunciones;Fuerteventura;0
2010;Mujeres;Menos de 7 días;Defunciones;El Hierro;0
2010;Mujeres;Menos de 7 días;Defunciones;Canarias;11
2010;Mujeres;De 7 a 27 días;Defunciones;Tenerife;3
2010;Mujeres;De 7 a 27 días;Defunciones;Lanzarote;0
2010;Mujeres;De 7 a 27 días;Defunciones;La Palma;1
2010;Mujeres;De 7 a 27 días;Defunciones;La Gomera;0
2010;Mujeres;De 7 a 27 días;Defunciones;Gran Canaria;1
2010;Mujeres;De 7 a 27 días;Defunciones;Fuerteventura;0
2010;Mujeres;De 7 a 27 días;Defunciones;El Hierro;0
2010;Mujeres;De 7 a 27 días;Defunciones;Canarias;5
2010;Mujeres;De 28 días a menos de 1 año;Defunciones;Tenerife;3
2010;Mujeres;De 28 días a menos de 1 año;Defunciones;Lanzarote;1
2010;Mujeres;De 28 días a menos de 1 año;Defunciones;La Palma;0
2010;Mujeres;De 28 días a menos de 1 año;Defunciones;La Gomera;0
2010;Mujeres;De 28 días a menos de 1 año;Defunciones;Gran Canaria;2
2010;Mujeres;De 28 días a menos de 1 año;Defunciones;Fuerteventura;0
2010;Mujeres;De 28 días a menos de 1 año;Defunciones;El Hierro;0
2010;Mujeres;De 28 días a menos de 1 año;Defunciones;Canarias;6
2011;Total;Menor de 1 año;Defunciones;Tenerife;32
2011;Total;Menor de 1 año;Defunciones;Lanzarote;4
2011;Total;Menor de 1 año;Defunciones;La Palma;3
2011;Total;Menor de 1 año;Defunciones;La Gomera;2
2011;Total;Menor de 1 año;Defunciones;Gran Canaria;23
2011;Total;Menor de 1 año;Defunciones;Fuerteventura;0
2011;Total;Menor de 1 año;Defunciones;El Hierro;0
2011;Total;Menor de 1 año;Defunciones;Canarias;64
2011;Total;95 años o más;Defunciones;Tenerife;269
2011;Total;95 años o más;Defunciones;Lanzarote;29
2011;Total;95 años o más;Defunciones;La Palma;64
2011;Total;95 años o más;Defunciones;La Gomera;12
2011;Total;95 años o más;Defunciones;Gran Canaria;213
2011;Total;95 años o más;Defunciones;Fuerteventura;14
2011;Total;95 años o más;Defunciones;El Hierro;9
2011;Total;95 años o más;Defunciones;Canarias;610
2011;Total;De 85 a 94 años;Defunciones;Tenerife;1516
2011;Total;De 85 a 94 años;Defunciones;Lanzarote;105
2011;Total;De 85 a 94 años;Defunciones;La Palma;226
2011;Total;De 85 a 94 años;Defunciones;La Gomera;53
2011;Total;De 85 a 94 años;Defunciones;Gran Canaria;1310
2011;Total;De 85 a 94 años;Defunciones;Fuerteventura;67
2011;Total;De 85 a 94 años;Defunciones;El Hierro;30
2011;Total;De 85 a 94 años;Defunciones;Canarias;3307
2011;Total;De 75 a 84 años;Defunciones;Tenerife;1908
2011;Total;De 75 a 84 años;Defunciones;Lanzarote;137
2011;Total;De 75 a 84 años;Defunciones;La Palma;248
2011;Total;De 75 a 84 años;Defunciones;La Gomera;43
2011;Total;De 75 a 84 años;Defunciones;Gran Canaria;1812
2011;Total;De 75 a 84 años;Defunciones;Fuerteventura;78
2011;Total;De 75 a 84 años;Defunciones;El Hierro;19
2011;Total;De 75 a 84 años;Defunciones;Canarias;4245
2011;Total;De 65 a 74 años;Defunciones;Tenerife;1064
2011;Total;De 65 a 74 años;Defunciones;Lanzarote;103
2011;Total;De 65 a 74 años;Defunciones;La Palma;98
2011;Total;De 65 a 74 años;Defunciones;La Gomera;29
2011;Total;De 65 a 74 años;Defunciones;Gran Canaria;996
2011;Total;De 65 a 74 años;Defunciones;Fuerteventura;50
2011;Total;De 65 a 74 años;Defunciones;El Hierro;13
2011;Total;De 65 a 74 años;Defunciones;Canarias;2353
2011;Total;De 5 a 14 años;Defunciones;Tenerife;9
2011;Total;De 5 a 14 años;Defunciones;Lanzarote;1
2011;Total;De 5 a 14 años;Defunciones;La Palma;1
2011;Total;De 5 a 14 años;Defunciones;La Gomera;0
2011;Total;De 5 a 14 años;Defunciones;Gran Canaria;5
2011;Total;De 5 a 14 años;Defunciones;Fuerteventura;2
2011;Total;De 5 a 14 años;Defunciones;El Hierro;0
2011;Total;De 5 a 14 años;Defunciones;Canarias;18
2011;Total;De 55 a 64 años;Defunciones;Tenerife;648
2011;Total;De 55 a 64 años;Defunciones;Lanzarote;80
2011;Total;De 55 a 64 años;Defunciones;La Palma;74
2011;Total;De 55 a 64 años;Defunciones;La Gomera;16
2011;Total;De 55 a 64 años;Defunciones;Gran Canaria;620
2011;Total;De 55 a 64 años;Defunciones;Fuerteventura;56
2011;Total;De 55 a 64 años;Defunciones;El Hierro;5
2011;Total;De 55 a 64 años;Defunciones;Canarias;1499
2011;Total;De 45 a 54 años;Defunciones;Tenerife;365
2011;Total;De 45 a 54 años;Defunciones;Lanzarote;47
2011;Total;De 45 a 54 años;Defunciones;La Palma;33
2011;Total;De 45 a 54 años;Defunciones;La Gomera;12
2011;Total;De 45 a 54 años;Defunciones;Gran Canaria;416
2011;Total;De 45 a 54 años;Defunciones;Fuerteventura;26
2011;Total;De 45 a 54 años;Defunciones;El Hierro;3
2011;Total;De 45 a 54 años;Defunciones;Canarias;902
2011;Total;De 35 a 44 años;Defunciones;Tenerife;133
2011;Total;De 35 a 44 años;Defunciones;Lanzarote;26
2011;Total;De 35 a 44 años;Defunciones;La Palma;12
2011;Total;De 35 a 44 años;Defunciones;La Gomera;4
2011;Total;De 35 a 44 años;Defunciones;Gran Canaria;171
2011;Total;De 35 a 44 años;Defunciones;Fuerteventura;17
2011;Total;De 35 a 44 años;Defunciones;El Hierro;3
2011;Total;De 35 a 44 años;Defunciones;Canarias;366
2011;Total;De 25 a 34 años;Defunciones;Tenerife;63
2011;Total;De 25 a 34 años;Defunciones;Lanzarote;6
2011;Total;De 25 a 34 años;Defunciones;La Palma;7
2011;Total;De 25 a 34 años;Defunciones;La Gomera;2
2011;Total;De 25 a 34 años;Defunciones;Gran Canaria;49
2011;Total;De 25 a 34 años;Defunciones;Fuerteventura;1
2011;Total;De 25 a 34 años;Defunciones;El Hierro;0
2011;Total;De 25 a 34 años;Defunciones;Canarias;128
2011;Total;De 1 a 4 años;Defunciones;Tenerife;6
2011;Total;De 1 a 4 años;Defunciones;Lanzarote;2
2011;Total;De 1 a 4 años;Defunciones;La Palma;0
2011;Total;De 1 a 4 años;Defunciones;La Gomera;0
2011;Total;De 1 a 4 años;Defunciones;Gran Canaria;6
2011;Total;De 1 a 4 años;Defunciones;Fuerteventura;1
2011;Total;De 1 a 4 años;Defunciones;El Hierro;0
2011;Total;De 1 a 4 años;Defunciones;Canarias;15
2011;Total;De 15 a 24 años;Defunciones;Tenerife;21
2011;Total;De 15 a 24 años;Defunciones;Lanzarote;2
2011;Total;De 15 a 24 años;Defunciones;La Palma;1
2011;Total;De 15 a 24 años;Defunciones;La Gomera;1
2011;Total;De 15 a 24 años;Defunciones;Gran Canaria;26
2011;Total;De 15 a 24 años;Defunciones;Fuerteventura;6
2011;Total;De 15 a 24 años;Defunciones;El Hierro;1
2011;Total;De 15 a 24 años;Defunciones;Canarias;58
2011;Total;Total;Defunciones;Tenerife;6034
2011;Total;Total;Defunciones;Lanzarote;542
2011;Total;Total;Defunciones;La Palma;767
2011;Total;Total;Defunciones;La Gomera;174
2011;Total;Total;Defunciones;Gran Canaria;5647
2011;Total;Total;Defunciones;Fuerteventura;318
2011;Total;Total;Defunciones;El Hierro;83
2011;Total;Total;Defunciones;Canarias;13565
2011;Total;Menos de 7 días;Defunciones;Tenerife;12
2011;Total;Menos de 7 días;Defunciones;Lanzarote;2
2011;Total;Menos de 7 días;Defunciones;La Palma;1
2011;Total;Menos de 7 días;Defunciones;La Gomera;2
2011;Total;Menos de 7 días;Defunciones;Gran Canaria;7
2011;Total;Menos de 7 días;Defunciones;Fuerteventura;0
2011;Total;Menos de 7 días;Defunciones;El Hierro;0
2011;Total;Menos de 7 días;Defunciones;Canarias;24
2011;Total;De 7 a 27 días;Defunciones;Tenerife;7
2011;Total;De 7 a 27 días;Defunciones;Lanzarote;0
2011;Total;De 7 a 27 días;Defunciones;La Palma;1
2011;Total;De 7 a 27 días;Defunciones;La Gomera;0
2011;Total;De 7 a 27 días;Defunciones;Gran Canaria;10
2011;Total;De 7 a 27 días;Defunciones;Fuerteventura;0
2011;Total;De 7 a 27 días;Defunciones;El Hierro;0
2011;Total;De 7 a 27 días;Defunciones;Canarias;18
2011;Total;De 28 días a menos de 1 año;Defunciones;Tenerife;13
2011;Total;De 28 días a menos de 1 año;Defunciones;Lanzarote;2
2011;Total;De 28 días a menos de 1 año;Defunciones;La Palma;1
2011;Total;De 28 días a menos de 1 año;Defunciones;La Gomera;0
2011;Total;De 28 días a menos de 1 año;Defunciones;Gran Canaria;6
2011;Total;De 28 días a menos de 1 año;Defunciones;Fuerteventura;0
2011;Total;De 28 días a menos de 1 año;Defunciones;El Hierro;0
2011;Total;De 28 días a menos de 1 año;Defunciones;Canarias;22
2011;Hombres;Menor de 1 año;Defunciones;Tenerife;25
2011;Hombres;Menor de 1 año;Defunciones;Lanzarote;3
2011;Hombres;Menor de 1 año;Defunciones;La Palma;1
2011;Hombres;Menor de 1 año;Defunciones;La Gomera;1
2011;Hombres;Menor de 1 año;Defunciones;Gran Canaria;13
2011;Hombres;Menor de 1 año;Defunciones;Fuerteventura;0
2011;Hombres;Menor de 1 año;Defunciones;El Hierro;0
2011;Hombres;Menor de 1 año;Defunciones;Canarias;43
2011;Hombres;95 años o más;Defunciones;Tenerife;66
2011;Hombres;95 años o más;Defunciones;Lanzarote;8
2011;Hombres;95 años o más;Defunciones;La Palma;12
2011;Hombres;95 años o más;Defunciones;La Gomera;5
2011;Hombres;95 años o más;Defunciones;Gran Canaria;51
2011;Hombres;95 años o más;Defunciones;Fuerteventura;5
2011;Hombres;95 años o más;Defunciones;El Hierro;1
2011;Hombres;95 años o más;Defunciones;Canarias;148
2011;Hombres;De 85 a 94 años;Defunciones;Tenerife;592
2011;Hombres;De 85 a 94 años;Defunciones;Lanzarote;45
2011;Hombres;De 85 a 94 años;Defunciones;La Palma;99
2011;Hombres;De 85 a 94 años;Defunciones;La Gomera;23
2011;Hombres;De 85 a 94 años;Defunciones;Gran Canaria;508
2011;Hombres;De 85 a 94 años;Defunciones;Fuerteventura;36
2011;Hombres;De 85 a 94 años;Defunciones;El Hierro;21
2011;Hombres;De 85 a 94 años;Defunciones;Canarias;1324
2011;Hombres;De 75 a 84 años;Defunciones;Tenerife;1037
2011;Hombres;De 75 a 84 años;Defunciones;Lanzarote;84
2011;Hombres;De 75 a 84 años;Defunciones;La Palma;138
2011;Hombres;De 75 a 84 años;Defunciones;La Gomera;28
2011;Hombres;De 75 a 84 años;Defunciones;Gran Canaria;965
2011;Hombres;De 75 a 84 años;Defunciones;Fuerteventura;42
2011;Hombres;De 75 a 84 años;Defunciones;El Hierro;13
2011;Hombres;De 75 a 84 años;Defunciones;Canarias;2307
2011;Hombres;De 65 a 74 años;Defunciones;Tenerife;712
2011;Hombres;De 65 a 74 años;Defunciones;Lanzarote;77
2011;Hombres;De 65 a 74 años;Defunciones;La Palma;70
2011;Hombres;De 65 a 74 años;Defunciones;La Gomera;24
2011;Hombres;De 65 a 74 años;Defunciones;Gran Canaria;648
2011;Hombres;De 65 a 74 años;Defunciones;Fuerteventura;34
2011;Hombres;De 65 a 74 años;Defunciones;El Hierro;8
2011;Hombres;De 65 a 74 años;Defunciones;Canarias;1573
2011;Hombres;De 5 a 14 años;Defunciones;Tenerife;4
2011;Hombres;De 5 a 14 años;Defunciones;Lanzarote;0
2011;Hombres;De 5 a 14 años;Defunciones;La Palma;0
2011;Hombres;De 5 a 14 años;Defunciones;La Gomera;0
2011;Hombres;De 5 a 14 años;Defunciones;Gran Canaria;3
2011;Hombres;De 5 a 14 años;Defunciones;Fuerteventura;1
2011;Hombres;De 5 a 14 años;Defunciones;El Hierro;0
2011;Hombres;De 5 a 14 años;Defunciones;Canarias;8
2011;Hombres;De 55 a 64 años;Defunciones;Tenerife;451
2011;Hombres;De 55 a 64 años;Defunciones;Lanzarote;52
2011;Hombres;De 55 a 64 años;Defunciones;La Palma;57
2011;Hombres;De 55 a 64 años;Defunciones;La Gomera;13
2011;Hombres;De 55 a 64 años;Defunciones;Gran Canaria;451
2011;Hombres;De 55 a 64 años;Defunciones;Fuerteventura;39
2011;Hombres;De 55 a 64 años;Defunciones;El Hierro;4
2011;Hombres;De 55 a 64 años;Defunciones;Canarias;1067
2011;Hombres;De 45 a 54 años;Defunciones;Tenerife;229
2011;Hombres;De 45 a 54 años;Defunciones;Lanzarote;34
2011;Hombres;De 45 a 54 años;Defunciones;La Palma;22
2011;Hombres;De 45 a 54 años;Defunciones;La Gomera;10
2011;Hombres;De 45 a 54 años;Defunciones;Gran Canaria;288
2011;Hombres;De 45 a 54 años;Defunciones;Fuerteventura;21
2011;Hombres;De 45 a 54 años;Defunciones;El Hierro;1
2011;Hombres;De 45 a 54 años;Defunciones;Canarias;605
2011;Hombres;De 35 a 44 años;Defunciones;Tenerife;90
2011;Hombres;De 35 a 44 años;Defunciones;Lanzarote;17
2011;Hombres;De 35 a 44 años;Defunciones;La Palma;9
2011;Hombres;De 35 a 44 años;Defunciones;La Gomera;3
2011;Hombres;De 35 a 44 años;Defunciones;Gran Canaria;109
2011;Hombres;De 35 a 44 años;Defunciones;Fuerteventura;12
2011;Hombres;De 35 a 44 años;Defunciones;El Hierro;3
2011;Hombres;De 35 a 44 años;Defunciones;Canarias;243
2011;Hombres;De 25 a 34 años;Defunciones;Tenerife;51
2011;Hombres;De 25 a 34 años;Defunciones;Lanzarote;3
2011;Hombres;De 25 a 34 años;Defunciones;La Palma;4
2011;Hombres;De 25 a 34 años;Defunciones;La Gomera;1
2011;Hombres;De 25 a 34 años;Defunciones;Gran Canaria;33
2011;Hombres;De 25 a 34 años;Defunciones;Fuerteventura;1
2011;Hombres;De 25 a 34 años;Defunciones;El Hierro;0
2011;Hombres;De 25 a 34 años;Defunciones;Canarias;93
2011;Hombres;De 1 a 4 años;Defunciones;Tenerife;2
2011;Hombres;De 1 a 4 años;Defunciones;Lanzarote;2
2011;Hombres;De 1 a 4 años;Defunciones;La Palma;0
2011;Hombres;De 1 a 4 años;Defunciones;La Gomera;0
2011;Hombres;De 1 a 4 años;Defunciones;Gran Canaria;3
2011;Hombres;De 1 a 4 años;Defunciones;Fuerteventura;0
2011;Hombres;De 1 a 4 años;Defunciones;El Hierro;0
2011;Hombres;De 1 a 4 años;Defunciones;Canarias;7
2011;Hombres;De 15 a 24 años;Defunciones;Tenerife;12
2011;Hombres;De 15 a 24 años;Defunciones;Lanzarote;2
2011;Hombres;De 15 a 24 años;Defunciones;La Palma;1
2011;Hombres;De 15 a 24 años;Defunciones;La Gomera;0
2011;Hombres;De 15 a 24 años;Defunciones;Gran Canaria;17
2011;Hombres;De 15 a 24 años;Defunciones;Fuerteventura;4
2011;Hombres;De 15 a 24 años;Defunciones;El Hierro;0
2011;Hombres;De 15 a 24 años;Defunciones;Canarias;36
2011;Hombres;Total;Defunciones;Tenerife;3271
2011;Hombres;Total;Defunciones;Lanzarote;327
2011;Hombres;Total;Defunciones;La Palma;413
2011;Hombres;Total;Defunciones;La Gomera;108
2011;Hombres;Total;Defunciones;Gran Canaria;3089
2011;Hombres;Total;Defunciones;Fuerteventura;195
2011;Hombres;Total;Defunciones;El Hierro;51
2011;Hombres;Total;Defunciones;Canarias;7454
2011;Hombres;Menos de 7 días;Defunciones;Tenerife;8
2011;Hombres;Menos de 7 días;Defunciones;Lanzarote;1
2011;Hombres;Menos de 7 días;Defunciones;La Palma;0
2011;Hombres;Menos de 7 días;Defunciones;La Gomera;1
2011;Hombres;Menos de 7 días;Defunciones;Gran Canaria;2
2011;Hombres;Menos de 7 días;Defunciones;Fuerteventura;0
2011;Hombres;Menos de 7 días;Defunciones;El Hierro;0
2011;Hombres;Menos de 7 días;Defunciones;Canarias;12
2011;Hombres;De 7 a 27 días;Defunciones;Tenerife;6
2011;Hombres;De 7 a 27 días;Defunciones;Lanzarote;0
2011;Hombres;De 7 a 27 días;Defunciones;La Palma;0
2011;Hombres;De 7 a 27 días;Defunciones;La Gomera;0
2011;Hombres;De 7 a 27 días;Defunciones;Gran Canaria;7
2011;Hombres;De 7 a 27 días;Defunciones;Fuerteventura;0
2011;Hombres;De 7 a 27 días;Defunciones;El Hierro;0
2011;Hombres;De 7 a 27 días;Defunciones;Canarias;13
2011;Hombres;De 28 días a menos de 1 año;Defunciones;Tenerife;11
2011;Hombres;De 28 días a menos de 1 año;Defunciones;Lanzarote;2
2011;Hombres;De 28 días a menos de 1 año;Defunciones;La Palma;1
2011;Hombres;De 28 días a menos de 1 año;Defunciones;La Gomera;0
2011;Hombres;De 28 días a menos de 1 año;Defunciones;Gran Canaria;4
2011;Hombres;De 28 días a menos de 1 año;Defunciones;Fuerteventura;0
2011;Hombres;De 28 días a menos de 1 año;Defunciones;El Hierro;0
2011;Hombres;De 28 días a menos de 1 año;Defunciones;Canarias;18
2011;Mujeres;Menor de 1 año;Defunciones;Tenerife;7
2011;Mujeres;Menor de 1 año;Defunciones;Lanzarote;1
2011;Mujeres;Menor de 1 año;Defunciones;La Palma;2
2011;Mujeres;Menor de 1 año;Defunciones;La Gomera;1
2011;Mujeres;Menor de 1 año;Defunciones;Gran Canaria;10
2011;Mujeres;Menor de 1 año;Defunciones;Fuerteventura;0
2011;Mujeres;Menor de 1 año;Defunciones;El Hierro;0
2011;Mujeres;Menor de 1 año;Defunciones;Canarias;21
2011;Mujeres;95 años o más;Defunciones;Tenerife;203
2011;Mujeres;95 años o más;Defunciones;Lanzarote;21
2011;Mujeres;95 años o más;Defunciones;La Palma;52
2011;Mujeres;95 años o más;Defunciones;La Gomera;7
2011;Mujeres;95 años o más;Defunciones;Gran Canaria;162
2011;Mujeres;95 años o más;Defunciones;Fuerteventura;9
2011;Mujeres;95 años o más;Defunciones;El Hierro;8
2011;Mujeres;95 años o más;Defunciones;Canarias;462
2011;Mujeres;De 85 a 94 años;Defunciones;Tenerife;924
2011;Mujeres;De 85 a 94 años;Defunciones;Lanzarote;60
2011;Mujeres;De 85 a 94 años;Defunciones;La Palma;127
2011;Mujeres;De 85 a 94 años;Defunciones;La Gomera;30
2011;Mujeres;De 85 a 94 años;Defunciones;Gran Canaria;802
2011;Mujeres;De 85 a 94 años;Defunciones;Fuerteventura;31
2011;Mujeres;De 85 a 94 años;Defunciones;El Hierro;9
2011;Mujeres;De 85 a 94 años;Defunciones;Canarias;1983
2011;Mujeres;De 75 a 84 años;Defunciones;Tenerife;871
2011;Mujeres;De 75 a 84 años;Defunciones;Lanzarote;53
2011;Mujeres;De 75 a 84 años;Defunciones;La Palma;110
2011;Mujeres;De 75 a 84 años;Defunciones;La Gomera;15
2011;Mujeres;De 75 a 84 años;Defunciones;Gran Canaria;847
2011;Mujeres;De 75 a 84 años;Defunciones;Fuerteventura;36
2011;Mujeres;De 75 a 84 años;Defunciones;El Hierro;6
2011;Mujeres;De 75 a 84 años;Defunciones;Canarias;1938
2011;Mujeres;De 65 a 74 años;Defunciones;Tenerife;352
2011;Mujeres;De 65 a 74 años;Defunciones;Lanzarote;26
2011;Mujeres;De 65 a 74 años;Defunciones;La Palma;28
2011;Mujeres;De 65 a 74 años;Defunciones;La Gomera;5
2011;Mujeres;De 65 a 74 años;Defunciones;Gran Canaria;348
2011;Mujeres;De 65 a 74 años;Defunciones;Fuerteventura;16
2011;Mujeres;De 65 a 74 años;Defunciones;El Hierro;5
2011;Mujeres;De 65 a 74 años;Defunciones;Canarias;780
2011;Mujeres;De 5 a 14 años;Defunciones;Tenerife;5
2011;Mujeres;De 5 a 14 años;Defunciones;Lanzarote;1
2011;Mujeres;De 5 a 14 años;Defunciones;La Palma;1
2011;Mujeres;De 5 a 14 años;Defunciones;La Gomera;0
2011;Mujeres;De 5 a 14 años;Defunciones;Gran Canaria;2
2011;Mujeres;De 5 a 14 años;Defunciones;Fuerteventura;1
2011;Mujeres;De 5 a 14 años;Defunciones;El Hierro;0
2011;Mujeres;De 5 a 14 años;Defunciones;Canarias;10
2011;Mujeres;De 55 a 64 años;Defunciones;Tenerife;197
2011;Mujeres;De 55 a 64 años;Defunciones;Lanzarote;28
2011;Mujeres;De 55 a 64 años;Defunciones;La Palma;17
2011;Mujeres;De 55 a 64 años;Defunciones;La Gomera;3
2011;Mujeres;De 55 a 64 años;Defunciones;Gran Canaria;169
2011;Mujeres;De 55 a 64 años;Defunciones;Fuerteventura;17
2011;Mujeres;De 55 a 64 años;Defunciones;El Hierro;1
2011;Mujeres;De 55 a 64 años;Defunciones;Canarias;432
2011;Mujeres;De 45 a 54 años;Defunciones;Tenerife;136
2011;Mujeres;De 45 a 54 años;Defunciones;Lanzarote;13
2011;Mujeres;De 45 a 54 años;Defunciones;La Palma;11
2011;Mujeres;De 45 a 54 años;Defunciones;La Gomera;2
2011;Mujeres;De 45 a 54 años;Defunciones;Gran Canaria;128
2011;Mujeres;De 45 a 54 años;Defunciones;Fuerteventura;5
2011;Mujeres;De 45 a 54 años;Defunciones;El Hierro;2
2011;Mujeres;De 45 a 54 años;Defunciones;Canarias;297
2011;Mujeres;De 35 a 44 años;Defunciones;Tenerife;43
2011;Mujeres;De 35 a 44 años;Defunciones;Lanzarote;9
2011;Mujeres;De 35 a 44 años;Defunciones;La Palma;3
2011;Mujeres;De 35 a 44 años;Defunciones;La Gomera;1
2011;Mujeres;De 35 a 44 años;Defunciones;Gran Canaria;62
2011;Mujeres;De 35 a 44 años;Defunciones;Fuerteventura;5
2011;Mujeres;De 35 a 44 años;Defunciones;El Hierro;0
2011;Mujeres;De 35 a 44 años;Defunciones;Canarias;123
2011;Mujeres;De 25 a 34 años;Defunciones;Tenerife;12
2011;Mujeres;De 25 a 34 años;Defunciones;Lanzarote;3
2011;Mujeres;De 25 a 34 años;Defunciones;La Palma;3
2011;Mujeres;De 25 a 34 años;Defunciones;La Gomera;1
2011;Mujeres;De 25 a 34 años;Defunciones;Gran Canaria;16
2011;Mujeres;De 25 a 34 años;Defunciones;Fuerteventura;0
2011;Mujeres;De 25 a 34 años;Defunciones;El Hierro;0
2011;Mujeres;De 25 a 34 años;Defunciones;Canarias;35
2011;Mujeres;De 1 a 4 años;Defunciones;Tenerife;4
2011;Mujeres;De 1 a 4 años;Defunciones;Lanzarote;0
2011;Mujeres;De 1 a 4 años;Defunciones;La Palma;0
2011;Mujeres;De 1 a 4 años;Defunciones;La Gomera;0
2011;Mujeres;De 1 a 4 años;Defunciones;Gran Canaria;3
2011;Mujeres;De 1 a 4 años;Defunciones;Fuerteventura;1
2011;Mujeres;De 1 a 4 años;Defunciones;El Hierro;0
2011;Mujeres;De 1 a 4 años;Defunciones;Canarias;8
2011;Mujeres;De 15 a 24 años;Defunciones;Tenerife;9
2011;Mujeres;De 15 a 24 años;Defunciones;Lanzarote;0
2011;Mujeres;De 15 a 24 años;Defunciones;La Palma;0
2011;Mujeres;De 15 a 24 años;Defunciones;La Gomera;1
2011;Mujeres;De 15 a 24 años;Defunciones;Gran Canaria;9
2011;Mujeres;De 15 a 24 años;Defunciones;Fuerteventura;2
2011;Mujeres;De 15 a 24 años;Defunciones;El Hierro;1
2011;Mujeres;De 15 a 24 años;Defunciones;Canarias;22
2011;Mujeres;Total;Defunciones;Tenerife;2763
2011;Mujeres;Total;Defunciones;Lanzarote;215
2011;Mujeres;Total;Defunciones;La Palma;354
2011;Mujeres;Total;Defunciones;La Gomera;66
2011;Mujeres;Total;Defunciones;Gran Canaria;2558
2011;Mujeres;Total;Defunciones;Fuerteventura;123
2011;Mujeres;Total;Defunciones;El Hierro;32
2011;Mujeres;Total;Defunciones;Canarias;6111
2011;Mujeres;Menos de 7 días;Defunciones;Tenerife;4
2011;Mujeres;Menos de 7 días;Defunciones;Lanzarote;1
2011;Mujeres;Menos de 7 días;Defunciones;La Palma;1
2011;Mujeres;Menos de 7 días;Defunciones;La Gomera;1
2011;Mujeres;Menos de 7 días;Defunciones;Gran Canaria;5
2011;Mujeres;Menos de 7 días;Defunciones;Fuerteventura;0
2011;Mujeres;Menos de 7 días;Defunciones;El Hierro;0
2011;Mujeres;Menos de 7 días;Defunciones;Canarias;12
2011;Mujeres;De 7 a 27 días;Defunciones;Tenerife;1
2011;Mujeres;De 7 a 27 días;Defunciones;Lanzarote;0
2011;Mujeres;De 7 a 27 días;Defunciones;La Palma;1
2011;Mujeres;De 7 a 27 días;Defunciones;La Gomera;0
2011;Mujeres;De 7 a 27 días;Defunciones;Gran Canaria;3
2011;Mujeres;De 7 a 27 días;Defunciones;Fuerteventura;0
2011;Mujeres;De 7 a 27 días;Defunciones;El Hierro;0
2011;Mujeres;De 7 a 27 días;Defunciones;Canarias;5
2011;Mujeres;De 28 días a menos de 1 año;Defunciones;Tenerife;2
2011;Mujeres;De 28 días a menos de 1 año;Defunciones;Lanzarote;0
2011;Mujeres;De 28 días a menos de 1 año;Defunciones;La Palma;0
2011;Mujeres;De 28 días a menos de 1 año;Defunciones;La Gomera;0
2011;Mujeres;De 28 días a menos de 1 año;Defunciones;Gran Canaria;2
2011;Mujeres;De 28 días a menos de 1 año;Defunciones;Fuerteventura;0
2011;Mujeres;De 28 días a menos de 1 año;Defunciones;El Hierro;0
2011;Mujeres;De 28 días a menos de 1 año;Defunciones;Canarias;4
2012;Total;Menor de 1 año;Defunciones;Tenerife;14
2012;Total;Menor de 1 año;Defunciones;Lanzarote;2
2012;Total;Menor de 1 año;Defunciones;La Palma;5
2012;Total;Menor de 1 año;Defunciones;La Gomera;0
2012;Total;Menor de 1 año;Defunciones;Gran Canaria;17
2012;Total;Menor de 1 año;Defunciones;Fuerteventura;3
2012;Total;Menor de 1 año;Defunciones;El Hierro;0
2012;Total;Menor de 1 año;Defunciones;Canarias;41
2012;Total;95 años o más;Defunciones;Tenerife;275
2012;Total;95 años o más;Defunciones;Lanzarote;28
2012;Total;95 años o más;Defunciones;La Palma;39
2012;Total;95 años o más;Defunciones;La Gomera;12
2012;Total;95 años o más;Defunciones;Gran Canaria;245
2012;Total;95 años o más;Defunciones;Fuerteventura;16
2012;Total;95 años o más;Defunciones;El Hierro;7
2012;Total;95 años o más;Defunciones;Canarias;622
2012;Total;De 85 a 94 años;Defunciones;Tenerife;1552
2012;Total;De 85 a 94 años;Defunciones;Lanzarote;116
2012;Total;De 85 a 94 años;Defunciones;La Palma;256
2012;Total;De 85 a 94 años;Defunciones;La Gomera;49
2012;Total;De 85 a 94 años;Defunciones;Gran Canaria;1462
2012;Total;De 85 a 94 años;Defunciones;Fuerteventura;63
2012;Total;De 85 a 94 años;Defunciones;El Hierro;35
2012;Total;De 85 a 94 años;Defunciones;Canarias;3533
2012;Total;De 75 a 84 años;Defunciones;Tenerife;2064
2012;Total;De 75 a 84 años;Defunciones;Lanzarote;161
2012;Total;De 75 a 84 años;Defunciones;La Palma;197
2012;Total;De 75 a 84 años;Defunciones;La Gomera;51
2012;Total;De 75 a 84 años;Defunciones;Gran Canaria;1920
2012;Total;De 75 a 84 años;Defunciones;Fuerteventura;78
2012;Total;De 75 a 84 años;Defunciones;El Hierro;22
2012;Total;De 75 a 84 años;Defunciones;Canarias;4493
2012;Total;De 65 a 74 años;Defunciones;Tenerife;1061
2012;Total;De 65 a 74 años;Defunciones;Lanzarote;106
2012;Total;De 65 a 74 años;Defunciones;La Palma;110
2012;Total;De 65 a 74 años;Defunciones;La Gomera;31
2012;Total;De 65 a 74 años;Defunciones;Gran Canaria;1033
2012;Total;De 65 a 74 años;Defunciones;Fuerteventura;58
2012;Total;De 65 a 74 años;Defunciones;El Hierro;8
2012;Total;De 65 a 74 años;Defunciones;Canarias;2407
2012;Total;De 5 a 14 años;Defunciones;Tenerife;5
2012;Total;De 5 a 14 años;Defunciones;Lanzarote;2
2012;Total;De 5 a 14 años;Defunciones;La Palma;2
2012;Total;De 5 a 14 años;Defunciones;La Gomera;0
2012;Total;De 5 a 14 años;Defunciones;Gran Canaria;5
2012;Total;De 5 a 14 años;Defunciones;Fuerteventura;0
2012;Total;De 5 a 14 años;Defunciones;El Hierro;1
2012;Total;De 5 a 14 años;Defunciones;Canarias;15
2012;Total;De 55 a 64 años;Defunciones;Tenerife;648
2012;Total;De 55 a 64 años;Defunciones;Lanzarote;74
2012;Total;De 55 a 64 años;Defunciones;La Palma;56
2012;Total;De 55 a 64 años;Defunciones;La Gomera;15
2012;Total;De 55 a 64 años;Defunciones;Gran Canaria;660
2012;Total;De 55 a 64 años;Defunciones;Fuerteventura;44
2012;Total;De 55 a 64 años;Defunciones;El Hierro;8
2012;Total;De 55 a 64 años;Defunciones;Canarias;1505
2012;Total;De 45 a 54 años;Defunciones;Tenerife;364
2012;Total;De 45 a 54 años;Defunciones;Lanzarote;45
2012;Total;De 45 a 54 años;Defunciones;La Palma;36
2012;Total;De 45 a 54 años;Defunciones;La Gomera;10
2012;Total;De 45 a 54 años;Defunciones;Gran Canaria;397
2012;Total;De 45 a 54 años;Defunciones;Fuerteventura;34
2012;Total;De 45 a 54 años;Defunciones;El Hierro;4
2012;Total;De 45 a 54 años;Defunciones;Canarias;890
2012;Total;De 35 a 44 años;Defunciones;Tenerife;161
2012;Total;De 35 a 44 años;Defunciones;Lanzarote;19
2012;Total;De 35 a 44 años;Defunciones;La Palma;13
2012;Total;De 35 a 44 años;Defunciones;La Gomera;4
2012;Total;De 35 a 44 años;Defunciones;Gran Canaria;166
2012;Total;De 35 a 44 años;Defunciones;Fuerteventura;13
2012;Total;De 35 a 44 años;Defunciones;El Hierro;0
2012;Total;De 35 a 44 años;Defunciones;Canarias;376
2012;Total;De 25 a 34 años;Defunciones;Tenerife;55
2012;Total;De 25 a 34 años;Defunciones;Lanzarote;11
2012;Total;De 25 a 34 años;Defunciones;La Palma;6
2012;Total;De 25 a 34 años;Defunciones;La Gomera;0
2012;Total;De 25 a 34 años;Defunciones;Gran Canaria;61
2012;Total;De 25 a 34 años;Defunciones;Fuerteventura;5
2012;Total;De 25 a 34 años;Defunciones;El Hierro;0
2012;Total;De 25 a 34 años;Defunciones;Canarias;138
2012;Total;De 1 a 4 años;Defunciones;Tenerife;4
2012;Total;De 1 a 4 años;Defunciones;Lanzarote;1
2012;Total;De 1 a 4 años;Defunciones;La Palma;0
2012;Total;De 1 a 4 años;Defunciones;La Gomera;0
2012;Total;De 1 a 4 años;Defunciones;Gran Canaria;3
2012;Total;De 1 a 4 años;Defunciones;Fuerteventura;2
2012;Total;De 1 a 4 años;Defunciones;El Hierro;0
2012;Total;De 1 a 4 años;Defunciones;Canarias;10
2012;Total;De 15 a 24 años;Defunciones;Tenerife;27
2012;Total;De 15 a 24 años;Defunciones;Lanzarote;1
2012;Total;De 15 a 24 años;Defunciones;La Palma;1
2012;Total;De 15 a 24 años;Defunciones;La Gomera;1
2012;Total;De 15 a 24 años;Defunciones;Gran Canaria;20
2012;Total;De 15 a 24 años;Defunciones;Fuerteventura;0
2012;Total;De 15 a 24 años;Defunciones;El Hierro;1
2012;Total;De 15 a 24 años;Defunciones;Canarias;51
2012;Total;Total;Defunciones;Tenerife;6230
2012;Total;Total;Defunciones;Lanzarote;566
2012;Total;Total;Defunciones;La Palma;721
2012;Total;Total;Defunciones;La Gomera;173
2012;Total;Total;Defunciones;Gran Canaria;5989
2012;Total;Total;Defunciones;Fuerteventura;316
2012;Total;Total;Defunciones;El Hierro;86
2012;Total;Total;Defunciones;Canarias;14081
2012;Total;Menos de 7 días;Defunciones;Tenerife;9
2012;Total;Menos de 7 días;Defunciones;Lanzarote;0
2012;Total;Menos de 7 días;Defunciones;La Palma;3
2012;Total;Menos de 7 días;Defunciones;La Gomera;0
2012;Total;Menos de 7 días;Defunciones;Gran Canaria;4
2012;Total;Menos de 7 días;Defunciones;Fuerteventura;0
2012;Total;Menos de 7 días;Defunciones;El Hierro;0
2012;Total;Menos de 7 días;Defunciones;Canarias;16
2012;Total;De 7 a 27 días;Defunciones;Tenerife;4
2012;Total;De 7 a 27 días;Defunciones;Lanzarote;0
2012;Total;De 7 a 27 días;Defunciones;La Palma;1
2012;Total;De 7 a 27 días;Defunciones;La Gomera;0
2012;Total;De 7 a 27 días;Defunciones;Gran Canaria;8
2012;Total;De 7 a 27 días;Defunciones;Fuerteventura;1
2012;Total;De 7 a 27 días;Defunciones;El Hierro;0
2012;Total;De 7 a 27 días;Defunciones;Canarias;14
2012;Total;De 28 días a menos de 1 año;Defunciones;Tenerife;1
2012;Total;De 28 días a menos de 1 año;Defunciones;Lanzarote;2
2012;Total;De 28 días a menos de 1 año;Defunciones;La Palma;1
2012;Total;De 28 días a menos de 1 año;Defunciones;La Gomera;0
2012;Total;De 28 días a menos de 1 año;Defunciones;Gran Canaria;5
2012;Total;De 28 días a menos de 1 año;Defunciones;Fuerteventura;2
2012;Total;De 28 días a menos de 1 año;Defunciones;El Hierro;0
2012;Total;De 28 días a menos de 1 año;Defunciones;Canarias;11
2012;Hombres;Menor de 1 año;Defunciones;Tenerife;10
2012;Hombres;Menor de 1 año;Defunciones;Lanzarote;0
2012;Hombres;Menor de 1 año;Defunciones;La Palma;2
2012;Hombres;Menor de 1 año;Defunciones;La Gomera;0
2012;Hombres;Menor de 1 año;Defunciones;Gran Canaria;9
2012;Hombres;Menor de 1 año;Defunciones;Fuerteventura;3
2012;Hombres;Menor de 1 año;Defunciones;El Hierro;0
2012;Hombres;Menor de 1 año;Defunciones;Canarias;24
2012;Hombres;95 años o más;Defunciones;Tenerife;78
2012;Hombres;95 años o más;Defunciones;Lanzarote;14
2012;Hombres;95 años o más;Defunciones;La Palma;6
2012;Hombres;95 años o más;Defunciones;La Gomera;6
2012;Hombres;95 años o más;Defunciones;Gran Canaria;75
2012;Hombres;95 años o más;Defunciones;Fuerteventura;4
2012;Hombres;95 años o más;Defunciones;El Hierro;0
2012;Hombres;95 años o más;Defunciones;Canarias;183
2012;Hombres;De 85 a 94 años;Defunciones;Tenerife;587
2012;Hombres;De 85 a 94 años;Defunciones;Lanzarote;50
2012;Hombres;De 85 a 94 años;Defunciones;La Palma;100
2012;Hombres;De 85 a 94 años;Defunciones;La Gomera;18
2012;Hombres;De 85 a 94 años;Defunciones;Gran Canaria;563
2012;Hombres;De 85 a 94 años;Defunciones;Fuerteventura;24
2012;Hombres;De 85 a 94 años;Defunciones;El Hierro;13
2012;Hombres;De 85 a 94 años;Defunciones;Canarias;1355
2012;Hombres;De 75 a 84 años;Defunciones;Tenerife;1074
2012;Hombres;De 75 a 84 años;Defunciones;Lanzarote;100
2012;Hombres;De 75 a 84 años;Defunciones;La Palma;113
2012;Hombres;De 75 a 84 años;Defunciones;La Gomera;28
2012;Hombres;De 75 a 84 años;Defunciones;Gran Canaria;1006
2012;Hombres;De 75 a 84 años;Defunciones;Fuerteventura;42
2012;Hombres;De 75 a 84 años;Defunciones;El Hierro;13
2012;Hombres;De 75 a 84 años;Defunciones;Canarias;2376
2012;Hombres;De 65 a 74 años;Defunciones;Tenerife;706
2012;Hombres;De 65 a 74 años;Defunciones;Lanzarote;79
2012;Hombres;De 65 a 74 años;Defunciones;La Palma;75
2012;Hombres;De 65 a 74 años;Defunciones;La Gomera;22
2012;Hombres;De 65 a 74 años;Defunciones;Gran Canaria;692
2012;Hombres;De 65 a 74 años;Defunciones;Fuerteventura;36
2012;Hombres;De 65 a 74 años;Defunciones;El Hierro;6
2012;Hombres;De 65 a 74 años;Defunciones;Canarias;1616
2012;Hombres;De 5 a 14 años;Defunciones;Tenerife;3
2012;Hombres;De 5 a 14 años;Defunciones;Lanzarote;0
2012;Hombres;De 5 a 14 años;Defunciones;La Palma;0
2012;Hombres;De 5 a 14 años;Defunciones;La Gomera;0
2012;Hombres;De 5 a 14 años;Defunciones;Gran Canaria;2
2012;Hombres;De 5 a 14 años;Defunciones;Fuerteventura;0
2012;Hombres;De 5 a 14 años;Defunciones;El Hierro;1
2012;Hombres;De 5 a 14 años;Defunciones;Canarias;6
2012;Hombres;De 55 a 64 años;Defunciones;Tenerife;431
2012;Hombres;De 55 a 64 años;Defunciones;Lanzarote;54
2012;Hombres;De 55 a 64 años;Defunciones;La Palma;28
2012;Hombres;De 55 a 64 años;Defunciones;La Gomera;10
2012;Hombres;De 55 a 64 años;Defunciones;Gran Canaria;457
2012;Hombres;De 55 a 64 años;Defunciones;Fuerteventura;31
2012;Hombres;De 55 a 64 años;Defunciones;El Hierro;5
2012;Hombres;De 55 a 64 años;Defunciones;Canarias;1016
2012;Hombres;De 45 a 54 años;Defunciones;Tenerife;239
2012;Hombres;De 45 a 54 años;Defunciones;Lanzarote;28
2012;Hombres;De 45 a 54 años;Defunciones;La Palma;25
2012;Hombres;De 45 a 54 años;Defunciones;La Gomera;8
2012;Hombres;De 45 a 54 años;Defunciones;Gran Canaria;263
2012;Hombres;De 45 a 54 años;Defunciones;Fuerteventura;25
2012;Hombres;De 45 a 54 años;Defunciones;El Hierro;3
2012;Hombres;De 45 a 54 años;Defunciones;Canarias;591
2012;Hombres;De 35 a 44 años;Defunciones;Tenerife;102
2012;Hombres;De 35 a 44 años;Defunciones;Lanzarote;12
2012;Hombres;De 35 a 44 años;Defunciones;La Palma;11
2012;Hombres;De 35 a 44 años;Defunciones;La Gomera;4
2012;Hombres;De 35 a 44 años;Defunciones;Gran Canaria;111
2012;Hombres;De 35 a 44 años;Defunciones;Fuerteventura;10
2012;Hombres;De 35 a 44 años;Defunciones;El Hierro;0
2012;Hombres;De 35 a 44 años;Defunciones;Canarias;250
2012;Hombres;De 25 a 34 años;Defunciones;Tenerife;41
2012;Hombres;De 25 a 34 años;Defunciones;Lanzarote;9
2012;Hombres;De 25 a 34 años;Defunciones;La Palma;4
2012;Hombres;De 25 a 34 años;Defunciones;La Gomera;0
2012;Hombres;De 25 a 34 años;Defunciones;Gran Canaria;41
2012;Hombres;De 25 a 34 años;Defunciones;Fuerteventura;4
2012;Hombres;De 25 a 34 años;Defunciones;El Hierro;0
2012;Hombres;De 25 a 34 años;Defunciones;Canarias;99
2012;Hombres;De 1 a 4 años;Defunciones;Tenerife;3
2012;Hombres;De 1 a 4 años;Defunciones;Lanzarote;1
2012;Hombres;De 1 a 4 años;Defunciones;La Palma;0
2012;Hombres;De 1 a 4 años;Defunciones;La Gomera;0
2012;Hombres;De 1 a 4 años;Defunciones;Gran Canaria;2
2012;Hombres;De 1 a 4 años;Defunciones;Fuerteventura;0
2012;Hombres;De 1 a 4 años;Defunciones;El Hierro;0
2012;Hombres;De 1 a 4 años;Defunciones;Canarias;6
2012;Hombres;De 15 a 24 años;Defunciones;Tenerife;22
2012;Hombres;De 15 a 24 años;Defunciones;Lanzarote;1
2012;Hombres;De 15 a 24 años;Defunciones;La Palma;1
2012;Hombres;De 15 a 24 años;Defunciones;La Gomera;0
2012;Hombres;De 15 a 24 años;Defunciones;Gran Canaria;15
2012;Hombres;De 15 a 24 años;Defunciones;Fuerteventura;0
2012;Hombres;De 15 a 24 años;Defunciones;El Hierro;1
2012;Hombres;De 15 a 24 años;Defunciones;Canarias;40
2012;Hombres;Total;Defunciones;Tenerife;3296
2012;Hombres;Total;Defunciones;Lanzarote;348
2012;Hombres;Total;Defunciones;La Palma;365
2012;Hombres;Total;Defunciones;La Gomera;96
2012;Hombres;Total;Defunciones;Gran Canaria;3236
2012;Hombres;Total;Defunciones;Fuerteventura;179
2012;Hombres;Total;Defunciones;El Hierro;42
2012;Hombres;Total;Defunciones;Canarias;7562
2012;Hombres;Menos de 7 días;Defunciones;Tenerife;5
2012;Hombres;Menos de 7 días;Defunciones;Lanzarote;0
2012;Hombres;Menos de 7 días;Defunciones;La Palma;1
2012;Hombres;Menos de 7 días;Defunciones;La Gomera;0
2012;Hombres;Menos de 7 días;Defunciones;Gran Canaria;1
2012;Hombres;Menos de 7 días;Defunciones;Fuerteventura;0
2012;Hombres;Menos de 7 días;Defunciones;El Hierro;0
2012;Hombres;Menos de 7 días;Defunciones;Canarias;7
2012;Hombres;De 7 a 27 días;Defunciones;Tenerife;4
2012;Hombres;De 7 a 27 días;Defunciones;Lanzarote;0
2012;Hombres;De 7 a 27 días;Defunciones;La Palma;1
2012;Hombres;De 7 a 27 días;Defunciones;La Gomera;0
2012;Hombres;De 7 a 27 días;Defunciones;Gran Canaria;5
2012;Hombres;De 7 a 27 días;Defunciones;Fuerteventura;1
2012;Hombres;De 7 a 27 días;Defunciones;El Hierro;0
2012;Hombres;De 7 a 27 días;Defunciones;Canarias;11
2012;Hombres;De 28 días a menos de 1 año;Defunciones;Tenerife;1
2012;Hombres;De 28 días a menos de 1 año;Defunciones;Lanzarote;0
2012;Hombres;De 28 días a menos de 1 año;Defunciones;La Palma;0
2012;Hombres;De 28 días a menos de 1 año;Defunciones;La Gomera;0
2012;Hombres;De 28 días a menos de 1 año;Defunciones;Gran Canaria;3
2012;Hombres;De 28 días a menos de 1 año;Defunciones;Fuerteventura;2
2012;Hombres;De 28 días a menos de 1 año;Defunciones;El Hierro;0
2012;Hombres;De 28 días a menos de 1 año;Defunciones;Canarias;6
2012;Mujeres;Menor de 1 año;Defunciones;Tenerife;4
2012;Mujeres;Menor de 1 año;Defunciones;Lanzarote;2
2012;Mujeres;Menor de 1 año;Defunciones;La Palma;3
2012;Mujeres;Menor de 1 año;Defunciones;La Gomera;0
2012;Mujeres;Menor de 1 año;Defunciones;Gran Canaria;8
2012;Mujeres;Menor de 1 año;Defunciones;Fuerteventura;0
2012;Mujeres;Menor de 1 año;Defunciones;El Hierro;0
2012;Mujeres;Menor de 1 año;Defunciones;Canarias;17
2012;Mujeres;95 años o más;Defunciones;Tenerife;197
2012;Mujeres;95 años o más;Defunciones;Lanzarote;14
2012;Mujeres;95 años o más;Defunciones;La Palma;33
2012;Mujeres;95 años o más;Defunciones;La Gomera;6
2012;Mujeres;95 años o más;Defunciones;Gran Canaria;170
2012;Mujeres;95 años o más;Defunciones;Fuerteventura;12
2012;Mujeres;95 años o más;Defunciones;El Hierro;7
2012;Mujeres;95 años o más;Defunciones;Canarias;439
2012;Mujeres;De 85 a 94 años;Defunciones;Tenerife;965
2012;Mujeres;De 85 a 94 años;Defunciones;Lanzarote;66
2012;Mujeres;De 85 a 94 años;Defunciones;La Palma;156
2012;Mujeres;De 85 a 94 años;Defunciones;La Gomera;31
2012;Mujeres;De 85 a 94 años;Defunciones;Gran Canaria;899
2012;Mujeres;De 85 a 94 años;Defunciones;Fuerteventura;39
2012;Mujeres;De 85 a 94 años;Defunciones;El Hierro;22
2012;Mujeres;De 85 a 94 años;Defunciones;Canarias;2178
2012;Mujeres;De 75 a 84 años;Defunciones;Tenerife;990
2012;Mujeres;De 75 a 84 años;Defunciones;Lanzarote;61
2012;Mujeres;De 75 a 84 años;Defunciones;La Palma;84
2012;Mujeres;De 75 a 84 años;Defunciones;La Gomera;23
2012;Mujeres;De 75 a 84 años;Defunciones;Gran Canaria;914
2012;Mujeres;De 75 a 84 años;Defunciones;Fuerteventura;36
2012;Mujeres;De 75 a 84 años;Defunciones;El Hierro;9
2012;Mujeres;De 75 a 84 años;Defunciones;Canarias;2117
2012;Mujeres;De 65 a 74 años;Defunciones;Tenerife;355
2012;Mujeres;De 65 a 74 años;Defunciones;Lanzarote;27
2012;Mujeres;De 65 a 74 años;Defunciones;La Palma;35
2012;Mujeres;De 65 a 74 años;Defunciones;La Gomera;9
2012;Mujeres;De 65 a 74 años;Defunciones;Gran Canaria;341
2012;Mujeres;De 65 a 74 años;Defunciones;Fuerteventura;22
2012;Mujeres;De 65 a 74 años;Defunciones;El Hierro;2
2012;Mujeres;De 65 a 74 años;Defunciones;Canarias;791
2012;Mujeres;De 5 a 14 años;Defunciones;Tenerife;2
2012;Mujeres;De 5 a 14 años;Defunciones;Lanzarote;2
2012;Mujeres;De 5 a 14 años;Defunciones;La Palma;2
2012;Mujeres;De 5 a 14 años;Defunciones;La Gomera;0
2012;Mujeres;De 5 a 14 años;Defunciones;Gran Canaria;3
2012;Mujeres;De 5 a 14 años;Defunciones;Fuerteventura;0
2012;Mujeres;De 5 a 14 años;Defunciones;El Hierro;0
2012;Mujeres;De 5 a 14 años;Defunciones;Canarias;9
2012;Mujeres;De 55 a 64 años;Defunciones;Tenerife;217
2012;Mujeres;De 55 a 64 años;Defunciones;Lanzarote;20
2012;Mujeres;De 55 a 64 años;Defunciones;La Palma;28
2012;Mujeres;De 55 a 64 años;Defunciones;La Gomera;5
2012;Mujeres;De 55 a 64 años;Defunciones;Gran Canaria;203
2012;Mujeres;De 55 a 64 años;Defunciones;Fuerteventura;13
2012;Mujeres;De 55 a 64 años;Defunciones;El Hierro;3
2012;Mujeres;De 55 a 64 años;Defunciones;Canarias;489
2012;Mujeres;De 45 a 54 años;Defunciones;Tenerife;125
2012;Mujeres;De 45 a 54 años;Defunciones;Lanzarote;17
2012;Mujeres;De 45 a 54 años;Defunciones;La Palma;11
2012;Mujeres;De 45 a 54 años;Defunciones;La Gomera;2
2012;Mujeres;De 45 a 54 años;Defunciones;Gran Canaria;134
2012;Mujeres;De 45 a 54 años;Defunciones;Fuerteventura;9
2012;Mujeres;De 45 a 54 años;Defunciones;El Hierro;1
2012;Mujeres;De 45 a 54 años;Defunciones;Canarias;299
2012;Mujeres;De 35 a 44 años;Defunciones;Tenerife;59
2012;Mujeres;De 35 a 44 años;Defunciones;Lanzarote;7
2012;Mujeres;De 35 a 44 años;Defunciones;La Palma;2
2012;Mujeres;De 35 a 44 años;Defunciones;La Gomera;0
2012;Mujeres;De 35 a 44 años;Defunciones;Gran Canaria;55
2012;Mujeres;De 35 a 44 años;Defunciones;Fuerteventura;3
2012;Mujeres;De 35 a 44 años;Defunciones;El Hierro;0
2012;Mujeres;De 35 a 44 años;Defunciones;Canarias;126
2012;Mujeres;De 25 a 34 años;Defunciones;Tenerife;14
2012;Mujeres;De 25 a 34 años;Defunciones;Lanzarote;2
2012;Mujeres;De 25 a 34 años;Defunciones;La Palma;2
2012;Mujeres;De 25 a 34 años;Defunciones;La Gomera;0
2012;Mujeres;De 25 a 34 años;Defunciones;Gran Canaria;20
2012;Mujeres;De 25 a 34 años;Defunciones;Fuerteventura;1
2012;Mujeres;De 25 a 34 años;Defunciones;El Hierro;0
2012;Mujeres;De 25 a 34 años;Defunciones;Canarias;39
2012;Mujeres;De 1 a 4 años;Defunciones;Tenerife;1
2012;Mujeres;De 1 a 4 años;Defunciones;Lanzarote;0
2012;Mujeres;De 1 a 4 años;Defunciones;La Palma;0
2012;Mujeres;De 1 a 4 años;Defunciones;La Gomera;0
2012;Mujeres;De 1 a 4 años;Defunciones;Gran Canaria;1
2012;Mujeres;De 1 a 4 años;Defunciones;Fuerteventura;2
2012;Mujeres;De 1 a 4 años;Defunciones;El Hierro;0
2012;Mujeres;De 1 a 4 años;Defunciones;Canarias;4
2012;Mujeres;De 15 a 24 años;Defunciones;Tenerife;5
2012;Mujeres;De 15 a 24 años;Defunciones;Lanzarote;0
2012;Mujeres;De 15 a 24 años;Defunciones;La Palma;0
2012;Mujeres;De 15 a 24 años;Defunciones;La Gomera;1
2012;Mujeres;De 15 a 24 años;Defunciones;Gran Canaria;5
2012;Mujeres;De 15 a 24 años;Defunciones;Fuerteventura;0
2012;Mujeres;De 15 a 24 años;Defunciones;El Hierro;0
2012;Mujeres;De 15 a 24 años;Defunciones;Canarias;11
2012;Mujeres;Total;Defunciones;Tenerife;2934
2012;Mujeres;Total;Defunciones;Lanzarote;218
2012;Mujeres;Total;Defunciones;La Palma;356
2012;Mujeres;Total;Defunciones;La Gomera;77
2012;Mujeres;Total;Defunciones;Gran Canaria;2753
2012;Mujeres;Total;Defunciones;Fuerteventura;137
2012;Mujeres;Total;Defunciones;El Hierro;44
2012;Mujeres;Total;Defunciones;Canarias;6519
2012;Mujeres;Menos de 7 días;Defunciones;Tenerife;4
2012;Mujeres;Menos de 7 días;Defunciones;Lanzarote;0
2012;Mujeres;Menos de 7 días;Defunciones;La Palma;2
2012;Mujeres;Menos de 7 días;Defunciones;La Gomera;0
2012;Mujeres;Menos de 7 días;Defunciones;Gran Canaria;3
2012;Mujeres;Menos de 7 días;Defunciones;Fuerteventura;0
2012;Mujeres;Menos de 7 días;Defunciones;El Hierro;0
2012;Mujeres;Menos de 7 días;Defunciones;Canarias;9
2012;Mujeres;De 7 a 27 días;Defunciones;Tenerife;0
2012;Mujeres;De 7 a 27 días;Defunciones;Lanzarote;0
2012;Mujeres;De 7 a 27 días;Defunciones;La Palma;0
2012;Mujeres;De 7 a 27 días;Defunciones;La Gomera;0
2012;Mujeres;De 7 a 27 días;Defunciones;Gran Canaria;3
2012;Mujeres;De 7 a 27 días;Defunciones;Fuerteventura;0
2012;Mujeres;De 7 a 27 días;Defunciones;El Hierro;0
2012;Mujeres;De 7 a 27 días;Defunciones;Canarias;3
2012;Mujeres;De 28 días a menos de 1 año;Defunciones;Tenerife;0
2012;Mujeres;De 28 días a menos de 1 año;Defunciones;Lanzarote;2
2012;Mujeres;De 28 días a menos de 1 año;Defunciones;La Palma;1
2012;Mujeres;De 28 días a menos de 1 año;Defunciones;La Gomera;0
2012;Mujeres;De 28 días a menos de 1 año;Defunciones;Gran Canaria;2
2012;Mujeres;De 28 días a menos de 1 año;Defunciones;Fuerteventura;0
2012;Mujeres;De 28 días a menos de 1 año;Defunciones;El Hierro;0
2012;Mujeres;De 28 días a menos de 1 año;Defunciones;Canarias;5
2013;Total;Menor de 1 año;Defunciones;Tenerife;22
2013;Total;Menor de 1 año;Defunciones;Lanzarote;3
2013;Total;Menor de 1 año;Defunciones;La Palma;1
2013;Total;Menor de 1 año;Defunciones;La Gomera;0
2013;Total;Menor de 1 año;Defunciones;Gran Canaria;12
2013;Total;Menor de 1 año;Defunciones;Fuerteventura;2
2013;Total;Menor de 1 año;Defunciones;El Hierro;0
2013;Total;Menor de 1 año;Defunciones;Canarias;40
2013;Total;95 años o más;Defunciones;Tenerife;220
2013;Total;95 años o más;Defunciones;Lanzarote;27
2013;Total;95 años o más;Defunciones;La Palma;46
2013;Total;95 años o más;Defunciones;La Gomera;5
2013;Total;95 años o más;Defunciones;Gran Canaria;229
2013;Total;95 años o más;Defunciones;Fuerteventura;15
2013;Total;95 años o más;Defunciones;El Hierro;9
2013;Total;95 años o más;Defunciones;Canarias;551
2013;Total;De 85 a 94 años;Defunciones;Tenerife;1501
2013;Total;De 85 a 94 años;Defunciones;Lanzarote;109
2013;Total;De 85 a 94 años;Defunciones;La Palma;237
2013;Total;De 85 a 94 años;Defunciones;La Gomera;40
2013;Total;De 85 a 94 años;Defunciones;Gran Canaria;1368
2013;Total;De 85 a 94 años;Defunciones;Fuerteventura;69
2013;Total;De 85 a 94 años;Defunciones;El Hierro;33
2013;Total;De 85 a 94 años;Defunciones;Canarias;3357
2013;Total;De 75 a 84 años;Defunciones;Tenerife;1958
2013;Total;De 75 a 84 años;Defunciones;Lanzarote;172
2013;Total;De 75 a 84 años;Defunciones;La Palma;201
2013;Total;De 75 a 84 años;Defunciones;La Gomera;45
2013;Total;De 75 a 84 años;Defunciones;Gran Canaria;1950
2013;Total;De 75 a 84 años;Defunciones;Fuerteventura;95
2013;Total;De 75 a 84 años;Defunciones;El Hierro;21
2013;Total;De 75 a 84 años;Defunciones;Canarias;4442
2013;Total;De 65 a 74 años;Defunciones;Tenerife;990
2013;Total;De 65 a 74 años;Defunciones;Lanzarote;118
2013;Total;De 65 a 74 años;Defunciones;La Palma;116
2013;Total;De 65 a 74 años;Defunciones;La Gomera;26
2013;Total;De 65 a 74 años;Defunciones;Gran Canaria;998
2013;Total;De 65 a 74 años;Defunciones;Fuerteventura;56
2013;Total;De 65 a 74 años;Defunciones;El Hierro;10
2013;Total;De 65 a 74 años;Defunciones;Canarias;2314
2013;Total;De 5 a 14 años;Defunciones;Tenerife;5
2013;Total;De 5 a 14 años;Defunciones;Lanzarote;2
2013;Total;De 5 a 14 años;Defunciones;La Palma;2
2013;Total;De 5 a 14 años;Defunciones;La Gomera;0
2013;Total;De 5 a 14 años;Defunciones;Gran Canaria;10
2013;Total;De 5 a 14 años;Defunciones;Fuerteventura;1
2013;Total;De 5 a 14 años;Defunciones;El Hierro;0
2013;Total;De 5 a 14 años;Defunciones;Canarias;20
2013;Total;De 55 a 64 años;Defunciones;Tenerife;646
2013;Total;De 55 a 64 años;Defunciones;Lanzarote;70
2013;Total;De 55 a 64 años;Defunciones;La Palma;69
2013;Total;De 55 a 64 años;Defunciones;La Gomera;16
2013;Total;De 55 a 64 años;Defunciones;Gran Canaria;673
2013;Total;De 55 a 64 años;Defunciones;Fuerteventura;57
2013;Total;De 55 a 64 años;Defunciones;El Hierro;6
2013;Total;De 55 a 64 años;Defunciones;Canarias;1537
2013;Total;De 45 a 54 años;Defunciones;Tenerife;364
2013;Total;De 45 a 54 años;Defunciones;Lanzarote;46
2013;Total;De 45 a 54 años;Defunciones;La Palma;43
2013;Total;De 45 a 54 años;Defunciones;La Gomera;12
2013;Total;De 45 a 54 años;Defunciones;Gran Canaria;376
2013;Total;De 45 a 54 años;Defunciones;Fuerteventura;39
2013;Total;De 45 a 54 años;Defunciones;El Hierro;2
2013;Total;De 45 a 54 años;Defunciones;Canarias;882
2013;Total;De 35 a 44 años;Defunciones;Tenerife;127
2013;Total;De 35 a 44 años;Defunciones;Lanzarote;16
2013;Total;De 35 a 44 años;Defunciones;La Palma;11
2013;Total;De 35 a 44 años;Defunciones;La Gomera;2
2013;Total;De 35 a 44 años;Defunciones;Gran Canaria;144
2013;Total;De 35 a 44 años;Defunciones;Fuerteventura;17
2013;Total;De 35 a 44 años;Defunciones;El Hierro;2
2013;Total;De 35 a 44 años;Defunciones;Canarias;319
2013;Total;De 25 a 34 años;Defunciones;Tenerife;38
2013;Total;De 25 a 34 años;Defunciones;Lanzarote;8
2013;Total;De 25 a 34 años;Defunciones;La Palma;5
2013;Total;De 25 a 34 años;Defunciones;La Gomera;0
2013;Total;De 25 a 34 años;Defunciones;Gran Canaria;47
2013;Total;De 25 a 34 años;Defunciones;Fuerteventura;5
2013;Total;De 25 a 34 años;Defunciones;El Hierro;0
2013;Total;De 25 a 34 años;Defunciones;Canarias;103
2013;Total;De 1 a 4 años;Defunciones;Tenerife;3
2013;Total;De 1 a 4 años;Defunciones;Lanzarote;1
2013;Total;De 1 a 4 años;Defunciones;La Palma;0
2013;Total;De 1 a 4 años;Defunciones;La Gomera;0
2013;Total;De 1 a 4 años;Defunciones;Gran Canaria;6
2013;Total;De 1 a 4 años;Defunciones;Fuerteventura;2
2013;Total;De 1 a 4 años;Defunciones;El Hierro;0
2013;Total;De 1 a 4 años;Defunciones;Canarias;12
2013;Total;De 15 a 24 años;Defunciones;Tenerife;21
2013;Total;De 15 a 24 años;Defunciones;Lanzarote;1
2013;Total;De 15 a 24 años;Defunciones;La Palma;1
2013;Total;De 15 a 24 años;Defunciones;La Gomera;0
2013;Total;De 15 a 24 años;Defunciones;Gran Canaria;19
2013;Total;De 15 a 24 años;Defunciones;Fuerteventura;2
2013;Total;De 15 a 24 años;Defunciones;El Hierro;0
2013;Total;De 15 a 24 años;Defunciones;Canarias;44
2013;Total;Total;Defunciones;Tenerife;5895
2013;Total;Total;Defunciones;Lanzarote;573
2013;Total;Total;Defunciones;La Palma;732
2013;Total;Total;Defunciones;La Gomera;146
2013;Total;Total;Defunciones;Gran Canaria;5832
2013;Total;Total;Defunciones;Fuerteventura;360
2013;Total;Total;Defunciones;El Hierro;83
2013;Total;Total;Defunciones;Canarias;13621
2013;Total;Menos de 7 días;Defunciones;Tenerife;8
2013;Total;Menos de 7 días;Defunciones;Lanzarote;0
2013;Total;Menos de 7 días;Defunciones;La Palma;0
2013;Total;Menos de 7 días;Defunciones;La Gomera;0
2013;Total;Menos de 7 días;Defunciones;Gran Canaria;7
2013;Total;Menos de 7 días;Defunciones;Fuerteventura;0
2013;Total;Menos de 7 días;Defunciones;El Hierro;0
2013;Total;Menos de 7 días;Defunciones;Canarias;15
2013;Total;De 7 a 27 días;Defunciones;Tenerife;6
2013;Total;De 7 a 27 días;Defunciones;Lanzarote;1
2013;Total;De 7 a 27 días;Defunciones;La Palma;0
2013;Total;De 7 a 27 días;Defunciones;La Gomera;0
2013;Total;De 7 a 27 días;Defunciones;Gran Canaria;3
2013;Total;De 7 a 27 días;Defunciones;Fuerteventura;0
2013;Total;De 7 a 27 días;Defunciones;El Hierro;0
2013;Total;De 7 a 27 días;Defunciones;Canarias;10
2013;Total;De 28 días a menos de 1 año;Defunciones;Tenerife;8
2013;Total;De 28 días a menos de 1 año;Defunciones;Lanzarote;2
2013;Total;De 28 días a menos de 1 año;Defunciones;La Palma;1
2013;Total;De 28 días a menos de 1 año;Defunciones;La Gomera;0
2013;Total;De 28 días a menos de 1 año;Defunciones;Gran Canaria;2
2013;Total;De 28 días a menos de 1 año;Defunciones;Fuerteventura;2
2013;Total;De 28 días a menos de 1 año;Defunciones;El Hierro;0
2013;Total;De 28 días a menos de 1 año;Defunciones;Canarias;15
2013;Hombres;Menor de 1 año;Defunciones;Tenerife;12
2013;Hombres;Menor de 1 año;Defunciones;Lanzarote;2
2013;Hombres;Menor de 1 año;Defunciones;La Palma;1
2013;Hombres;Menor de 1 año;Defunciones;La Gomera;0
2013;Hombres;Menor de 1 año;Defunciones;Gran Canaria;8
2013;Hombres;Menor de 1 año;Defunciones;Fuerteventura;1
2013;Hombres;Menor de 1 año;Defunciones;El Hierro;0
2013;Hombres;Menor de 1 año;Defunciones;Canarias;24
2013;Hombres;95 años o más;Defunciones;Tenerife;47
2013;Hombres;95 años o más;Defunciones;Lanzarote;9
2013;Hombres;95 años o más;Defunciones;La Palma;13
2013;Hombres;95 años o más;Defunciones;La Gomera;1
2013;Hombres;95 años o más;Defunciones;Gran Canaria;58
2013;Hombres;95 años o más;Defunciones;Fuerteventura;2
2013;Hombres;95 años o más;Defunciones;El Hierro;2
2013;Hombres;95 años o más;Defunciones;Canarias;132
2013;Hombres;De 85 a 94 años;Defunciones;Tenerife;570
2013;Hombres;De 85 a 94 años;Defunciones;Lanzarote;49
2013;Hombres;De 85 a 94 años;Defunciones;La Palma;102
2013;Hombres;De 85 a 94 años;Defunciones;La Gomera;18
2013;Hombres;De 85 a 94 años;Defunciones;Gran Canaria;537
2013;Hombres;De 85 a 94 años;Defunciones;Fuerteventura;32
2013;Hombres;De 85 a 94 años;Defunciones;El Hierro;17
2013;Hombres;De 85 a 94 años;Defunciones;Canarias;1325
2013;Hombres;De 75 a 84 años;Defunciones;Tenerife;1084
2013;Hombres;De 75 a 84 años;Defunciones;Lanzarote;96
2013;Hombres;De 75 a 84 años;Defunciones;La Palma;100
2013;Hombres;De 75 a 84 años;Defunciones;La Gomera;25
2013;Hombres;De 75 a 84 años;Defunciones;Gran Canaria;1045
2013;Hombres;De 75 a 84 años;Defunciones;Fuerteventura;60
2013;Hombres;De 75 a 84 años;Defunciones;El Hierro;16
2013;Hombres;De 75 a 84 años;Defunciones;Canarias;2426
2013;Hombres;De 65 a 74 años;Defunciones;Tenerife;632
2013;Hombres;De 65 a 74 años;Defunciones;Lanzarote;80
2013;Hombres;De 65 a 74 años;Defunciones;La Palma;66
2013;Hombres;De 65 a 74 años;Defunciones;La Gomera;17
2013;Hombres;De 65 a 74 años;Defunciones;Gran Canaria;639
2013;Hombres;De 65 a 74 años;Defunciones;Fuerteventura;41
2013;Hombres;De 65 a 74 años;Defunciones;El Hierro;8
2013;Hombres;De 65 a 74 años;Defunciones;Canarias;1483
2013;Hombres;De 5 a 14 años;Defunciones;Tenerife;2
2013;Hombres;De 5 a 14 años;Defunciones;Lanzarote;0
2013;Hombres;De 5 a 14 años;Defunciones;La Palma;0
2013;Hombres;De 5 a 14 años;Defunciones;La Gomera;0
2013;Hombres;De 5 a 14 años;Defunciones;Gran Canaria;3
2013;Hombres;De 5 a 14 años;Defunciones;Fuerteventura;1
2013;Hombres;De 5 a 14 años;Defunciones;El Hierro;0
2013;Hombres;De 5 a 14 años;Defunciones;Canarias;6
2013;Hombres;De 55 a 64 años;Defunciones;Tenerife;432
2013;Hombres;De 55 a 64 años;Defunciones;Lanzarote;51
2013;Hombres;De 55 a 64 años;Defunciones;La Palma;47
2013;Hombres;De 55 a 64 años;Defunciones;La Gomera;12
2013;Hombres;De 55 a 64 años;Defunciones;Gran Canaria;462
2013;Hombres;De 55 a 64 años;Defunciones;Fuerteventura;46
2013;Hombres;De 55 a 64 años;Defunciones;El Hierro;5
2013;Hombres;De 55 a 64 años;Defunciones;Canarias;1055
2013;Hombres;De 45 a 54 años;Defunciones;Tenerife;222
2013;Hombres;De 45 a 54 años;Defunciones;Lanzarote;32
2013;Hombres;De 45 a 54 años;Defunciones;La Palma;33
2013;Hombres;De 45 a 54 años;Defunciones;La Gomera;11
2013;Hombres;De 45 a 54 años;Defunciones;Gran Canaria;249
2013;Hombres;De 45 a 54 años;Defunciones;Fuerteventura;23
2013;Hombres;De 45 a 54 años;Defunciones;El Hierro;2
2013;Hombres;De 45 a 54 años;Defunciones;Canarias;572
2013;Hombres;De 35 a 44 años;Defunciones;Tenerife;73
2013;Hombres;De 35 a 44 años;Defunciones;Lanzarote;11
2013;Hombres;De 35 a 44 años;Defunciones;La Palma;6
2013;Hombres;De 35 a 44 años;Defunciones;La Gomera;1
2013;Hombres;De 35 a 44 años;Defunciones;Gran Canaria;84
2013;Hombres;De 35 a 44 años;Defunciones;Fuerteventura;9
2013;Hombres;De 35 a 44 años;Defunciones;El Hierro;0
2013;Hombres;De 35 a 44 años;Defunciones;Canarias;184
2013;Hombres;De 25 a 34 años;Defunciones;Tenerife;28
2013;Hombres;De 25 a 34 años;Defunciones;Lanzarote;5
2013;Hombres;De 25 a 34 años;Defunciones;La Palma;4
2013;Hombres;De 25 a 34 años;Defunciones;La Gomera;0
2013;Hombres;De 25 a 34 años;Defunciones;Gran Canaria;34
2013;Hombres;De 25 a 34 años;Defunciones;Fuerteventura;3
2013;Hombres;De 25 a 34 años;Defunciones;El Hierro;0
2013;Hombres;De 25 a 34 años;Defunciones;Canarias;74
2013;Hombres;De 1 a 4 años;Defunciones;Tenerife;3
2013;Hombres;De 1 a 4 años;Defunciones;Lanzarote;1
2013;Hombres;De 1 a 4 años;Defunciones;La Palma;0
2013;Hombres;De 1 a 4 años;Defunciones;La Gomera;0
2013;Hombres;De 1 a 4 años;Defunciones;Gran Canaria;6
2013;Hombres;De 1 a 4 años;Defunciones;Fuerteventura;2
2013;Hombres;De 1 a 4 años;Defunciones;El Hierro;0
2013;Hombres;De 1 a 4 años;Defunciones;Canarias;12
2013;Hombres;De 15 a 24 años;Defunciones;Tenerife;12
2013;Hombres;De 15 a 24 años;Defunciones;Lanzarote;1
2013;Hombres;De 15 a 24 años;Defunciones;La Palma;1
2013;Hombres;De 15 a 24 años;Defunciones;La Gomera;0
2013;Hombres;De 15 a 24 años;Defunciones;Gran Canaria;14
2013;Hombres;De 15 a 24 años;Defunciones;Fuerteventura;2
2013;Hombres;De 15 a 24 años;Defunciones;El Hierro;0
2013;Hombres;De 15 a 24 años;Defunciones;Canarias;30
2013;Hombres;Total;Defunciones;Tenerife;3117
2013;Hombres;Total;Defunciones;Lanzarote;337
2013;Hombres;Total;Defunciones;La Palma;373
2013;Hombres;Total;Defunciones;La Gomera;85
2013;Hombres;Total;Defunciones;Gran Canaria;3139
2013;Hombres;Total;Defunciones;Fuerteventura;222
2013;Hombres;Total;Defunciones;El Hierro;50
2013;Hombres;Total;Defunciones;Canarias;7323
2013;Hombres;Menos de 7 días;Defunciones;Tenerife;4
2013;Hombres;Menos de 7 días;Defunciones;Lanzarote;0
2013;Hombres;Menos de 7 días;Defunciones;La Palma;0
2013;Hombres;Menos de 7 días;Defunciones;La Gomera;0
2013;Hombres;Menos de 7 días;Defunciones;Gran Canaria;4
2013;Hombres;Menos de 7 días;Defunciones;Fuerteventura;0
2013;Hombres;Menos de 7 días;Defunciones;El Hierro;0
2013;Hombres;Menos de 7 días;Defunciones;Canarias;8
2013;Hombres;De 7 a 27 días;Defunciones;Tenerife;4
2013;Hombres;De 7 a 27 días;Defunciones;Lanzarote;1
2013;Hombres;De 7 a 27 días;Defunciones;La Palma;0
2013;Hombres;De 7 a 27 días;Defunciones;La Gomera;0
2013;Hombres;De 7 a 27 días;Defunciones;Gran Canaria;3
2013;Hombres;De 7 a 27 días;Defunciones;Fuerteventura;0
2013;Hombres;De 7 a 27 días;Defunciones;El Hierro;0
2013;Hombres;De 7 a 27 días;Defunciones;Canarias;8
2013;Hombres;De 28 días a menos de 1 año;Defunciones;Tenerife;4
2013;Hombres;De 28 días a menos de 1 año;Defunciones;Lanzarote;1
2013;Hombres;De 28 días a menos de 1 año;Defunciones;La Palma;1
2013;Hombres;De 28 días a menos de 1 año;Defunciones;La Gomera;0
2013;Hombres;De 28 días a menos de 1 año;Defunciones;Gran Canaria;1
2013;Hombres;De 28 días a menos de 1 año;Defunciones;Fuerteventura;1
2013;Hombres;De 28 días a menos de 1 año;Defunciones;El Hierro;0
2013;Hombres;De 28 días a menos de 1 año;Defunciones;Canarias;8
2013;Mujeres;Menor de 1 año;Defunciones;Tenerife;10
2013;Mujeres;Menor de 1 año;Defunciones;Lanzarote;1
2013;Mujeres;Menor de 1 año;Defunciones;La Palma;0
2013;Mujeres;Menor de 1 año;Defunciones;La Gomera;0
2013;Mujeres;Menor de 1 año;Defunciones;Gran Canaria;4
2013;Mujeres;Menor de 1 año;Defunciones;Fuerteventura;1
2013;Mujeres;Menor de 1 año;Defunciones;El Hierro;0
2013;Mujeres;Menor de 1 año;Defunciones;Canarias;16
2013;Mujeres;95 años o más;Defunciones;Tenerife;173
2013;Mujeres;95 años o más;Defunciones;Lanzarote;18
2013;Mujeres;95 años o más;Defunciones;La Palma;33
2013;Mujeres;95 años o más;Defunciones;La Gomera;4
2013;Mujeres;95 años o más;Defunciones;Gran Canaria;171
2013;Mujeres;95 años o más;Defunciones;Fuerteventura;13
2013;Mujeres;95 años o más;Defunciones;El Hierro;7
2013;Mujeres;95 años o más;Defunciones;Canarias;419
2013;Mujeres;De 85 a 94 años;Defunciones;Tenerife;931
2013;Mujeres;De 85 a 94 años;Defunciones;Lanzarote;60
2013;Mujeres;De 85 a 94 años;Defunciones;La Palma;135
2013;Mujeres;De 85 a 94 años;Defunciones;La Gomera;22
2013;Mujeres;De 85 a 94 años;Defunciones;Gran Canaria;831
2013;Mujeres;De 85 a 94 años;Defunciones;Fuerteventura;37
2013;Mujeres;De 85 a 94 años;Defunciones;El Hierro;16
2013;Mujeres;De 85 a 94 años;Defunciones;Canarias;2032
2013;Mujeres;De 75 a 84 años;Defunciones;Tenerife;874
2013;Mujeres;De 75 a 84 años;Defunciones;Lanzarote;76
2013;Mujeres;De 75 a 84 años;Defunciones;La Palma;101
2013;Mujeres;De 75 a 84 años;Defunciones;La Gomera;20
2013;Mujeres;De 75 a 84 años;Defunciones;Gran Canaria;905
2013;Mujeres;De 75 a 84 años;Defunciones;Fuerteventura;35
2013;Mujeres;De 75 a 84 años;Defunciones;El Hierro;5
2013;Mujeres;De 75 a 84 años;Defunciones;Canarias;2016
2013;Mujeres;De 65 a 74 años;Defunciones;Tenerife;358
2013;Mujeres;De 65 a 74 años;Defunciones;Lanzarote;38
2013;Mujeres;De 65 a 74 años;Defunciones;La Palma;50
2013;Mujeres;De 65 a 74 años;Defunciones;La Gomera;9
2013;Mujeres;De 65 a 74 años;Defunciones;Gran Canaria;359
2013;Mujeres;De 65 a 74 años;Defunciones;Fuerteventura;15
2013;Mujeres;De 65 a 74 años;Defunciones;El Hierro;2
2013;Mujeres;De 65 a 74 años;Defunciones;Canarias;831
2013;Mujeres;De 5 a 14 años;Defunciones;Tenerife;3
2013;Mujeres;De 5 a 14 años;Defunciones;Lanzarote;2
2013;Mujeres;De 5 a 14 años;Defunciones;La Palma;2
2013;Mujeres;De 5 a 14 años;Defunciones;La Gomera;0
2013;Mujeres;De 5 a 14 años;Defunciones;Gran Canaria;7
2013;Mujeres;De 5 a 14 años;Defunciones;Fuerteventura;0
2013;Mujeres;De 5 a 14 años;Defunciones;El Hierro;0
2013;Mujeres;De 5 a 14 años;Defunciones;Canarias;14
2013;Mujeres;De 55 a 64 años;Defunciones;Tenerife;214
2013;Mujeres;De 55 a 64 años;Defunciones;Lanzarote;19
2013;Mujeres;De 55 a 64 años;Defunciones;La Palma;22
2013;Mujeres;De 55 a 64 años;Defunciones;La Gomera;4
2013;Mujeres;De 55 a 64 años;Defunciones;Gran Canaria;211
2013;Mujeres;De 55 a 64 años;Defunciones;Fuerteventura;11
2013;Mujeres;De 55 a 64 años;Defunciones;El Hierro;1
2013;Mujeres;De 55 a 64 años;Defunciones;Canarias;482
2013;Mujeres;De 45 a 54 años;Defunciones;Tenerife;142
2013;Mujeres;De 45 a 54 años;Defunciones;Lanzarote;14
2013;Mujeres;De 45 a 54 años;Defunciones;La Palma;10
2013;Mujeres;De 45 a 54 años;Defunciones;La Gomera;1
2013;Mujeres;De 45 a 54 años;Defunciones;Gran Canaria;127
2013;Mujeres;De 45 a 54 años;Defunciones;Fuerteventura;16
2013;Mujeres;De 45 a 54 años;Defunciones;El Hierro;0
2013;Mujeres;De 45 a 54 años;Defunciones;Canarias;310
2013;Mujeres;De 35 a 44 años;Defunciones;Tenerife;54
2013;Mujeres;De 35 a 44 años;Defunciones;Lanzarote;5
2013;Mujeres;De 35 a 44 años;Defunciones;La Palma;5
2013;Mujeres;De 35 a 44 años;Defunciones;La Gomera;1
2013;Mujeres;De 35 a 44 años;Defunciones;Gran Canaria;60
2013;Mujeres;De 35 a 44 años;Defunciones;Fuerteventura;8
2013;Mujeres;De 35 a 44 años;Defunciones;El Hierro;2
2013;Mujeres;De 35 a 44 años;Defunciones;Canarias;135
2013;Mujeres;De 25 a 34 años;Defunciones;Tenerife;10
2013;Mujeres;De 25 a 34 años;Defunciones;Lanzarote;3
2013;Mujeres;De 25 a 34 años;Defunciones;La Palma;1
2013;Mujeres;De 25 a 34 años;Defunciones;La Gomera;0
2013;Mujeres;De 25 a 34 años;Defunciones;Gran Canaria;13
2013;Mujeres;De 25 a 34 años;Defunciones;Fuerteventura;2
2013;Mujeres;De 25 a 34 años;Defunciones;El Hierro;0
2013;Mujeres;De 25 a 34 años;Defunciones;Canarias;29
2013;Mujeres;De 1 a 4 años;Defunciones;Tenerife;0
2013;Mujeres;De 1 a 4 años;Defunciones;Lanzarote;0
2013;Mujeres;De 1 a 4 años;Defunciones;La Palma;0
2013;Mujeres;De 1 a 4 años;Defunciones;La Gomera;0
2013;Mujeres;De 1 a 4 años;Defunciones;Gran Canaria;0
2013;Mujeres;De 1 a 4 años;Defunciones;Fuerteventura;0
2013;Mujeres;De 1 a 4 años;Defunciones;El Hierro;0
2013;Mujeres;De 1 a 4 años;Defunciones;Canarias;0
2013;Mujeres;De 15 a 24 años;Defunciones;Tenerife;9
2013;Mujeres;De 15 a 24 años;Defunciones;Lanzarote;0
2013;Mujeres;De 15 a 24 años;Defunciones;La Palma;0
2013;Mujeres;De 15 a 24 años;Defunciones;La Gomera;0
2013;Mujeres;De 15 a 24 años;Defunciones;Gran Canaria;5
2013;Mujeres;De 15 a 24 años;Defunciones;Fuerteventura;0
2013;Mujeres;De 15 a 24 años;Defunciones;El Hierro;0
2013;Mujeres;De 15 a 24 años;Defunciones;Canarias;14
2013;Mujeres;Total;Defunciones;Tenerife;2778
2013;Mujeres;Total;Defunciones;Lanzarote;236
2013;Mujeres;Total;Defunciones;La Palma;359
2013;Mujeres;Total;Defunciones;La Gomera;61
2013;Mujeres;Total;Defunciones;Gran Canaria;2693
2013;Mujeres;Total;Defunciones;Fuerteventura;138
2013;Mujeres;Total;Defunciones;El Hierro;33
2013;Mujeres;Total;Defunciones;Canarias;6298
2013;Mujeres;Menos de 7 días;Defunciones;Tenerife;4
2013;Mujeres;Menos de 7 días;Defunciones;Lanzarote;0
2013;Mujeres;Menos de 7 días;Defunciones;La Palma;0
2013;Mujeres;Menos de 7 días;Defunciones;La Gomera;0
2013;Mujeres;Menos de 7 días;Defunciones;Gran Canaria;3
2013;Mujeres;Menos de 7 días;Defunciones;Fuerteventura;0
2013;Mujeres;Menos de 7 días;Defunciones;El Hierro;0
2013;Mujeres;Menos de 7 días;Defunciones;Canarias;7
2013;Mujeres;De 7 a 27 días;Defunciones;Tenerife;2
2013;Mujeres;De 7 a 27 días;Defunciones;Lanzarote;0
2013;Mujeres;De 7 a 27 días;Defunciones;La Palma;0
2013;Mujeres;De 7 a 27 días;Defunciones;La Gomera;0
2013;Mujeres;De 7 a 27 días;Defunciones;Gran Canaria;0
2013;Mujeres;De 7 a 27 días;Defunciones;Fuerteventura;0
2013;Mujeres;De 7 a 27 días;Defunciones;El Hierro;0
2013;Mujeres;De 7 a 27 días;Defunciones;Canarias;2
2013;Mujeres;De 28 días a menos de 1 año;Defunciones;Tenerife;4
2013;Mujeres;De 28 días a menos de 1 año;Defunciones;Lanzarote;1
2013;Mujeres;De 28 días a menos de 1 año;Defunciones;La Palma;0
2013;Mujeres;De 28 días a menos de 1 año;Defunciones;La Gomera;0
2013;Mujeres;De 28 días a menos de 1 año;Defunciones;Gran Canaria;1
2013;Mujeres;De 28 días a menos de 1 año;Defunciones;Fuerteventura;1
2013;Mujeres;De 28 días a menos de 1 año;Defunciones;El Hierro;0
2013;Mujeres;De 28 días a menos de 1 año;Defunciones;Canarias;7
2014;Total;Menor de 1 año;Defunciones;Tenerife;28
2014;Total;Menor de 1 año;Defunciones;Lanzarote;0
2014;Total;Menor de 1 año;Defunciones;La Palma;2
2014;Total;Menor de 1 año;Defunciones;La Gomera;0
2014;Total;Menor de 1 año;Defunciones;Gran Canaria;10
2014;Total;Menor de 1 año;Defunciones;Fuerteventura;4
2014;Total;Menor de 1 año;Defunciones;El Hierro;0
2014;Total;Menor de 1 año;Defunciones;Canarias;44
2014;Total;95 años o más;Defunciones;Tenerife;259
2014;Total;95 años o más;Defunciones;Lanzarote;34
2014;Total;95 años o más;Defunciones;La Palma;48
2014;Total;95 años o más;Defunciones;La Gomera;17
2014;Total;95 años o más;Defunciones;Gran Canaria;265
2014;Total;95 años o más;Defunciones;Fuerteventura;11
2014;Total;95 años o más;Defunciones;El Hierro;15
2014;Total;95 años o más;Defunciones;Canarias;649
2014;Total;De 85 a 94 años;Defunciones;Tenerife;1696
2014;Total;De 85 a 94 años;Defunciones;Lanzarote;147
2014;Total;De 85 a 94 años;Defunciones;La Palma;226
2014;Total;De 85 a 94 años;Defunciones;La Gomera;58
2014;Total;De 85 a 94 años;Defunciones;Gran Canaria;1515
2014;Total;De 85 a 94 años;Defunciones;Fuerteventura;87
2014;Total;De 85 a 94 años;Defunciones;El Hierro;28
2014;Total;De 85 a 94 años;Defunciones;Canarias;3757
2014;Total;De 75 a 84 años;Defunciones;Tenerife;1964
2014;Total;De 75 a 84 años;Defunciones;Lanzarote;169
2014;Total;De 75 a 84 años;Defunciones;La Palma;215
2014;Total;De 75 a 84 años;Defunciones;La Gomera;51
2014;Total;De 75 a 84 años;Defunciones;Gran Canaria;1911
2014;Total;De 75 a 84 años;Defunciones;Fuerteventura;96
2014;Total;De 75 a 84 años;Defunciones;El Hierro;32
2014;Total;De 75 a 84 años;Defunciones;Canarias;4438
2014;Total;De 65 a 74 años;Defunciones;Tenerife;1097
2014;Total;De 65 a 74 años;Defunciones;Lanzarote;123
2014;Total;De 65 a 74 años;Defunciones;La Palma;126
2014;Total;De 65 a 74 años;Defunciones;La Gomera;19
2014;Total;De 65 a 74 años;Defunciones;Gran Canaria;1056
2014;Total;De 65 a 74 años;Defunciones;Fuerteventura;56
2014;Total;De 65 a 74 años;Defunciones;El Hierro;14
2014;Total;De 65 a 74 años;Defunciones;Canarias;2491
2014;Total;De 5 a 14 años;Defunciones;Tenerife;13
2014;Total;De 5 a 14 años;Defunciones;Lanzarote;0
2014;Total;De 5 a 14 años;Defunciones;La Palma;1
2014;Total;De 5 a 14 años;Defunciones;La Gomera;0
2014;Total;De 5 a 14 años;Defunciones;Gran Canaria;9
2014;Total;De 5 a 14 años;Defunciones;Fuerteventura;0
2014;Total;De 5 a 14 años;Defunciones;El Hierro;0
2014;Total;De 5 a 14 años;Defunciones;Canarias;23
2014;Total;De 55 a 64 años;Defunciones;Tenerife;639
2014;Total;De 55 a 64 años;Defunciones;Lanzarote;76
2014;Total;De 55 a 64 años;Defunciones;La Palma;64
2014;Total;De 55 a 64 años;Defunciones;La Gomera;16
2014;Total;De 55 a 64 años;Defunciones;Gran Canaria;663
2014;Total;De 55 a 64 años;Defunciones;Fuerteventura;63
2014;Total;De 55 a 64 años;Defunciones;El Hierro;9
2014;Total;De 55 a 64 años;Defunciones;Canarias;1530
2014;Total;De 45 a 54 años;Defunciones;Tenerife;364
2014;Total;De 45 a 54 años;Defunciones;Lanzarote;57
2014;Total;De 45 a 54 años;Defunciones;La Palma;27
2014;Total;De 45 a 54 años;Defunciones;La Gomera;8
2014;Total;De 45 a 54 años;Defunciones;Gran Canaria;424
2014;Total;De 45 a 54 años;Defunciones;Fuerteventura;36
2014;Total;De 45 a 54 años;Defunciones;El Hierro;10
2014;Total;De 45 a 54 años;Defunciones;Canarias;926
2014;Total;De 35 a 44 años;Defunciones;Tenerife;130
2014;Total;De 35 a 44 años;Defunciones;Lanzarote;21
2014;Total;De 35 a 44 años;Defunciones;La Palma;12
2014;Total;De 35 a 44 años;Defunciones;La Gomera;1
2014;Total;De 35 a 44 años;Defunciones;Gran Canaria;126
2014;Total;De 35 a 44 años;Defunciones;Fuerteventura;14
2014;Total;De 35 a 44 años;Defunciones;El Hierro;0
2014;Total;De 35 a 44 años;Defunciones;Canarias;304
2014;Total;De 25 a 34 años;Defunciones;Tenerife;52
2014;Total;De 25 a 34 años;Defunciones;Lanzarote;5
2014;Total;De 25 a 34 años;Defunciones;La Palma;6
2014;Total;De 25 a 34 años;Defunciones;La Gomera;2
2014;Total;De 25 a 34 años;Defunciones;Gran Canaria;43
2014;Total;De 25 a 34 años;Defunciones;Fuerteventura;6
2014;Total;De 25 a 34 años;Defunciones;El Hierro;1
2014;Total;De 25 a 34 años;Defunciones;Canarias;115
2014;Total;De 1 a 4 años;Defunciones;Tenerife;4
2014;Total;De 1 a 4 años;Defunciones;Lanzarote;3
2014;Total;De 1 a 4 años;Defunciones;La Palma;2
2014;Total;De 1 a 4 años;Defunciones;La Gomera;0
2014;Total;De 1 a 4 años;Defunciones;Gran Canaria;3
2014;Total;De 1 a 4 años;Defunciones;Fuerteventura;1
2014;Total;De 1 a 4 años;Defunciones;El Hierro;0
2014;Total;De 1 a 4 años;Defunciones;Canarias;13
2014;Total;De 15 a 24 años;Defunciones;Tenerife;18
2014;Total;De 15 a 24 años;Defunciones;Lanzarote;3
2014;Total;De 15 a 24 años;Defunciones;La Palma;2
2014;Total;De 15 a 24 años;Defunciones;La Gomera;2
2014;Total;De 15 a 24 años;Defunciones;Gran Canaria;15
2014;Total;De 15 a 24 años;Defunciones;Fuerteventura;0
2014;Total;De 15 a 24 años;Defunciones;El Hierro;1
2014;Total;De 15 a 24 años;Defunciones;Canarias;41
2014;Total;Total;Defunciones;Tenerife;6264
2014;Total;Total;Defunciones;Lanzarote;638
2014;Total;Total;Defunciones;La Palma;731
2014;Total;Total;Defunciones;La Gomera;174
2014;Total;Total;Defunciones;Gran Canaria;6040
2014;Total;Total;Defunciones;Fuerteventura;374
2014;Total;Total;Defunciones;El Hierro;110
2014;Total;Total;Defunciones;Canarias;14331
2014;Total;Menos de 7 días;Defunciones;Tenerife;15
2014;Total;Menos de 7 días;Defunciones;Lanzarote;0
2014;Total;Menos de 7 días;Defunciones;La Palma;1
2014;Total;Menos de 7 días;Defunciones;La Gomera;0
2014;Total;Menos de 7 días;Defunciones;Gran Canaria;3
2014;Total;Menos de 7 días;Defunciones;Fuerteventura;2
2014;Total;Menos de 7 días;Defunciones;El Hierro;0
2014;Total;Menos de 7 días;Defunciones;Canarias;21
2014;Total;De 7 a 27 días;Defunciones;Tenerife;8
2014;Total;De 7 a 27 días;Defunciones;Lanzarote;0
2014;Total;De 7 a 27 días;Defunciones;La Palma;0
2014;Total;De 7 a 27 días;Defunciones;La Gomera;0
2014;Total;De 7 a 27 días;Defunciones;Gran Canaria;2
2014;Total;De 7 a 27 días;Defunciones;Fuerteventura;0
2014;Total;De 7 a 27 días;Defunciones;El Hierro;0
2014;Total;De 7 a 27 días;Defunciones;Canarias;10
2014;Total;De 28 días a menos de 1 año;Defunciones;Tenerife;5
2014;Total;De 28 días a menos de 1 año;Defunciones;Lanzarote;0
2014;Total;De 28 días a menos de 1 año;Defunciones;La Palma;1
2014;Total;De 28 días a menos de 1 año;Defunciones;La Gomera;0
2014;Total;De 28 días a menos de 1 año;Defunciones;Gran Canaria;5
2014;Total;De 28 días a menos de 1 año;Defunciones;Fuerteventura;2
2014;Total;De 28 días a menos de 1 año;Defunciones;El Hierro;0
2014;Total;De 28 días a menos de 1 año;Defunciones;Canarias;13
2014;Hombres;Menor de 1 año;Defunciones;Tenerife;14
2014;Hombres;Menor de 1 año;Defunciones;Lanzarote;0
2014;Hombres;Menor de 1 año;Defunciones;La Palma;1
2014;Hombres;Menor de 1 año;Defunciones;La Gomera;0
2014;Hombres;Menor de 1 año;Defunciones;Gran Canaria;5
2014;Hombres;Menor de 1 año;Defunciones;Fuerteventura;2
2014;Hombres;Menor de 1 año;Defunciones;El Hierro;0
2014;Hombres;Menor de 1 año;Defunciones;Canarias;22
2014;Hombres;95 años o más;Defunciones;Tenerife;66
2014;Hombres;95 años o más;Defunciones;Lanzarote;7
2014;Hombres;95 años o más;Defunciones;La Palma;19
2014;Hombres;95 años o más;Defunciones;La Gomera;4
2014;Hombres;95 años o más;Defunciones;Gran Canaria;74
2014;Hombres;95 años o más;Defunciones;Fuerteventura;4
2014;Hombres;95 años o más;Defunciones;El Hierro;7
2014;Hombres;95 años o más;Defunciones;Canarias;181
2014;Hombres;De 85 a 94 años;Defunciones;Tenerife;720
2014;Hombres;De 85 a 94 años;Defunciones;Lanzarote;63
2014;Hombres;De 85 a 94 años;Defunciones;La Palma;89
2014;Hombres;De 85 a 94 años;Defunciones;La Gomera;30
2014;Hombres;De 85 a 94 años;Defunciones;Gran Canaria;563
2014;Hombres;De 85 a 94 años;Defunciones;Fuerteventura;28
2014;Hombres;De 85 a 94 años;Defunciones;El Hierro;15
2014;Hombres;De 85 a 94 años;Defunciones;Canarias;1508
2014;Hombres;De 75 a 84 años;Defunciones;Tenerife;1056
2014;Hombres;De 75 a 84 años;Defunciones;Lanzarote;94
2014;Hombres;De 75 a 84 años;Defunciones;La Palma;123
2014;Hombres;De 75 a 84 años;Defunciones;La Gomera;28
2014;Hombres;De 75 a 84 años;Defunciones;Gran Canaria;1006
2014;Hombres;De 75 a 84 años;Defunciones;Fuerteventura;54
2014;Hombres;De 75 a 84 años;Defunciones;El Hierro;17
2014;Hombres;De 75 a 84 años;Defunciones;Canarias;2378
2014;Hombres;De 65 a 74 años;Defunciones;Tenerife;712
2014;Hombres;De 65 a 74 años;Defunciones;Lanzarote;92
2014;Hombres;De 65 a 74 años;Defunciones;La Palma;87
2014;Hombres;De 65 a 74 años;Defunciones;La Gomera;15
2014;Hombres;De 65 a 74 años;Defunciones;Gran Canaria;681
2014;Hombres;De 65 a 74 años;Defunciones;Fuerteventura;44
2014;Hombres;De 65 a 74 años;Defunciones;El Hierro;10
2014;Hombres;De 65 a 74 años;Defunciones;Canarias;1641
2014;Hombres;De 5 a 14 años;Defunciones;Tenerife;8
2014;Hombres;De 5 a 14 años;Defunciones;Lanzarote;0
2014;Hombres;De 5 a 14 años;Defunciones;La Palma;1
2014;Hombres;De 5 a 14 años;Defunciones;La Gomera;0
2014;Hombres;De 5 a 14 años;Defunciones;Gran Canaria;3
2014;Hombres;De 5 a 14 años;Defunciones;Fuerteventura;0
2014;Hombres;De 5 a 14 años;Defunciones;El Hierro;0
2014;Hombres;De 5 a 14 años;Defunciones;Canarias;12
2014;Hombres;De 55 a 64 años;Defunciones;Tenerife;421
2014;Hombres;De 55 a 64 años;Defunciones;Lanzarote;58
2014;Hombres;De 55 a 64 años;Defunciones;La Palma;48
2014;Hombres;De 55 a 64 años;Defunciones;La Gomera;13
2014;Hombres;De 55 a 64 años;Defunciones;Gran Canaria;450
2014;Hombres;De 55 a 64 años;Defunciones;Fuerteventura;44
2014;Hombres;De 55 a 64 años;Defunciones;El Hierro;4
2014;Hombres;De 55 a 64 años;Defunciones;Canarias;1038
2014;Hombres;De 45 a 54 años;Defunciones;Tenerife;242
2014;Hombres;De 45 a 54 años;Defunciones;Lanzarote;41
2014;Hombres;De 45 a 54 años;Defunciones;La Palma;22
2014;Hombres;De 45 a 54 años;Defunciones;La Gomera;8
2014;Hombres;De 45 a 54 años;Defunciones;Gran Canaria;282
2014;Hombres;De 45 a 54 años;Defunciones;Fuerteventura;22
2014;Hombres;De 45 a 54 años;Defunciones;El Hierro;3
2014;Hombres;De 45 a 54 años;Defunciones;Canarias;620
2014;Hombres;De 35 a 44 años;Defunciones;Tenerife;90
2014;Hombres;De 35 a 44 años;Defunciones;Lanzarote;12
2014;Hombres;De 35 a 44 años;Defunciones;La Palma;9
2014;Hombres;De 35 a 44 años;Defunciones;La Gomera;1
2014;Hombres;De 35 a 44 años;Defunciones;Gran Canaria;80
2014;Hombres;De 35 a 44 años;Defunciones;Fuerteventura;10
2014;Hombres;De 35 a 44 años;Defunciones;El Hierro;0
2014;Hombres;De 35 a 44 años;Defunciones;Canarias;202
2014;Hombres;De 25 a 34 años;Defunciones;Tenerife;36
2014;Hombres;De 25 a 34 años;Defunciones;Lanzarote;4
2014;Hombres;De 25 a 34 años;Defunciones;La Palma;5
2014;Hombres;De 25 a 34 años;Defunciones;La Gomera;2
2014;Hombres;De 25 a 34 años;Defunciones;Gran Canaria;33
2014;Hombres;De 25 a 34 años;Defunciones;Fuerteventura;6
2014;Hombres;De 25 a 34 años;Defunciones;El Hierro;0
2014;Hombres;De 25 a 34 años;Defunciones;Canarias;86
2014;Hombres;De 1 a 4 años;Defunciones;Tenerife;1
2014;Hombres;De 1 a 4 años;Defunciones;Lanzarote;2
2014;Hombres;De 1 a 4 años;Defunciones;La Palma;2
2014;Hombres;De 1 a 4 años;Defunciones;La Gomera;0
2014;Hombres;De 1 a 4 años;Defunciones;Gran Canaria;1
2014;Hombres;De 1 a 4 años;Defunciones;Fuerteventura;0
2014;Hombres;De 1 a 4 años;Defunciones;El Hierro;0
2014;Hombres;De 1 a 4 años;Defunciones;Canarias;6
2014;Hombres;De 15 a 24 años;Defunciones;Tenerife;13
2014;Hombres;De 15 a 24 años;Defunciones;Lanzarote;1
2014;Hombres;De 15 a 24 años;Defunciones;La Palma;1
2014;Hombres;De 15 a 24 años;Defunciones;La Gomera;2
2014;Hombres;De 15 a 24 años;Defunciones;Gran Canaria;12
2014;Hombres;De 15 a 24 años;Defunciones;Fuerteventura;0
2014;Hombres;De 15 a 24 años;Defunciones;El Hierro;1
2014;Hombres;De 15 a 24 años;Defunciones;Canarias;30
2014;Hombres;Total;Defunciones;Tenerife;3379
2014;Hombres;Total;Defunciones;Lanzarote;374
2014;Hombres;Total;Defunciones;La Palma;407
2014;Hombres;Total;Defunciones;La Gomera;103
2014;Hombres;Total;Defunciones;Gran Canaria;3190
2014;Hombres;Total;Defunciones;Fuerteventura;214
2014;Hombres;Total;Defunciones;El Hierro;57
2014;Hombres;Total;Defunciones;Canarias;7724
2014;Hombres;Menos de 7 días;Defunciones;Tenerife;7
2014;Hombres;Menos de 7 días;Defunciones;Lanzarote;0
2014;Hombres;Menos de 7 días;Defunciones;La Palma;0
2014;Hombres;Menos de 7 días;Defunciones;La Gomera;0
2014;Hombres;Menos de 7 días;Defunciones;Gran Canaria;2
2014;Hombres;Menos de 7 días;Defunciones;Fuerteventura;2
2014;Hombres;Menos de 7 días;Defunciones;El Hierro;0
2014;Hombres;Menos de 7 días;Defunciones;Canarias;11
2014;Hombres;De 7 a 27 días;Defunciones;Tenerife;4
2014;Hombres;De 7 a 27 días;Defunciones;Lanzarote;0
2014;Hombres;De 7 a 27 días;Defunciones;La Palma;0
2014;Hombres;De 7 a 27 días;Defunciones;La Gomera;0
2014;Hombres;De 7 a 27 días;Defunciones;Gran Canaria;1
2014;Hombres;De 7 a 27 días;Defunciones;Fuerteventura;0
2014;Hombres;De 7 a 27 días;Defunciones;El Hierro;0
2014;Hombres;De 7 a 27 días;Defunciones;Canarias;5
2014;Hombres;De 28 días a menos de 1 año;Defunciones;Tenerife;3
2014;Hombres;De 28 días a menos de 1 año;Defunciones;Lanzarote;0
2014;Hombres;De 28 días a menos de 1 año;Defunciones;La Palma;1
2014;Hombres;De 28 días a menos de 1 año;Defunciones;La Gomera;0
2014;Hombres;De 28 días a menos de 1 año;Defunciones;Gran Canaria;2
2014;Hombres;De 28 días a menos de 1 año;Defunciones;Fuerteventura;0
2014;Hombres;De 28 días a menos de 1 año;Defunciones;El Hierro;0
2014;Hombres;De 28 días a menos de 1 año;Defunciones;Canarias;6
2014;Mujeres;Menor de 1 año;Defunciones;Tenerife;14
2014;Mujeres;Menor de 1 año;Defunciones;Lanzarote;0
2014;Mujeres;Menor de 1 año;Defunciones;La Palma;1
2014;Mujeres;Menor de 1 año;Defunciones;La Gomera;0
2014;Mujeres;Menor de 1 año;Defunciones;Gran Canaria;5
2014;Mujeres;Menor de 1 año;Defunciones;Fuerteventura;2
2014;Mujeres;Menor de 1 año;Defunciones;El Hierro;0
2014;Mujeres;Menor de 1 año;Defunciones;Canarias;22
2014;Mujeres;95 años o más;Defunciones;Tenerife;193
2014;Mujeres;95 años o más;Defunciones;Lanzarote;27
2014;Mujeres;95 años o más;Defunciones;La Palma;29
2014;Mujeres;95 años o más;Defunciones;La Gomera;13
2014;Mujeres;95 años o más;Defunciones;Gran Canaria;191
2014;Mujeres;95 años o más;Defunciones;Fuerteventura;7
2014;Mujeres;95 años o más;Defunciones;El Hierro;8
2014;Mujeres;95 años o más;Defunciones;Canarias;468
2014;Mujeres;De 85 a 94 años;Defunciones;Tenerife;976
2014;Mujeres;De 85 a 94 años;Defunciones;Lanzarote;84
2014;Mujeres;De 85 a 94 años;Defunciones;La Palma;137
2014;Mujeres;De 85 a 94 años;Defunciones;La Gomera;28
2014;Mujeres;De 85 a 94 años;Defunciones;Gran Canaria;952
2014;Mujeres;De 85 a 94 años;Defunciones;Fuerteventura;59
2014;Mujeres;De 85 a 94 años;Defunciones;El Hierro;13
2014;Mujeres;De 85 a 94 años;Defunciones;Canarias;2249
2014;Mujeres;De 75 a 84 años;Defunciones;Tenerife;908
2014;Mujeres;De 75 a 84 años;Defunciones;Lanzarote;75
2014;Mujeres;De 75 a 84 años;Defunciones;La Palma;92
2014;Mujeres;De 75 a 84 años;Defunciones;La Gomera;23
2014;Mujeres;De 75 a 84 años;Defunciones;Gran Canaria;905
2014;Mujeres;De 75 a 84 años;Defunciones;Fuerteventura;42
2014;Mujeres;De 75 a 84 años;Defunciones;El Hierro;15
2014;Mujeres;De 75 a 84 años;Defunciones;Canarias;2060
2014;Mujeres;De 65 a 74 años;Defunciones;Tenerife;385
2014;Mujeres;De 65 a 74 años;Defunciones;Lanzarote;31
2014;Mujeres;De 65 a 74 años;Defunciones;La Palma;39
2014;Mujeres;De 65 a 74 años;Defunciones;La Gomera;4
2014;Mujeres;De 65 a 74 años;Defunciones;Gran Canaria;375
2014;Mujeres;De 65 a 74 años;Defunciones;Fuerteventura;12
2014;Mujeres;De 65 a 74 años;Defunciones;El Hierro;4
2014;Mujeres;De 65 a 74 años;Defunciones;Canarias;850
2014;Mujeres;De 5 a 14 años;Defunciones;Tenerife;5
2014;Mujeres;De 5 a 14 años;Defunciones;Lanzarote;0
2014;Mujeres;De 5 a 14 años;Defunciones;La Palma;0
2014;Mujeres;De 5 a 14 años;Defunciones;La Gomera;0
2014;Mujeres;De 5 a 14 años;Defunciones;Gran Canaria;6
2014;Mujeres;De 5 a 14 años;Defunciones;Fuerteventura;0
2014;Mujeres;De 5 a 14 años;Defunciones;El Hierro;0
2014;Mujeres;De 5 a 14 años;Defunciones;Canarias;11
2014;Mujeres;De 55 a 64 años;Defunciones;Tenerife;218
2014;Mujeres;De 55 a 64 años;Defunciones;Lanzarote;18
2014;Mujeres;De 55 a 64 años;Defunciones;La Palma;16
2014;Mujeres;De 55 a 64 años;Defunciones;La Gomera;3
2014;Mujeres;De 55 a 64 años;Defunciones;Gran Canaria;213
2014;Mujeres;De 55 a 64 años;Defunciones;Fuerteventura;19
2014;Mujeres;De 55 a 64 años;Defunciones;El Hierro;5
2014;Mujeres;De 55 a 64 años;Defunciones;Canarias;492
2014;Mujeres;De 45 a 54 años;Defunciones;Tenerife;122
2014;Mujeres;De 45 a 54 años;Defunciones;Lanzarote;16
2014;Mujeres;De 45 a 54 años;Defunciones;La Palma;5
2014;Mujeres;De 45 a 54 años;Defunciones;La Gomera;0
2014;Mujeres;De 45 a 54 años;Defunciones;Gran Canaria;142
2014;Mujeres;De 45 a 54 años;Defunciones;Fuerteventura;14
2014;Mujeres;De 45 a 54 años;Defunciones;El Hierro;7
2014;Mujeres;De 45 a 54 años;Defunciones;Canarias;306
2014;Mujeres;De 35 a 44 años;Defunciones;Tenerife;40
2014;Mujeres;De 35 a 44 años;Defunciones;Lanzarote;9
2014;Mujeres;De 35 a 44 años;Defunciones;La Palma;3
2014;Mujeres;De 35 a 44 años;Defunciones;La Gomera;0
2014;Mujeres;De 35 a 44 años;Defunciones;Gran Canaria;46
2014;Mujeres;De 35 a 44 años;Defunciones;Fuerteventura;4
2014;Mujeres;De 35 a 44 años;Defunciones;El Hierro;0
2014;Mujeres;De 35 a 44 años;Defunciones;Canarias;102
2014;Mujeres;De 25 a 34 años;Defunciones;Tenerife;16
2014;Mujeres;De 25 a 34 años;Defunciones;Lanzarote;1
2014;Mujeres;De 25 a 34 años;Defunciones;La Palma;1
2014;Mujeres;De 25 a 34 años;Defunciones;La Gomera;0
2014;Mujeres;De 25 a 34 años;Defunciones;Gran Canaria;10
2014;Mujeres;De 25 a 34 años;Defunciones;Fuerteventura;0
2014;Mujeres;De 25 a 34 años;Defunciones;El Hierro;1
2014;Mujeres;De 25 a 34 años;Defunciones;Canarias;29
2014;Mujeres;De 1 a 4 años;Defunciones;Tenerife;3
2014;Mujeres;De 1 a 4 años;Defunciones;Lanzarote;1
2014;Mujeres;De 1 a 4 años;Defunciones;La Palma;0
2014;Mujeres;De 1 a 4 años;Defunciones;La Gomera;0
2014;Mujeres;De 1 a 4 años;Defunciones;Gran Canaria;2
2014;Mujeres;De 1 a 4 años;Defunciones;Fuerteventura;1
2014;Mujeres;De 1 a 4 años;Defunciones;El Hierro;0
2014;Mujeres;De 1 a 4 años;Defunciones;Canarias;7
2014;Mujeres;De 15 a 24 años;Defunciones;Tenerife;5
2014;Mujeres;De 15 a 24 años;Defunciones;Lanzarote;2
2014;Mujeres;De 15 a 24 años;Defunciones;La Palma;1
2014;Mujeres;De 15 a 24 años;Defunciones;La Gomera;0
2014;Mujeres;De 15 a 24 años;Defunciones;Gran Canaria;3
2014;Mujeres;De 15 a 24 años;Defunciones;Fuerteventura;0
2014;Mujeres;De 15 a 24 años;Defunciones;El Hierro;0
2014;Mujeres;De 15 a 24 años;Defunciones;Canarias;11
2014;Mujeres;Total;Defunciones;Tenerife;2885
2014;Mujeres;Total;Defunciones;Lanzarote;264
2014;Mujeres;Total;Defunciones;La Palma;324
2014;Mujeres;Total;Defunciones;La Gomera;71
2014;Mujeres;Total;Defunciones;Gran Canaria;2850
2014;Mujeres;Total;Defunciones;Fuerteventura;160
2014;Mujeres;Total;Defunciones;El Hierro;53
2014;Mujeres;Total;Defunciones;Canarias;6607
2014;Mujeres;Menos de 7 días;Defunciones;Tenerife;8
2014;Mujeres;Menos de 7 días;Defunciones;Lanzarote;0
2014;Mujeres;Menos de 7 días;Defunciones;La Palma;1
2014;Mujeres;Menos de 7 días;Defunciones;La Gomera;0
2014;Mujeres;Menos de 7 días;Defunciones;Gran Canaria;1
2014;Mujeres;Menos de 7 días;Defunciones;Fuerteventura;0
2014;Mujeres;Menos de 7 días;Defunciones;El Hierro;0
2014;Mujeres;Menos de 7 días;Defunciones;Canarias;10
2014;Mujeres;De 7 a 27 días;Defunciones;Tenerife;4
2014;Mujeres;De 7 a 27 días;Defunciones;Lanzarote;0
2014;Mujeres;De 7 a 27 días;Defunciones;La Palma;0
2014;Mujeres;De 7 a 27 días;Defunciones;La Gomera;0
2014;Mujeres;De 7 a 27 días;Defunciones;Gran Canaria;1
2014;Mujeres;De 7 a 27 días;Defunciones;Fuerteventura;0
2014;Mujeres;De 7 a 27 días;Defunciones;El Hierro;0
2014;Mujeres;De 7 a 27 días;Defunciones;Canarias;5
2014;Mujeres;De 28 días a menos de 1 año;Defunciones;Tenerife;2
2014;Mujeres;De 28 días a menos de 1 año;Defunciones;Lanzarote;0
2014;Mujeres;De 28 días a menos de 1 año;Defunciones;La Palma;0
2014;Mujeres;De 28 días a menos de 1 año;Defunciones;La Gomera;0
2014;Mujeres;De 28 días a menos de 1 año;Defunciones;Gran Canaria;3
2014;Mujeres;De 28 días a menos de 1 año;Defunciones;Fuerteventura;2
2014;Mujeres;De 28 días a menos de 1 año;Defunciones;El Hierro;0
2014;Mujeres;De 28 días a menos de 1 año;Defunciones;Canarias;7
2015;Total;Menor de 1 año;Defunciones;Tenerife;22
2015;Total;Menor de 1 año;Defunciones;Lanzarote;2
2015;Total;Menor de 1 año;Defunciones;La Palma;0
2015;Total;Menor de 1 año;Defunciones;La Gomera;0
2015;Total;Menor de 1 año;Defunciones;Gran Canaria;14
2015;Total;Menor de 1 año;Defunciones;Fuerteventura;6
2015;Total;Menor de 1 año;Defunciones;El Hierro;0
2015;Total;Menor de 1 año;Defunciones;Canarias;44
2015;Total;95 años o más;Defunciones;Tenerife;297
2015;Total;95 años o más;Defunciones;Lanzarote;31
2015;Total;95 años o más;Defunciones;La Palma;52
2015;Total;95 años o más;Defunciones;La Gomera;18
2015;Total;95 años o más;Defunciones;Gran Canaria;273
2015;Total;95 años o más;Defunciones;Fuerteventura;18
2015;Total;95 años o más;Defunciones;El Hierro;6
2015;Total;95 años o más;Defunciones;Canarias;695
2015;Total;De 85 a 94 años;Defunciones;Tenerife;1866
2015;Total;De 85 a 94 años;Defunciones;Lanzarote;141
2015;Total;De 85 a 94 años;Defunciones;La Palma;243
2015;Total;De 85 a 94 años;Defunciones;La Gomera;57
2015;Total;De 85 a 94 años;Defunciones;Gran Canaria;1662
2015;Total;De 85 a 94 años;Defunciones;Fuerteventura;86
2015;Total;De 85 a 94 años;Defunciones;El Hierro;42
2015;Total;De 85 a 94 años;Defunciones;Canarias;4097
2015;Total;De 75 a 84 años;Defunciones;Tenerife;2161
2015;Total;De 75 a 84 años;Defunciones;Lanzarote;180
2015;Total;De 75 a 84 años;Defunciones;La Palma;222
2015;Total;De 75 a 84 años;Defunciones;La Gomera;55
2015;Total;De 75 a 84 años;Defunciones;Gran Canaria;2016
2015;Total;De 75 a 84 años;Defunciones;Fuerteventura;91
2015;Total;De 75 a 84 años;Defunciones;El Hierro;27
2015;Total;De 75 a 84 años;Defunciones;Canarias;4752
2015;Total;De 65 a 74 años;Defunciones;Tenerife;1127
2015;Total;De 65 a 74 años;Defunciones;Lanzarote;117
2015;Total;De 65 a 74 años;Defunciones;La Palma;107
2015;Total;De 65 a 74 años;Defunciones;La Gomera;36
2015;Total;De 65 a 74 años;Defunciones;Gran Canaria;1017
2015;Total;De 65 a 74 años;Defunciones;Fuerteventura;89
2015;Total;De 65 a 74 años;Defunciones;El Hierro;10
2015;Total;De 65 a 74 años;Defunciones;Canarias;2503
2015;Total;De 5 a 14 años;Defunciones;Tenerife;8
2015;Total;De 5 a 14 años;Defunciones;Lanzarote;1
2015;Total;De 5 a 14 años;Defunciones;La Palma;1
2015;Total;De 5 a 14 años;Defunciones;La Gomera;1
2015;Total;De 5 a 14 años;Defunciones;Gran Canaria;11
2015;Total;De 5 a 14 años;Defunciones;Fuerteventura;2
2015;Total;De 5 a 14 años;Defunciones;El Hierro;0
2015;Total;De 5 a 14 años;Defunciones;Canarias;24
2015;Total;De 55 a 64 años;Defunciones;Tenerife;687
2015;Total;De 55 a 64 años;Defunciones;Lanzarote;92
2015;Total;De 55 a 64 años;Defunciones;La Palma;62
2015;Total;De 55 a 64 años;Defunciones;La Gomera;11
2015;Total;De 55 a 64 años;Defunciones;Gran Canaria;697
2015;Total;De 55 a 64 años;Defunciones;Fuerteventura;65
2015;Total;De 55 a 64 años;Defunciones;El Hierro;8
2015;Total;De 55 a 64 años;Defunciones;Canarias;1622
2015;Total;De 45 a 54 años;Defunciones;Tenerife;358
2015;Total;De 45 a 54 años;Defunciones;Lanzarote;66
2015;Total;De 45 a 54 años;Defunciones;La Palma;32
2015;Total;De 45 a 54 años;Defunciones;La Gomera;12
2015;Total;De 45 a 54 años;Defunciones;Gran Canaria;368
2015;Total;De 45 a 54 años;Defunciones;Fuerteventura;32
2015;Total;De 45 a 54 años;Defunciones;El Hierro;6
2015;Total;De 45 a 54 años;Defunciones;Canarias;874
2015;Total;De 35 a 44 años;Defunciones;Tenerife;131
2015;Total;De 35 a 44 años;Defunciones;Lanzarote;23
2015;Total;De 35 a 44 años;Defunciones;La Palma;13
2015;Total;De 35 a 44 años;Defunciones;La Gomera;5
2015;Total;De 35 a 44 años;Defunciones;Gran Canaria;128
2015;Total;De 35 a 44 años;Defunciones;Fuerteventura;24
2015;Total;De 35 a 44 años;Defunciones;El Hierro;0
2015;Total;De 35 a 44 años;Defunciones;Canarias;324
2015;Total;De 25 a 34 años;Defunciones;Tenerife;51
2015;Total;De 25 a 34 años;Defunciones;Lanzarote;4
2015;Total;De 25 a 34 años;Defunciones;La Palma;5
2015;Total;De 25 a 34 años;Defunciones;La Gomera;1
2015;Total;De 25 a 34 años;Defunciones;Gran Canaria;41
2015;Total;De 25 a 34 años;Defunciones;Fuerteventura;11
2015;Total;De 25 a 34 años;Defunciones;El Hierro;0
2015;Total;De 25 a 34 años;Defunciones;Canarias;113
2015;Total;De 1 a 4 años;Defunciones;Tenerife;3
2015;Total;De 1 a 4 años;Defunciones;Lanzarote;0
2015;Total;De 1 a 4 años;Defunciones;La Palma;0
2015;Total;De 1 a 4 años;Defunciones;La Gomera;0
2015;Total;De 1 a 4 años;Defunciones;Gran Canaria;4
2015;Total;De 1 a 4 años;Defunciones;Fuerteventura;0
2015;Total;De 1 a 4 años;Defunciones;El Hierro;0
2015;Total;De 1 a 4 años;Defunciones;Canarias;7
2015;Total;De 15 a 24 años;Defunciones;Tenerife;23
2015;Total;De 15 a 24 años;Defunciones;Lanzarote;2
2015;Total;De 15 a 24 años;Defunciones;La Palma;3
2015;Total;De 15 a 24 años;Defunciones;La Gomera;1
2015;Total;De 15 a 24 años;Defunciones;Gran Canaria;22
2015;Total;De 15 a 24 años;Defunciones;Fuerteventura;4
2015;Total;De 15 a 24 años;Defunciones;El Hierro;0
2015;Total;De 15 a 24 años;Defunciones;Canarias;55
2015;Total;Total;Defunciones;Tenerife;6734
2015;Total;Total;Defunciones;Lanzarote;659
2015;Total;Total;Defunciones;La Palma;740
2015;Total;Total;Defunciones;La Gomera;197
2015;Total;Total;Defunciones;Gran Canaria;6253
2015;Total;Total;Defunciones;Fuerteventura;428
2015;Total;Total;Defunciones;El Hierro;99
2015;Total;Total;Defunciones;Canarias;15110
2015;Total;Menos de 7 días;Defunciones;Tenerife;9
2015;Total;Menos de 7 días;Defunciones;Lanzarote;2
2015;Total;Menos de 7 días;Defunciones;La Palma;0
2015;Total;Menos de 7 días;Defunciones;La Gomera;0
2015;Total;Menos de 7 días;Defunciones;Gran Canaria;6
2015;Total;Menos de 7 días;Defunciones;Fuerteventura;1
2015;Total;Menos de 7 días;Defunciones;El Hierro;0
2015;Total;Menos de 7 días;Defunciones;Canarias;18
2015;Total;De 7 a 27 días;Defunciones;Tenerife;3
2015;Total;De 7 a 27 días;Defunciones;Lanzarote;0
2015;Total;De 7 a 27 días;Defunciones;La Palma;0
2015;Total;De 7 a 27 días;Defunciones;La Gomera;0
2015;Total;De 7 a 27 días;Defunciones;Gran Canaria;1
2015;Total;De 7 a 27 días;Defunciones;Fuerteventura;2
2015;Total;De 7 a 27 días;Defunciones;El Hierro;0
2015;Total;De 7 a 27 días;Defunciones;Canarias;6
2015;Total;De 28 días a menos de 1 año;Defunciones;Tenerife;10
2015;Total;De 28 días a menos de 1 año;Defunciones;Lanzarote;0
2015;Total;De 28 días a menos de 1 año;Defunciones;La Palma;0
2015;Total;De 28 días a menos de 1 año;Defunciones;La Gomera;0
2015;Total;De 28 días a menos de 1 año;Defunciones;Gran Canaria;7
2015;Total;De 28 días a menos de 1 año;Defunciones;Fuerteventura;3
2015;Total;De 28 días a menos de 1 año;Defunciones;El Hierro;0
2015;Total;De 28 días a menos de 1 año;Defunciones;Canarias;20
2015;Hombres;Menor de 1 año;Defunciones;Tenerife;13
2015;Hombres;Menor de 1 año;Defunciones;Lanzarote;0
2015;Hombres;Menor de 1 año;Defunciones;La Palma;0
2015;Hombres;Menor de 1 año;Defunciones;La Gomera;0
2015;Hombres;Menor de 1 año;Defunciones;Gran Canaria;5
2015;Hombres;Menor de 1 año;Defunciones;Fuerteventura;5
2015;Hombres;Menor de 1 año;Defunciones;El Hierro;0
2015;Hombres;Menor de 1 año;Defunciones;Canarias;23
2015;Hombres;95 años o más;Defunciones;Tenerife;59
2015;Hombres;95 años o más;Defunciones;Lanzarote;6
2015;Hombres;95 años o más;Defunciones;La Palma;13
2015;Hombres;95 años o más;Defunciones;La Gomera;4
2015;Hombres;95 años o más;Defunciones;Gran Canaria;72
2015;Hombres;95 años o más;Defunciones;Fuerteventura;3
2015;Hombres;95 años o más;Defunciones;El Hierro;2
2015;Hombres;95 años o más;Defunciones;Canarias;159
2015;Hombres;De 85 a 94 años;Defunciones;Tenerife;735
2015;Hombres;De 85 a 94 años;Defunciones;Lanzarote;62
2015;Hombres;De 85 a 94 años;Defunciones;La Palma;94
2015;Hombres;De 85 a 94 años;Defunciones;La Gomera;30
2015;Hombres;De 85 a 94 años;Defunciones;Gran Canaria;628
2015;Hombres;De 85 a 94 años;Defunciones;Fuerteventura;42
2015;Hombres;De 85 a 94 años;Defunciones;El Hierro;13
2015;Hombres;De 85 a 94 años;Defunciones;Canarias;1604
2015;Hombres;De 75 a 84 años;Defunciones;Tenerife;1148
2015;Hombres;De 75 a 84 años;Defunciones;Lanzarote;107
2015;Hombres;De 75 a 84 años;Defunciones;La Palma;128
2015;Hombres;De 75 a 84 años;Defunciones;La Gomera;28
2015;Hombres;De 75 a 84 años;Defunciones;Gran Canaria;1090
2015;Hombres;De 75 a 84 años;Defunciones;Fuerteventura;49
2015;Hombres;De 75 a 84 años;Defunciones;El Hierro;16
2015;Hombres;De 75 a 84 años;Defunciones;Canarias;2566
2015;Hombres;De 65 a 74 años;Defunciones;Tenerife;742
2015;Hombres;De 65 a 74 años;Defunciones;Lanzarote;77
2015;Hombres;De 65 a 74 años;Defunciones;La Palma;79
2015;Hombres;De 65 a 74 años;Defunciones;La Gomera;22
2015;Hombres;De 65 a 74 años;Defunciones;Gran Canaria;657
2015;Hombres;De 65 a 74 años;Defunciones;Fuerteventura;58
2015;Hombres;De 65 a 74 años;Defunciones;El Hierro;8
2015;Hombres;De 65 a 74 años;Defunciones;Canarias;1643
2015;Hombres;De 5 a 14 años;Defunciones;Tenerife;1
2015;Hombres;De 5 a 14 años;Defunciones;Lanzarote;1
2015;Hombres;De 5 a 14 años;Defunciones;La Palma;0
2015;Hombres;De 5 a 14 años;Defunciones;La Gomera;0
2015;Hombres;De 5 a 14 años;Defunciones;Gran Canaria;3
2015;Hombres;De 5 a 14 años;Defunciones;Fuerteventura;2
2015;Hombres;De 5 a 14 años;Defunciones;El Hierro;0
2015;Hombres;De 5 a 14 años;Defunciones;Canarias;7
2015;Hombres;De 55 a 64 años;Defunciones;Tenerife;464
2015;Hombres;De 55 a 64 años;Defunciones;Lanzarote;68
2015;Hombres;De 55 a 64 años;Defunciones;La Palma;37
2015;Hombres;De 55 a 64 años;Defunciones;La Gomera;8
2015;Hombres;De 55 a 64 años;Defunciones;Gran Canaria;446
2015;Hombres;De 55 a 64 años;Defunciones;Fuerteventura;41
2015;Hombres;De 55 a 64 años;Defunciones;El Hierro;8
2015;Hombres;De 55 a 64 años;Defunciones;Canarias;1072
2015;Hombres;De 45 a 54 años;Defunciones;Tenerife;227
2015;Hombres;De 45 a 54 años;Defunciones;Lanzarote;48
2015;Hombres;De 45 a 54 años;Defunciones;La Palma;22
2015;Hombres;De 45 a 54 años;Defunciones;La Gomera;9
2015;Hombres;De 45 a 54 años;Defunciones;Gran Canaria;243
2015;Hombres;De 45 a 54 años;Defunciones;Fuerteventura;21
2015;Hombres;De 45 a 54 años;Defunciones;El Hierro;4
2015;Hombres;De 45 a 54 años;Defunciones;Canarias;574
2015;Hombres;De 35 a 44 años;Defunciones;Tenerife;86
2015;Hombres;De 35 a 44 años;Defunciones;Lanzarote;11
2015;Hombres;De 35 a 44 años;Defunciones;La Palma;7
2015;Hombres;De 35 a 44 años;Defunciones;La Gomera;2
2015;Hombres;De 35 a 44 años;Defunciones;Gran Canaria;82
2015;Hombres;De 35 a 44 años;Defunciones;Fuerteventura;14
2015;Hombres;De 35 a 44 años;Defunciones;El Hierro;0
2015;Hombres;De 35 a 44 años;Defunciones;Canarias;202
2015;Hombres;De 25 a 34 años;Defunciones;Tenerife;33
2015;Hombres;De 25 a 34 años;Defunciones;Lanzarote;3
2015;Hombres;De 25 a 34 años;Defunciones;La Palma;1
2015;Hombres;De 25 a 34 años;Defunciones;La Gomera;1
2015;Hombres;De 25 a 34 años;Defunciones;Gran Canaria;25
2015;Hombres;De 25 a 34 años;Defunciones;Fuerteventura;9
2015;Hombres;De 25 a 34 años;Defunciones;El Hierro;0
2015;Hombres;De 25 a 34 años;Defunciones;Canarias;72
2015;Hombres;De 1 a 4 años;Defunciones;Tenerife;1
2015;Hombres;De 1 a 4 años;Defunciones;Lanzarote;0
2015;Hombres;De 1 a 4 años;Defunciones;La Palma;0
2015;Hombres;De 1 a 4 años;Defunciones;La Gomera;0
2015;Hombres;De 1 a 4 años;Defunciones;Gran Canaria;3
2015;Hombres;De 1 a 4 años;Defunciones;Fuerteventura;0
2015;Hombres;De 1 a 4 años;Defunciones;El Hierro;0
2015;Hombres;De 1 a 4 años;Defunciones;Canarias;4
2015;Hombres;De 15 a 24 años;Defunciones;Tenerife;14
2015;Hombres;De 15 a 24 años;Defunciones;Lanzarote;2
2015;Hombres;De 15 a 24 años;Defunciones;La Palma;2
2015;Hombres;De 15 a 24 años;Defunciones;La Gomera;1
2015;Hombres;De 15 a 24 años;Defunciones;Gran Canaria;14
2015;Hombres;De 15 a 24 años;Defunciones;Fuerteventura;1
2015;Hombres;De 15 a 24 años;Defunciones;El Hierro;0
2015;Hombres;De 15 a 24 años;Defunciones;Canarias;34
2015;Hombres;Total;Defunciones;Tenerife;3523
2015;Hombres;Total;Defunciones;Lanzarote;385
2015;Hombres;Total;Defunciones;La Palma;383
2015;Hombres;Total;Defunciones;La Gomera;105
2015;Hombres;Total;Defunciones;Gran Canaria;3268
2015;Hombres;Total;Defunciones;Fuerteventura;245
2015;Hombres;Total;Defunciones;El Hierro;51
2015;Hombres;Total;Defunciones;Canarias;7960
2015;Hombres;Menos de 7 días;Defunciones;Tenerife;5
2015;Hombres;Menos de 7 días;Defunciones;Lanzarote;0
2015;Hombres;Menos de 7 días;Defunciones;La Palma;0
2015;Hombres;Menos de 7 días;Defunciones;La Gomera;0
2015;Hombres;Menos de 7 días;Defunciones;Gran Canaria;3
2015;Hombres;Menos de 7 días;Defunciones;Fuerteventura;1
2015;Hombres;Menos de 7 días;Defunciones;El Hierro;0
2015;Hombres;Menos de 7 días;Defunciones;Canarias;9
2015;Hombres;De 7 a 27 días;Defunciones;Tenerife;1
2015;Hombres;De 7 a 27 días;Defunciones;Lanzarote;0
2015;Hombres;De 7 a 27 días;Defunciones;La Palma;0
2015;Hombres;De 7 a 27 días;Defunciones;La Gomera;0
2015;Hombres;De 7 a 27 días;Defunciones;Gran Canaria;0
2015;Hombres;De 7 a 27 días;Defunciones;Fuerteventura;1
2015;Hombres;De 7 a 27 días;Defunciones;El Hierro;0
2015;Hombres;De 7 a 27 días;Defunciones;Canarias;2
2015;Hombres;De 28 días a menos de 1 año;Defunciones;Tenerife;7
2015;Hombres;De 28 días a menos de 1 año;Defunciones;Lanzarote;0
2015;Hombres;De 28 días a menos de 1 año;Defunciones;La Palma;0
2015;Hombres;De 28 días a menos de 1 año;Defunciones;La Gomera;0
2015;Hombres;De 28 días a menos de 1 año;Defunciones;Gran Canaria;2
2015;Hombres;De 28 días a menos de 1 año;Defunciones;Fuerteventura;3
2015;Hombres;De 28 días a menos de 1 año;Defunciones;El Hierro;0
2015;Hombres;De 28 días a menos de 1 año;Defunciones;Canarias;12
2015;Mujeres;Menor de 1 año;Defunciones;Tenerife;9
2015;Mujeres;Menor de 1 año;Defunciones;Lanzarote;2
2015;Mujeres;Menor de 1 año;Defunciones;La Palma;0
2015;Mujeres;Menor de 1 año;Defunciones;La Gomera;0
2015;Mujeres;Menor de 1 año;Defunciones;Gran Canaria;9
2015;Mujeres;Menor de 1 año;Defunciones;Fuerteventura;1
2015;Mujeres;Menor de 1 año;Defunciones;El Hierro;0
2015;Mujeres;Menor de 1 año;Defunciones;Canarias;21
2015;Mujeres;95 años o más;Defunciones;Tenerife;238
2015;Mujeres;95 años o más;Defunciones;Lanzarote;25
2015;Mujeres;95 años o más;Defunciones;La Palma;39
2015;Mujeres;95 años o más;Defunciones;La Gomera;14
2015;Mujeres;95 años o más;Defunciones;Gran Canaria;201
2015;Mujeres;95 años o más;Defunciones;Fuerteventura;15
2015;Mujeres;95 años o más;Defunciones;El Hierro;4
2015;Mujeres;95 años o más;Defunciones;Canarias;536
2015;Mujeres;De 85 a 94 años;Defunciones;Tenerife;1131
2015;Mujeres;De 85 a 94 años;Defunciones;Lanzarote;79
2015;Mujeres;De 85 a 94 años;Defunciones;La Palma;149
2015;Mujeres;De 85 a 94 años;Defunciones;La Gomera;27
2015;Mujeres;De 85 a 94 años;Defunciones;Gran Canaria;1034
2015;Mujeres;De 85 a 94 años;Defunciones;Fuerteventura;44
2015;Mujeres;De 85 a 94 años;Defunciones;El Hierro;29
2015;Mujeres;De 85 a 94 años;Defunciones;Canarias;2493
2015;Mujeres;De 75 a 84 años;Defunciones;Tenerife;1013
2015;Mujeres;De 75 a 84 años;Defunciones;Lanzarote;73
2015;Mujeres;De 75 a 84 años;Defunciones;La Palma;94
2015;Mujeres;De 75 a 84 años;Defunciones;La Gomera;27
2015;Mujeres;De 75 a 84 años;Defunciones;Gran Canaria;926
2015;Mujeres;De 75 a 84 años;Defunciones;Fuerteventura;42
2015;Mujeres;De 75 a 84 años;Defunciones;El Hierro;11
2015;Mujeres;De 75 a 84 años;Defunciones;Canarias;2186
2015;Mujeres;De 65 a 74 años;Defunciones;Tenerife;385
2015;Mujeres;De 65 a 74 años;Defunciones;Lanzarote;40
2015;Mujeres;De 65 a 74 años;Defunciones;La Palma;28
2015;Mujeres;De 65 a 74 años;Defunciones;La Gomera;14
2015;Mujeres;De 65 a 74 años;Defunciones;Gran Canaria;360
2015;Mujeres;De 65 a 74 años;Defunciones;Fuerteventura;31
2015;Mujeres;De 65 a 74 años;Defunciones;El Hierro;2
2015;Mujeres;De 65 a 74 años;Defunciones;Canarias;860
2015;Mujeres;De 5 a 14 años;Defunciones;Tenerife;7
2015;Mujeres;De 5 a 14 años;Defunciones;Lanzarote;0
2015;Mujeres;De 5 a 14 años;Defunciones;La Palma;1
2015;Mujeres;De 5 a 14 años;Defunciones;La Gomera;1
2015;Mujeres;De 5 a 14 años;Defunciones;Gran Canaria;8
2015;Mujeres;De 5 a 14 años;Defunciones;Fuerteventura;0
2015;Mujeres;De 5 a 14 años;Defunciones;El Hierro;0
2015;Mujeres;De 5 a 14 años;Defunciones;Canarias;17
2015;Mujeres;De 55 a 64 años;Defunciones;Tenerife;223
2015;Mujeres;De 55 a 64 años;Defunciones;Lanzarote;24
2015;Mujeres;De 55 a 64 años;Defunciones;La Palma;25
2015;Mujeres;De 55 a 64 años;Defunciones;La Gomera;3
2015;Mujeres;De 55 a 64 años;Defunciones;Gran Canaria;251
2015;Mujeres;De 55 a 64 años;Defunciones;Fuerteventura;24
2015;Mujeres;De 55 a 64 años;Defunciones;El Hierro;0
2015;Mujeres;De 55 a 64 años;Defunciones;Canarias;550
2015;Mujeres;De 45 a 54 años;Defunciones;Tenerife;131
2015;Mujeres;De 45 a 54 años;Defunciones;Lanzarote;18
2015;Mujeres;De 45 a 54 años;Defunciones;La Palma;10
2015;Mujeres;De 45 a 54 años;Defunciones;La Gomera;3
2015;Mujeres;De 45 a 54 años;Defunciones;Gran Canaria;125
2015;Mujeres;De 45 a 54 años;Defunciones;Fuerteventura;11
2015;Mujeres;De 45 a 54 años;Defunciones;El Hierro;2
2015;Mujeres;De 45 a 54 años;Defunciones;Canarias;300
2015;Mujeres;De 35 a 44 años;Defunciones;Tenerife;45
2015;Mujeres;De 35 a 44 años;Defunciones;Lanzarote;12
2015;Mujeres;De 35 a 44 años;Defunciones;La Palma;6
2015;Mujeres;De 35 a 44 años;Defunciones;La Gomera;3
2015;Mujeres;De 35 a 44 años;Defunciones;Gran Canaria;46
2015;Mujeres;De 35 a 44 años;Defunciones;Fuerteventura;10
2015;Mujeres;De 35 a 44 años;Defunciones;El Hierro;0
2015;Mujeres;De 35 a 44 años;Defunciones;Canarias;122
2015;Mujeres;De 25 a 34 años;Defunciones;Tenerife;18
2015;Mujeres;De 25 a 34 años;Defunciones;Lanzarote;1
2015;Mujeres;De 25 a 34 años;Defunciones;La Palma;4
2015;Mujeres;De 25 a 34 años;Defunciones;La Gomera;0
2015;Mujeres;De 25 a 34 años;Defunciones;Gran Canaria;16
2015;Mujeres;De 25 a 34 años;Defunciones;Fuerteventura;2
2015;Mujeres;De 25 a 34 años;Defunciones;El Hierro;0
2015;Mujeres;De 25 a 34 años;Defunciones;Canarias;41
2015;Mujeres;De 1 a 4 años;Defunciones;Tenerife;2
2015;Mujeres;De 1 a 4 años;Defunciones;Lanzarote;0
2015;Mujeres;De 1 a 4 años;Defunciones;La Palma;0
2015;Mujeres;De 1 a 4 años;Defunciones;La Gomera;0
2015;Mujeres;De 1 a 4 años;Defunciones;Gran Canaria;1
2015;Mujeres;De 1 a 4 años;Defunciones;Fuerteventura;0
2015;Mujeres;De 1 a 4 años;Defunciones;El Hierro;0
2015;Mujeres;De 1 a 4 años;Defunciones;Canarias;3
2015;Mujeres;De 15 a 24 años;Defunciones;Tenerife;9
2015;Mujeres;De 15 a 24 años;Defunciones;Lanzarote;0
2015;Mujeres;De 15 a 24 años;Defunciones;La Palma;1
2015;Mujeres;De 15 a 24 años;Defunciones;La Gomera;0
2015;Mujeres;De 15 a 24 años;Defunciones;Gran Canaria;8
2015;Mujeres;De 15 a 24 años;Defunciones;Fuerteventura;3
2015;Mujeres;De 15 a 24 años;Defunciones;El Hierro;0
2015;Mujeres;De 15 a 24 años;Defunciones;Canarias;21
2015;Mujeres;Total;Defunciones;Tenerife;3211
2015;Mujeres;Total;Defunciones;Lanzarote;274
2015;Mujeres;Total;Defunciones;La Palma;357
2015;Mujeres;Total;Defunciones;La Gomera;92
2015;Mujeres;Total;Defunciones;Gran Canaria;2985
2015;Mujeres;Total;Defunciones;Fuerteventura;183
2015;Mujeres;Total;Defunciones;El Hierro;48
2015;Mujeres;Total;Defunciones;Canarias;7150
2015;Mujeres;Menos de 7 días;Defunciones;Tenerife;4
2015;Mujeres;Menos de 7 días;Defunciones;Lanzarote;2
2015;Mujeres;Menos de 7 días;Defunciones;La Palma;0
2015;Mujeres;Menos de 7 días;Defunciones;La Gomera;0
2015;Mujeres;Menos de 7 días;Defunciones;Gran Canaria;3
2015;Mujeres;Menos de 7 días;Defunciones;Fuerteventura;0
2015;Mujeres;Menos de 7 días;Defunciones;El Hierro;0
2015;Mujeres;Menos de 7 días;Defunciones;Canarias;9
2015;Mujeres;De 7 a 27 días;Defunciones;Tenerife;2
2015;Mujeres;De 7 a 27 días;Defunciones;Lanzarote;0
2015;Mujeres;De 7 a 27 días;Defunciones;La Palma;0
2015;Mujeres;De 7 a 27 días;Defunciones;La Gomera;0
2015;Mujeres;De 7 a 27 días;Defunciones;Gran Canaria;1
2015;Mujeres;De 7 a 27 días;Defunciones;Fuerteventura;1
2015;Mujeres;De 7 a 27 días;Defunciones;El Hierro;0
2015;Mujeres;De 7 a 27 días;Defunciones;Canarias;4
2015;Mujeres;De 28 días a menos de 1 año;Defunciones;Tenerife;3
2015;Mujeres;De 28 días a menos de 1 año;Defunciones;Lanzarote;0
2015;Mujeres;De 28 días a menos de 1 año;Defunciones;La Palma;0
2015;Mujeres;De 28 días a menos de 1 año;Defunciones;La Gomera;0
2015;Mujeres;De 28 días a menos de 1 año;Defunciones;Gran Canaria;5
2015;Mujeres;De 28 días a menos de 1 año;Defunciones;Fuerteventura;0
2015;Mujeres;De 28 días a menos de 1 año;Defunciones;El Hierro;0
2015;Mujeres;De 28 días a menos de 1 año;Defunciones;Canarias;8
2016;Total;Menor de 1 año;Defunciones;Tenerife;23
2016;Total;Menor de 1 año;Defunciones;Lanzarote;0
2016;Total;Menor de 1 año;Defunciones;La Palma;2
2016;Total;Menor de 1 año;Defunciones;La Gomera;0
2016;Total;Menor de 1 año;Defunciones;Gran Canaria;16
2016;Total;Menor de 1 año;Defunciones;Fuerteventura;3
2016;Total;Menor de 1 año;Defunciones;El Hierro;0
2016;Total;Menor de 1 año;Defunciones;Canarias;44
2016;Total;95 años o más;Defunciones;Tenerife;281
2016;Total;95 años o más;Defunciones;Lanzarote;36
2016;Total;95 años o más;Defunciones;La Palma;50
2016;Total;95 años o más;Defunciones;La Gomera;14
2016;Total;95 años o más;Defunciones;Gran Canaria;255
2016;Total;95 años o más;Defunciones;Fuerteventura;10
2016;Total;95 años o más;Defunciones;El Hierro;9
2016;Total;95 años o más;Defunciones;Canarias;655
2016;Total;De 85 a 94 años;Defunciones;Tenerife;1895
2016;Total;De 85 a 94 años;Defunciones;Lanzarote;155
2016;Total;De 85 a 94 años;Defunciones;La Palma;258
2016;Total;De 85 a 94 años;Defunciones;La Gomera;55
2016;Total;De 85 a 94 años;Defunciones;Gran Canaria;1721
2016;Total;De 85 a 94 años;Defunciones;Fuerteventura;76
2016;Total;De 85 a 94 años;Defunciones;El Hierro;36
2016;Total;De 85 a 94 años;Defunciones;Canarias;4196
2016;Total;De 75 a 84 años;Defunciones;Tenerife;2035
2016;Total;De 75 a 84 años;Defunciones;Lanzarote;178
2016;Total;De 75 a 84 años;Defunciones;La Palma;206
2016;Total;De 75 a 84 años;Defunciones;La Gomera;66
2016;Total;De 75 a 84 años;Defunciones;Gran Canaria;1939
2016;Total;De 75 a 84 años;Defunciones;Fuerteventura;107
2016;Total;De 75 a 84 años;Defunciones;El Hierro;22
2016;Total;De 75 a 84 años;Defunciones;Canarias;4553
2016;Total;De 65 a 74 años;Defunciones;Tenerife;1115
2016;Total;De 65 a 74 años;Defunciones;Lanzarote;140
2016;Total;De 65 a 74 años;Defunciones;La Palma;110
2016;Total;De 65 a 74 años;Defunciones;La Gomera;31
2016;Total;De 65 a 74 años;Defunciones;Gran Canaria;1067
2016;Total;De 65 a 74 años;Defunciones;Fuerteventura;70
2016;Total;De 65 a 74 años;Defunciones;El Hierro;15
2016;Total;De 65 a 74 años;Defunciones;Canarias;2548
2016;Total;De 5 a 14 años;Defunciones;Tenerife;16
2016;Total;De 5 a 14 años;Defunciones;Lanzarote;0
2016;Total;De 5 a 14 años;Defunciones;La Palma;0
2016;Total;De 5 a 14 años;Defunciones;La Gomera;0
2016;Total;De 5 a 14 años;Defunciones;Gran Canaria;6
2016;Total;De 5 a 14 años;Defunciones;Fuerteventura;3
2016;Total;De 5 a 14 años;Defunciones;El Hierro;0
2016;Total;De 5 a 14 años;Defunciones;Canarias;25
2016;Total;De 55 a 64 años;Defunciones;Tenerife;663
2016;Total;De 55 a 64 años;Defunciones;Lanzarote;109
2016;Total;De 55 a 64 años;Defunciones;La Palma;65
2016;Total;De 55 a 64 años;Defunciones;La Gomera;17
2016;Total;De 55 a 64 años;Defunciones;Gran Canaria;699
2016;Total;De 55 a 64 años;Defunciones;Fuerteventura;58
2016;Total;De 55 a 64 años;Defunciones;El Hierro;5
2016;Total;De 55 a 64 años;Defunciones;Canarias;1616
2016;Total;De 45 a 54 años;Defunciones;Tenerife;348
2016;Total;De 45 a 54 años;Defunciones;Lanzarote;60
2016;Total;De 45 a 54 años;Defunciones;La Palma;33
2016;Total;De 45 a 54 años;Defunciones;La Gomera;9
2016;Total;De 45 a 54 años;Defunciones;Gran Canaria;382
2016;Total;De 45 a 54 años;Defunciones;Fuerteventura;44
2016;Total;De 45 a 54 años;Defunciones;El Hierro;2
2016;Total;De 45 a 54 años;Defunciones;Canarias;878
2016;Total;De 35 a 44 años;Defunciones;Tenerife;136
2016;Total;De 35 a 44 años;Defunciones;Lanzarote;25
2016;Total;De 35 a 44 años;Defunciones;La Palma;12
2016;Total;De 35 a 44 años;Defunciones;La Gomera;3
2016;Total;De 35 a 44 años;Defunciones;Gran Canaria;152
2016;Total;De 35 a 44 años;Defunciones;Fuerteventura;20
2016;Total;De 35 a 44 años;Defunciones;El Hierro;1
2016;Total;De 35 a 44 años;Defunciones;Canarias;349
2016;Total;De 25 a 34 años;Defunciones;Tenerife;53
2016;Total;De 25 a 34 años;Defunciones;Lanzarote;9
2016;Total;De 25 a 34 años;Defunciones;La Palma;3
2016;Total;De 25 a 34 años;Defunciones;La Gomera;1
2016;Total;De 25 a 34 años;Defunciones;Gran Canaria;48
2016;Total;De 25 a 34 años;Defunciones;Fuerteventura;11
2016;Total;De 25 a 34 años;Defunciones;El Hierro;0
2016;Total;De 25 a 34 años;Defunciones;Canarias;125
2016;Total;De 1 a 4 años;Defunciones;Tenerife;2
2016;Total;De 1 a 4 años;Defunciones;Lanzarote;1
2016;Total;De 1 a 4 años;Defunciones;La Palma;1
2016;Total;De 1 a 4 años;Defunciones;La Gomera;0
2016;Total;De 1 a 4 años;Defunciones;Gran Canaria;2
2016;Total;De 1 a 4 años;Defunciones;Fuerteventura;2
2016;Total;De 1 a 4 años;Defunciones;El Hierro;0
2016;Total;De 1 a 4 años;Defunciones;Canarias;8
2016;Total;De 15 a 24 años;Defunciones;Tenerife;17
2016;Total;De 15 a 24 años;Defunciones;Lanzarote;1
2016;Total;De 15 a 24 años;Defunciones;La Palma;1
2016;Total;De 15 a 24 años;Defunciones;La Gomera;0
2016;Total;De 15 a 24 años;Defunciones;Gran Canaria;17
2016;Total;De 15 a 24 años;Defunciones;Fuerteventura;2
2016;Total;De 15 a 24 años;Defunciones;El Hierro;0
2016;Total;De 15 a 24 años;Defunciones;Canarias;38
2016;Total;Total;Defunciones;Tenerife;6584
2016;Total;Total;Defunciones;Lanzarote;714
2016;Total;Total;Defunciones;La Palma;741
2016;Total;Total;Defunciones;La Gomera;196
2016;Total;Total;Defunciones;Gran Canaria;6304
2016;Total;Total;Defunciones;Fuerteventura;406
2016;Total;Total;Defunciones;El Hierro;90
2016;Total;Total;Defunciones;Canarias;15035
2016;Total;Menos de 7 días;Defunciones;Tenerife;16
2016;Total;Menos de 7 días;Defunciones;Lanzarote;0
2016;Total;Menos de 7 días;Defunciones;La Palma;2
2016;Total;Menos de 7 días;Defunciones;La Gomera;0
2016;Total;Menos de 7 días;Defunciones;Gran Canaria;5
2016;Total;Menos de 7 días;Defunciones;Fuerteventura;1
2016;Total;Menos de 7 días;Defunciones;El Hierro;0
2016;Total;Menos de 7 días;Defunciones;Canarias;24
2016;Total;De 7 a 27 días;Defunciones;Tenerife;3
2016;Total;De 7 a 27 días;Defunciones;Lanzarote;0
2016;Total;De 7 a 27 días;Defunciones;La Palma;0
2016;Total;De 7 a 27 días;Defunciones;La Gomera;0
2016;Total;De 7 a 27 días;Defunciones;Gran Canaria;7
2016;Total;De 7 a 27 días;Defunciones;Fuerteventura;1
2016;Total;De 7 a 27 días;Defunciones;El Hierro;0
2016;Total;De 7 a 27 días;Defunciones;Canarias;11
2016;Total;De 28 días a menos de 1 año;Defunciones;Tenerife;4
2016;Total;De 28 días a menos de 1 año;Defunciones;Lanzarote;0
2016;Total;De 28 días a menos de 1 año;Defunciones;La Palma;0
2016;Total;De 28 días a menos de 1 año;Defunciones;La Gomera;0
2016;Total;De 28 días a menos de 1 año;Defunciones;Gran Canaria;4
2016;Total;De 28 días a menos de 1 año;Defunciones;Fuerteventura;1
2016;Total;De 28 días a menos de 1 año;Defunciones;El Hierro;0
2016;Total;De 28 días a menos de 1 año;Defunciones;Canarias;9
2016;Hombres;Menor de 1 año;Defunciones;Tenerife;13
2016;Hombres;Menor de 1 año;Defunciones;Lanzarote;0
2016;Hombres;Menor de 1 año;Defunciones;La Palma;2
2016;Hombres;Menor de 1 año;Defunciones;La Gomera;0
2016;Hombres;Menor de 1 año;Defunciones;Gran Canaria;8
2016;Hombres;Menor de 1 año;Defunciones;Fuerteventura;1
2016;Hombres;Menor de 1 año;Defunciones;El Hierro;0
2016;Hombres;Menor de 1 año;Defunciones;Canarias;24
2016;Hombres;95 años o más;Defunciones;Tenerife;73
2016;Hombres;95 años o más;Defunciones;Lanzarote;5
2016;Hombres;95 años o más;Defunciones;La Palma;11
2016;Hombres;95 años o más;Defunciones;La Gomera;2
2016;Hombres;95 años o más;Defunciones;Gran Canaria;65
2016;Hombres;95 años o más;Defunciones;Fuerteventura;3
2016;Hombres;95 años o más;Defunciones;El Hierro;3
2016;Hombres;95 años o más;Defunciones;Canarias;162
2016;Hombres;De 85 a 94 años;Defunciones;Tenerife;772
2016;Hombres;De 85 a 94 años;Defunciones;Lanzarote;59
2016;Hombres;De 85 a 94 años;Defunciones;La Palma;108
2016;Hombres;De 85 a 94 años;Defunciones;La Gomera;28
2016;Hombres;De 85 a 94 años;Defunciones;Gran Canaria;663
2016;Hombres;De 85 a 94 años;Defunciones;Fuerteventura;35
2016;Hombres;De 85 a 94 años;Defunciones;El Hierro;22
2016;Hombres;De 85 a 94 años;Defunciones;Canarias;1687
2016;Hombres;De 75 a 84 años;Defunciones;Tenerife;1140
2016;Hombres;De 75 a 84 años;Defunciones;Lanzarote;111
2016;Hombres;De 75 a 84 años;Defunciones;La Palma;107
2016;Hombres;De 75 a 84 años;Defunciones;La Gomera;35
2016;Hombres;De 75 a 84 años;Defunciones;Gran Canaria;1067
2016;Hombres;De 75 a 84 años;Defunciones;Fuerteventura;64
2016;Hombres;De 75 a 84 años;Defunciones;El Hierro;14
2016;Hombres;De 75 a 84 años;Defunciones;Canarias;2538
2016;Hombres;De 65 a 74 años;Defunciones;Tenerife;730
2016;Hombres;De 65 a 74 años;Defunciones;Lanzarote;95
2016;Hombres;De 65 a 74 años;Defunciones;La Palma;78
2016;Hombres;De 65 a 74 años;Defunciones;La Gomera;26
2016;Hombres;De 65 a 74 años;Defunciones;Gran Canaria;691
2016;Hombres;De 65 a 74 años;Defunciones;Fuerteventura;48
2016;Hombres;De 65 a 74 años;Defunciones;El Hierro;10
2016;Hombres;De 65 a 74 años;Defunciones;Canarias;1678
2016;Hombres;De 5 a 14 años;Defunciones;Tenerife;13
2016;Hombres;De 5 a 14 años;Defunciones;Lanzarote;0
2016;Hombres;De 5 a 14 años;Defunciones;La Palma;0
2016;Hombres;De 5 a 14 años;Defunciones;La Gomera;0
2016;Hombres;De 5 a 14 años;Defunciones;Gran Canaria;5
2016;Hombres;De 5 a 14 años;Defunciones;Fuerteventura;3
2016;Hombres;De 5 a 14 años;Defunciones;El Hierro;0
2016;Hombres;De 5 a 14 años;Defunciones;Canarias;21
2016;Hombres;De 55 a 64 años;Defunciones;Tenerife;448
2016;Hombres;De 55 a 64 años;Defunciones;Lanzarote;78
2016;Hombres;De 55 a 64 años;Defunciones;La Palma;47
2016;Hombres;De 55 a 64 años;Defunciones;La Gomera;7
2016;Hombres;De 55 a 64 años;Defunciones;Gran Canaria;463
2016;Hombres;De 55 a 64 años;Defunciones;Fuerteventura;38
2016;Hombres;De 55 a 64 años;Defunciones;El Hierro;4
2016;Hombres;De 55 a 64 años;Defunciones;Canarias;1085
2016;Hombres;De 45 a 54 años;Defunciones;Tenerife;208
2016;Hombres;De 45 a 54 años;Defunciones;Lanzarote;39
2016;Hombres;De 45 a 54 años;Defunciones;La Palma;19
2016;Hombres;De 45 a 54 años;Defunciones;La Gomera;8
2016;Hombres;De 45 a 54 años;Defunciones;Gran Canaria;255
2016;Hombres;De 45 a 54 años;Defunciones;Fuerteventura;31
2016;Hombres;De 45 a 54 años;Defunciones;El Hierro;2
2016;Hombres;De 45 a 54 años;Defunciones;Canarias;562
2016;Hombres;De 35 a 44 años;Defunciones;Tenerife;83
2016;Hombres;De 35 a 44 años;Defunciones;Lanzarote;18
2016;Hombres;De 35 a 44 años;Defunciones;La Palma;9
2016;Hombres;De 35 a 44 años;Defunciones;La Gomera;0
2016;Hombres;De 35 a 44 años;Defunciones;Gran Canaria;91
2016;Hombres;De 35 a 44 años;Defunciones;Fuerteventura;11
2016;Hombres;De 35 a 44 años;Defunciones;El Hierro;1
2016;Hombres;De 35 a 44 años;Defunciones;Canarias;213
2016;Hombres;De 25 a 34 años;Defunciones;Tenerife;41
2016;Hombres;De 25 a 34 años;Defunciones;Lanzarote;7
2016;Hombres;De 25 a 34 años;Defunciones;La Palma;3
2016;Hombres;De 25 a 34 años;Defunciones;La Gomera;1
2016;Hombres;De 25 a 34 años;Defunciones;Gran Canaria;28
2016;Hombres;De 25 a 34 años;Defunciones;Fuerteventura;6
2016;Hombres;De 25 a 34 años;Defunciones;El Hierro;0
2016;Hombres;De 25 a 34 años;Defunciones;Canarias;86
2016;Hombres;De 1 a 4 años;Defunciones;Tenerife;2
2016;Hombres;De 1 a 4 años;Defunciones;Lanzarote;0
2016;Hombres;De 1 a 4 años;Defunciones;La Palma;1
2016;Hombres;De 1 a 4 años;Defunciones;La Gomera;0
2016;Hombres;De 1 a 4 años;Defunciones;Gran Canaria;1
2016;Hombres;De 1 a 4 años;Defunciones;Fuerteventura;2
2016;Hombres;De 1 a 4 años;Defunciones;El Hierro;0
2016;Hombres;De 1 a 4 años;Defunciones;Canarias;6
2016;Hombres;De 15 a 24 años;Defunciones;Tenerife;11
2016;Hombres;De 15 a 24 años;Defunciones;Lanzarote;1
2016;Hombres;De 15 a 24 años;Defunciones;La Palma;1
2016;Hombres;De 15 a 24 años;Defunciones;La Gomera;0
2016;Hombres;De 15 a 24 años;Defunciones;Gran Canaria;9
2016;Hombres;De 15 a 24 años;Defunciones;Fuerteventura;2
2016;Hombres;De 15 a 24 años;Defunciones;El Hierro;0
2016;Hombres;De 15 a 24 años;Defunciones;Canarias;24
2016;Hombres;Total;Defunciones;Tenerife;3534
2016;Hombres;Total;Defunciones;Lanzarote;413
2016;Hombres;Total;Defunciones;La Palma;386
2016;Hombres;Total;Defunciones;La Gomera;107
2016;Hombres;Total;Defunciones;Gran Canaria;3346
2016;Hombres;Total;Defunciones;Fuerteventura;244
2016;Hombres;Total;Defunciones;El Hierro;56
2016;Hombres;Total;Defunciones;Canarias;8086
2016;Hombres;Menos de 7 días;Defunciones;Tenerife;10
2016;Hombres;Menos de 7 días;Defunciones;Lanzarote;0
2016;Hombres;Menos de 7 días;Defunciones;La Palma;2
2016;Hombres;Menos de 7 días;Defunciones;La Gomera;0
2016;Hombres;Menos de 7 días;Defunciones;Gran Canaria;3
2016;Hombres;Menos de 7 días;Defunciones;Fuerteventura;0
2016;Hombres;Menos de 7 días;Defunciones;El Hierro;0
2016;Hombres;Menos de 7 días;Defunciones;Canarias;15
2016;Hombres;De 7 a 27 días;Defunciones;Tenerife;2
2016;Hombres;De 7 a 27 días;Defunciones;Lanzarote;0
2016;Hombres;De 7 a 27 días;Defunciones;La Palma;0
2016;Hombres;De 7 a 27 días;Defunciones;La Gomera;0
2016;Hombres;De 7 a 27 días;Defunciones;Gran Canaria;4
2016;Hombres;De 7 a 27 días;Defunciones;Fuerteventura;0
2016;Hombres;De 7 a 27 días;Defunciones;El Hierro;0
2016;Hombres;De 7 a 27 días;Defunciones;Canarias;6
2016;Hombres;De 28 días a menos de 1 año;Defunciones;Tenerife;1
2016;Hombres;De 28 días a menos de 1 año;Defunciones;Lanzarote;0
2016;Hombres;De 28 días a menos de 1 año;Defunciones;La Palma;0
2016;Hombres;De 28 días a menos de 1 año;Defunciones;La Gomera;0
2016;Hombres;De 28 días a menos de 1 año;Defunciones;Gran Canaria;1
2016;Hombres;De 28 días a menos de 1 año;Defunciones;Fuerteventura;1
2016;Hombres;De 28 días a menos de 1 año;Defunciones;El Hierro;0
2016;Hombres;De 28 días a menos de 1 año;Defunciones;Canarias;3
2016;Mujeres;Menor de 1 año;Defunciones;Tenerife;10
2016;Mujeres;Menor de 1 año;Defunciones;Lanzarote;0
2016;Mujeres;Menor de 1 año;Defunciones;La Palma;0
2016;Mujeres;Menor de 1 año;Defunciones;La Gomera;0
2016;Mujeres;Menor de 1 año;Defunciones;Gran Canaria;8
2016;Mujeres;Menor de 1 año;Defunciones;Fuerteventura;2
2016;Mujeres;Menor de 1 año;Defunciones;El Hierro;0
2016;Mujeres;Menor de 1 año;Defunciones;Canarias;20
2016;Mujeres;95 años o más;Defunciones;Tenerife;208
2016;Mujeres;95 años o más;Defunciones;Lanzarote;31
2016;Mujeres;95 años o más;Defunciones;La Palma;39
2016;Mujeres;95 años o más;Defunciones;La Gomera;12
2016;Mujeres;95 años o más;Defunciones;Gran Canaria;190
2016;Mujeres;95 años o más;Defunciones;Fuerteventura;7
2016;Mujeres;95 años o más;Defunciones;El Hierro;6
2016;Mujeres;95 años o más;Defunciones;Canarias;493
2016;Mujeres;De 85 a 94 años;Defunciones;Tenerife;1123
2016;Mujeres;De 85 a 94 años;Defunciones;Lanzarote;96
2016;Mujeres;De 85 a 94 años;Defunciones;La Palma;150
2016;Mujeres;De 85 a 94 años;Defunciones;La Gomera;27
2016;Mujeres;De 85 a 94 años;Defunciones;Gran Canaria;1058
2016;Mujeres;De 85 a 94 años;Defunciones;Fuerteventura;41
2016;Mujeres;De 85 a 94 años;Defunciones;El Hierro;14
2016;Mujeres;De 85 a 94 años;Defunciones;Canarias;2509
2016;Mujeres;De 75 a 84 años;Defunciones;Tenerife;895
2016;Mujeres;De 75 a 84 años;Defunciones;Lanzarote;67
2016;Mujeres;De 75 a 84 años;Defunciones;La Palma;99
2016;Mujeres;De 75 a 84 años;Defunciones;La Gomera;31
2016;Mujeres;De 75 a 84 años;Defunciones;Gran Canaria;872
2016;Mujeres;De 75 a 84 años;Defunciones;Fuerteventura;43
2016;Mujeres;De 75 a 84 años;Defunciones;El Hierro;8
2016;Mujeres;De 75 a 84 años;Defunciones;Canarias;2015
2016;Mujeres;De 65 a 74 años;Defunciones;Tenerife;385
2016;Mujeres;De 65 a 74 años;Defunciones;Lanzarote;45
2016;Mujeres;De 65 a 74 años;Defunciones;La Palma;32
2016;Mujeres;De 65 a 74 años;Defunciones;La Gomera;5
2016;Mujeres;De 65 a 74 años;Defunciones;Gran Canaria;376
2016;Mujeres;De 65 a 74 años;Defunciones;Fuerteventura;22
2016;Mujeres;De 65 a 74 años;Defunciones;El Hierro;5
2016;Mujeres;De 65 a 74 años;Defunciones;Canarias;870
2016;Mujeres;De 5 a 14 años;Defunciones;Tenerife;3
2016;Mujeres;De 5 a 14 años;Defunciones;Lanzarote;0
2016;Mujeres;De 5 a 14 años;Defunciones;La Palma;0
2016;Mujeres;De 5 a 14 años;Defunciones;La Gomera;0
2016;Mujeres;De 5 a 14 años;Defunciones;Gran Canaria;1
2016;Mujeres;De 5 a 14 años;Defunciones;Fuerteventura;0
2016;Mujeres;De 5 a 14 años;Defunciones;El Hierro;0
2016;Mujeres;De 5 a 14 años;Defunciones;Canarias;4
2016;Mujeres;De 55 a 64 años;Defunciones;Tenerife;215
2016;Mujeres;De 55 a 64 años;Defunciones;Lanzarote;31
2016;Mujeres;De 55 a 64 años;Defunciones;La Palma;18
2016;Mujeres;De 55 a 64 años;Defunciones;La Gomera;10
2016;Mujeres;De 55 a 64 años;Defunciones;Gran Canaria;236
2016;Mujeres;De 55 a 64 años;Defunciones;Fuerteventura;20
2016;Mujeres;De 55 a 64 años;Defunciones;El Hierro;1
2016;Mujeres;De 55 a 64 años;Defunciones;Canarias;531
2016;Mujeres;De 45 a 54 años;Defunciones;Tenerife;140
2016;Mujeres;De 45 a 54 años;Defunciones;Lanzarote;21
2016;Mujeres;De 45 a 54 años;Defunciones;La Palma;14
2016;Mujeres;De 45 a 54 años;Defunciones;La Gomera;1
2016;Mujeres;De 45 a 54 años;Defunciones;Gran Canaria;127
2016;Mujeres;De 45 a 54 años;Defunciones;Fuerteventura;13
2016;Mujeres;De 45 a 54 años;Defunciones;El Hierro;0
2016;Mujeres;De 45 a 54 años;Defunciones;Canarias;316
2016;Mujeres;De 35 a 44 años;Defunciones;Tenerife;53
2016;Mujeres;De 35 a 44 años;Defunciones;Lanzarote;7
2016;Mujeres;De 35 a 44 años;Defunciones;La Palma;3
2016;Mujeres;De 35 a 44 años;Defunciones;La Gomera;3
2016;Mujeres;De 35 a 44 años;Defunciones;Gran Canaria;61
2016;Mujeres;De 35 a 44 años;Defunciones;Fuerteventura;9
2016;Mujeres;De 35 a 44 años;Defunciones;El Hierro;0
2016;Mujeres;De 35 a 44 años;Defunciones;Canarias;136
2016;Mujeres;De 25 a 34 años;Defunciones;Tenerife;12
2016;Mujeres;De 25 a 34 años;Defunciones;Lanzarote;2
2016;Mujeres;De 25 a 34 años;Defunciones;La Palma;0
2016;Mujeres;De 25 a 34 años;Defunciones;La Gomera;0
2016;Mujeres;De 25 a 34 años;Defunciones;Gran Canaria;20
2016;Mujeres;De 25 a 34 años;Defunciones;Fuerteventura;5
2016;Mujeres;De 25 a 34 años;Defunciones;El Hierro;0
2016;Mujeres;De 25 a 34 años;Defunciones;Canarias;39
2016;Mujeres;De 1 a 4 años;Defunciones;Tenerife;0
2016;Mujeres;De 1 a 4 años;Defunciones;Lanzarote;1
2016;Mujeres;De 1 a 4 años;Defunciones;La Palma;0
2016;Mujeres;De 1 a 4 años;Defunciones;La Gomera;0
2016;Mujeres;De 1 a 4 años;Defunciones;Gran Canaria;1
2016;Mujeres;De 1 a 4 años;Defunciones;Fuerteventura;0
2016;Mujeres;De 1 a 4 años;Defunciones;El Hierro;0
2016;Mujeres;De 1 a 4 años;Defunciones;Canarias;2
2016;Mujeres;De 15 a 24 años;Defunciones;Tenerife;6
2016;Mujeres;De 15 a 24 años;Defunciones;Lanzarote;0
2016;Mujeres;De 15 a 24 años;Defunciones;La Palma;0
2016;Mujeres;De 15 a 24 años;Defunciones;La Gomera;0
2016;Mujeres;De 15 a 24 años;Defunciones;Gran Canaria;8
2016;Mujeres;De 15 a 24 años;Defunciones;Fuerteventura;0
2016;Mujeres;De 15 a 24 años;Defunciones;El Hierro;0
2016;Mujeres;De 15 a 24 años;Defunciones;Canarias;14
2016;Mujeres;Total;Defunciones;Tenerife;3050
2016;Mujeres;Total;Defunciones;Lanzarote;301
2016;Mujeres;Total;Defunciones;La Palma;355
2016;Mujeres;Total;Defunciones;La Gomera;89
2016;Mujeres;Total;Defunciones;Gran Canaria;2958
2016;Mujeres;Total;Defunciones;Fuerteventura;162
2016;Mujeres;Total;Defunciones;El Hierro;34
2016;Mujeres;Total;Defunciones;Canarias;6949
2016;Mujeres;Menos de 7 días;Defunciones;Tenerife;6
2016;Mujeres;Menos de 7 días;Defunciones;Lanzarote;0
2016;Mujeres;Menos de 7 días;Defunciones;La Palma;0
2016;Mujeres;Menos de 7 días;Defunciones;La Gomera;0
2016;Mujeres;Menos de 7 días;Defunciones;Gran Canaria;2
2016;Mujeres;Menos de 7 días;Defunciones;Fuerteventura;1
2016;Mujeres;Menos de 7 días;Defunciones;El Hierro;0
2016;Mujeres;Menos de 7 días;Defunciones;Canarias;9
2016;Mujeres;De 7 a 27 días;Defunciones;Tenerife;1
2016;Mujeres;De 7 a 27 días;Defunciones;Lanzarote;0
2016;Mujeres;De 7 a 27 días;Defunciones;La Palma;0
2016;Mujeres;De 7 a 27 días;Defunciones;La Gomera;0
2016;Mujeres;De 7 a 27 días;Defunciones;Gran Canaria;3
2016;Mujeres;De 7 a 27 días;Defunciones;Fuerteventura;1
2016;Mujeres;De 7 a 27 días;Defunciones;El Hierro;0
2016;Mujeres;De 7 a 27 días;Defunciones;Canarias;5
2016;Mujeres;De 28 días a menos de 1 año;Defunciones;Tenerife;3
2016;Mujeres;De 28 días a menos de 1 año;Defunciones;Lanzarote;0
2016;Mujeres;De 28 días a menos de 1 año;Defunciones;La Palma;0
2016;Mujeres;De 28 días a menos de 1 año;Defunciones;La Gomera;0
2016;Mujeres;De 28 días a menos de 1 año;Defunciones;Gran Canaria;3
2016;Mujeres;De 28 días a menos de 1 año;Defunciones;Fuerteventura;0
2016;Mujeres;De 28 días a menos de 1 año;Defunciones;El Hierro;0
2016;Mujeres;De 28 días a menos de 1 año;Defunciones;Canarias;6
2017;Total;Menor de 1 año;Defunciones;Tenerife;19
2017;Total;Menor de 1 año;Defunciones;Lanzarote;5
2017;Total;Menor de 1 año;Defunciones;La Palma;2
2017;Total;Menor de 1 año;Defunciones;La Gomera;0
2017;Total;Menor de 1 año;Defunciones;Gran Canaria;22
2017;Total;Menor de 1 año;Defunciones;Fuerteventura;0
2017;Total;Menor de 1 año;Defunciones;El Hierro;0
2017;Total;Menor de 1 año;Defunciones;Canarias;48
2017;Total;95 años o más;Defunciones;Tenerife;296
2017;Total;95 años o más;Defunciones;Lanzarote;31
2017;Total;95 años o más;Defunciones;La Palma;61
2017;Total;95 años o más;Defunciones;La Gomera;23
2017;Total;95 años o más;Defunciones;Gran Canaria;300
2017;Total;95 años o más;Defunciones;Fuerteventura;17
2017;Total;95 años o más;Defunciones;El Hierro;9
2017;Total;95 años o más;Defunciones;Canarias;737
2017;Total;De 85 a 94 años;Defunciones;Tenerife;1956
2017;Total;De 85 a 94 años;Defunciones;Lanzarote;177
2017;Total;De 85 a 94 años;Defunciones;La Palma;270
2017;Total;De 85 a 94 años;Defunciones;La Gomera;63
2017;Total;De 85 a 94 años;Defunciones;Gran Canaria;1734
2017;Total;De 85 a 94 años;Defunciones;Fuerteventura;105
2017;Total;De 85 a 94 años;Defunciones;El Hierro;41
2017;Total;De 85 a 94 años;Defunciones;Canarias;4346
2017;Total;De 75 a 84 años;Defunciones;Tenerife;1970
2017;Total;De 75 a 84 años;Defunciones;Lanzarote;204
2017;Total;De 75 a 84 años;Defunciones;La Palma;225
2017;Total;De 75 a 84 años;Defunciones;La Gomera;49
2017;Total;De 75 a 84 años;Defunciones;Gran Canaria;1897
2017;Total;De 75 a 84 años;Defunciones;Fuerteventura;107
2017;Total;De 75 a 84 años;Defunciones;El Hierro;31
2017;Total;De 75 a 84 años;Defunciones;Canarias;4483
2017;Total;De 65 a 74 años;Defunciones;Tenerife;1136
2017;Total;De 65 a 74 años;Defunciones;Lanzarote;130
2017;Total;De 65 a 74 años;Defunciones;La Palma;114
2017;Total;De 65 a 74 años;Defunciones;La Gomera;26
2017;Total;De 65 a 74 años;Defunciones;Gran Canaria;1141
2017;Total;De 65 a 74 años;Defunciones;Fuerteventura;86
2017;Total;De 65 a 74 años;Defunciones;El Hierro;14
2017;Total;De 65 a 74 años;Defunciones;Canarias;2647
2017;Total;De 5 a 14 años;Defunciones;Tenerife;5
2017;Total;De 5 a 14 años;Defunciones;Lanzarote;2
2017;Total;De 5 a 14 años;Defunciones;La Palma;0
2017;Total;De 5 a 14 años;Defunciones;La Gomera;0
2017;Total;De 5 a 14 años;Defunciones;Gran Canaria;7
2017;Total;De 5 a 14 años;Defunciones;Fuerteventura;1
2017;Total;De 5 a 14 años;Defunciones;El Hierro;0
2017;Total;De 5 a 14 años;Defunciones;Canarias;15
2017;Total;De 55 a 64 años;Defunciones;Tenerife;699
2017;Total;De 55 a 64 años;Defunciones;Lanzarote;97
2017;Total;De 55 a 64 años;Defunciones;La Palma;78
2017;Total;De 55 a 64 años;Defunciones;La Gomera;17
2017;Total;De 55 a 64 años;Defunciones;Gran Canaria;668
2017;Total;De 55 a 64 años;Defunciones;Fuerteventura;70
2017;Total;De 55 a 64 años;Defunciones;El Hierro;1
2017;Total;De 55 a 64 años;Defunciones;Canarias;1630
2017;Total;De 45 a 54 años;Defunciones;Tenerife;377
2017;Total;De 45 a 54 años;Defunciones;Lanzarote;56
2017;Total;De 45 a 54 años;Defunciones;La Palma;31
2017;Total;De 45 a 54 años;Defunciones;La Gomera;8
2017;Total;De 45 a 54 años;Defunciones;Gran Canaria;353
2017;Total;De 45 a 54 años;Defunciones;Fuerteventura;36
2017;Total;De 45 a 54 años;Defunciones;El Hierro;3
2017;Total;De 45 a 54 años;Defunciones;Canarias;864
2017;Total;De 35 a 44 años;Defunciones;Tenerife;138
2017;Total;De 35 a 44 años;Defunciones;Lanzarote;24
2017;Total;De 35 a 44 años;Defunciones;La Palma;11
2017;Total;De 35 a 44 años;Defunciones;La Gomera;0
2017;Total;De 35 a 44 años;Defunciones;Gran Canaria;121
2017;Total;De 35 a 44 años;Defunciones;Fuerteventura;20
2017;Total;De 35 a 44 años;Defunciones;El Hierro;0
2017;Total;De 35 a 44 años;Defunciones;Canarias;314
2017;Total;De 25 a 34 años;Defunciones;Tenerife;44
2017;Total;De 25 a 34 años;Defunciones;Lanzarote;7
2017;Total;De 25 a 34 años;Defunciones;La Palma;3
2017;Total;De 25 a 34 años;Defunciones;La Gomera;3
2017;Total;De 25 a 34 años;Defunciones;Gran Canaria;53
2017;Total;De 25 a 34 años;Defunciones;Fuerteventura;7
2017;Total;De 25 a 34 años;Defunciones;El Hierro;0
2017;Total;De 25 a 34 años;Defunciones;Canarias;117
2017;Total;De 1 a 4 años;Defunciones;Tenerife;1
2017;Total;De 1 a 4 años;Defunciones;Lanzarote;0
2017;Total;De 1 a 4 años;Defunciones;La Palma;0
2017;Total;De 1 a 4 años;Defunciones;La Gomera;0
2017;Total;De 1 a 4 años;Defunciones;Gran Canaria;3
2017;Total;De 1 a 4 años;Defunciones;Fuerteventura;0
2017;Total;De 1 a 4 años;Defunciones;El Hierro;0
2017;Total;De 1 a 4 años;Defunciones;Canarias;4
2017;Total;De 15 a 24 años;Defunciones;Tenerife;25
2017;Total;De 15 a 24 años;Defunciones;Lanzarote;2
2017;Total;De 15 a 24 años;Defunciones;La Palma;2
2017;Total;De 15 a 24 años;Defunciones;La Gomera;0
2017;Total;De 15 a 24 años;Defunciones;Gran Canaria;14
2017;Total;De 15 a 24 años;Defunciones;Fuerteventura;6
2017;Total;De 15 a 24 años;Defunciones;El Hierro;0
2017;Total;De 15 a 24 años;Defunciones;Canarias;49
2017;Total;Total;Defunciones;Tenerife;6666
2017;Total;Total;Defunciones;Lanzarote;735
2017;Total;Total;Defunciones;La Palma;797
2017;Total;Total;Defunciones;La Gomera;189
2017;Total;Total;Defunciones;Gran Canaria;6313
2017;Total;Total;Defunciones;Fuerteventura;455
2017;Total;Total;Defunciones;El Hierro;99
2017;Total;Total;Defunciones;Canarias;15254
2017;Total;Menos de 7 días;Defunciones;Tenerife;13
2017;Total;Menos de 7 días;Defunciones;Lanzarote;1
2017;Total;Menos de 7 días;Defunciones;La Palma;1
2017;Total;Menos de 7 días;Defunciones;La Gomera;0
2017;Total;Menos de 7 días;Defunciones;Gran Canaria;5
2017;Total;Menos de 7 días;Defunciones;Fuerteventura;0
2017;Total;Menos de 7 días;Defunciones;El Hierro;0
2017;Total;Menos de 7 días;Defunciones;Canarias;20
2017;Total;De 7 a 27 días;Defunciones;Tenerife;4
2017;Total;De 7 a 27 días;Defunciones;Lanzarote;1
2017;Total;De 7 a 27 días;Defunciones;La Palma;1
2017;Total;De 7 a 27 días;Defunciones;La Gomera;0
2017;Total;De 7 a 27 días;Defunciones;Gran Canaria;9
2017;Total;De 7 a 27 días;Defunciones;Fuerteventura;0
2017;Total;De 7 a 27 días;Defunciones;El Hierro;0
2017;Total;De 7 a 27 días;Defunciones;Canarias;15
2017;Total;De 28 días a menos de 1 año;Defunciones;Tenerife;2
2017;Total;De 28 días a menos de 1 año;Defunciones;Lanzarote;3
2017;Total;De 28 días a menos de 1 año;Defunciones;La Palma;0
2017;Total;De 28 días a menos de 1 año;Defunciones;La Gomera;0
2017;Total;De 28 días a menos de 1 año;Defunciones;Gran Canaria;8
2017;Total;De 28 días a menos de 1 año;Defunciones;Fuerteventura;0
2017;Total;De 28 días a menos de 1 año;Defunciones;El Hierro;0
2017;Total;De 28 días a menos de 1 año;Defunciones;Canarias;13
2017;Hombres;Menor de 1 año;Defunciones;Tenerife;13
2017;Hombres;Menor de 1 año;Defunciones;Lanzarote;3
2017;Hombres;Menor de 1 año;Defunciones;La Palma;1
2017;Hombres;Menor de 1 año;Defunciones;La Gomera;0
2017;Hombres;Menor de 1 año;Defunciones;Gran Canaria;13
2017;Hombres;Menor de 1 año;Defunciones;Fuerteventura;0
2017;Hombres;Menor de 1 año;Defunciones;El Hierro;0
2017;Hombres;Menor de 1 año;Defunciones;Canarias;30
2017;Hombres;95 años o más;Defunciones;Tenerife;74
2017;Hombres;95 años o más;Defunciones;Lanzarote;9
2017;Hombres;95 años o más;Defunciones;La Palma;13
2017;Hombres;95 años o más;Defunciones;La Gomera;7
2017;Hombres;95 años o más;Defunciones;Gran Canaria;99
2017;Hombres;95 años o más;Defunciones;Fuerteventura;6
2017;Hombres;95 años o más;Defunciones;El Hierro;3
2017;Hombres;95 años o más;Defunciones;Canarias;211
2017;Hombres;De 85 a 94 años;Defunciones;Tenerife;745
2017;Hombres;De 85 a 94 años;Defunciones;Lanzarote;79
2017;Hombres;De 85 a 94 años;Defunciones;La Palma;96
2017;Hombres;De 85 a 94 años;Defunciones;La Gomera;20
2017;Hombres;De 85 a 94 años;Defunciones;Gran Canaria;712
2017;Hombres;De 85 a 94 años;Defunciones;Fuerteventura;46
2017;Hombres;De 85 a 94 años;Defunciones;El Hierro;17
2017;Hombres;De 85 a 94 años;Defunciones;Canarias;1715
2017;Hombres;De 75 a 84 años;Defunciones;Tenerife;1088
2017;Hombres;De 75 a 84 años;Defunciones;Lanzarote;116
2017;Hombres;De 75 a 84 años;Defunciones;La Palma;135
2017;Hombres;De 75 a 84 años;Defunciones;La Gomera;30
2017;Hombres;De 75 a 84 años;Defunciones;Gran Canaria;1005
2017;Hombres;De 75 a 84 años;Defunciones;Fuerteventura;52
2017;Hombres;De 75 a 84 años;Defunciones;El Hierro;16
2017;Hombres;De 75 a 84 años;Defunciones;Canarias;2442
2017;Hombres;De 65 a 74 años;Defunciones;Tenerife;742
2017;Hombres;De 65 a 74 años;Defunciones;Lanzarote;87
2017;Hombres;De 65 a 74 años;Defunciones;La Palma;75
2017;Hombres;De 65 a 74 años;Defunciones;La Gomera;18
2017;Hombres;De 65 a 74 años;Defunciones;Gran Canaria;759
2017;Hombres;De 65 a 74 años;Defunciones;Fuerteventura;58
2017;Hombres;De 65 a 74 años;Defunciones;El Hierro;13
2017;Hombres;De 65 a 74 años;Defunciones;Canarias;1752
2017;Hombres;De 5 a 14 años;Defunciones;Tenerife;3
2017;Hombres;De 5 a 14 años;Defunciones;Lanzarote;0
2017;Hombres;De 5 a 14 años;Defunciones;La Palma;0
2017;Hombres;De 5 a 14 años;Defunciones;La Gomera;0
2017;Hombres;De 5 a 14 años;Defunciones;Gran Canaria;2
2017;Hombres;De 5 a 14 años;Defunciones;Fuerteventura;0
2017;Hombres;De 5 a 14 años;Defunciones;El Hierro;0
2017;Hombres;De 5 a 14 años;Defunciones;Canarias;5
2017;Hombres;De 55 a 64 años;Defunciones;Tenerife;461
2017;Hombres;De 55 a 64 años;Defunciones;Lanzarote;66
2017;Hombres;De 55 a 64 años;Defunciones;La Palma;49
2017;Hombres;De 55 a 64 años;Defunciones;La Gomera;14
2017;Hombres;De 55 a 64 años;Defunciones;Gran Canaria;419
2017;Hombres;De 55 a 64 años;Defunciones;Fuerteventura;45
2017;Hombres;De 55 a 64 años;Defunciones;El Hierro;0
2017;Hombres;De 55 a 64 años;Defunciones;Canarias;1054
2017;Hombres;De 45 a 54 años;Defunciones;Tenerife;254
2017;Hombres;De 45 a 54 años;Defunciones;Lanzarote;39
2017;Hombres;De 45 a 54 años;Defunciones;La Palma;23
2017;Hombres;De 45 a 54 años;Defunciones;La Gomera;6
2017;Hombres;De 45 a 54 años;Defunciones;Gran Canaria;230
2017;Hombres;De 45 a 54 años;Defunciones;Fuerteventura;25
2017;Hombres;De 45 a 54 años;Defunciones;El Hierro;2
2017;Hombres;De 45 a 54 años;Defunciones;Canarias;579
2017;Hombres;De 35 a 44 años;Defunciones;Tenerife;87
2017;Hombres;De 35 a 44 años;Defunciones;Lanzarote;18
2017;Hombres;De 35 a 44 años;Defunciones;La Palma;6
2017;Hombres;De 35 a 44 años;Defunciones;La Gomera;0
2017;Hombres;De 35 a 44 años;Defunciones;Gran Canaria;80
2017;Hombres;De 35 a 44 años;Defunciones;Fuerteventura;12
2017;Hombres;De 35 a 44 años;Defunciones;El Hierro;0
2017;Hombres;De 35 a 44 años;Defunciones;Canarias;203
2017;Hombres;De 25 a 34 años;Defunciones;Tenerife;29
2017;Hombres;De 25 a 34 años;Defunciones;Lanzarote;6
2017;Hombres;De 25 a 34 años;Defunciones;La Palma;3
2017;Hombres;De 25 a 34 años;Defunciones;La Gomera;1
2017;Hombres;De 25 a 34 años;Defunciones;Gran Canaria;34
2017;Hombres;De 25 a 34 años;Defunciones;Fuerteventura;6
2017;Hombres;De 25 a 34 años;Defunciones;El Hierro;0
2017;Hombres;De 25 a 34 años;Defunciones;Canarias;79
2017;Hombres;De 1 a 4 años;Defunciones;Tenerife;0
2017;Hombres;De 1 a 4 años;Defunciones;Lanzarote;0
2017;Hombres;De 1 a 4 años;Defunciones;La Palma;0
2017;Hombres;De 1 a 4 años;Defunciones;La Gomera;0
2017;Hombres;De 1 a 4 años;Defunciones;Gran Canaria;1
2017;Hombres;De 1 a 4 años;Defunciones;Fuerteventura;0
2017;Hombres;De 1 a 4 años;Defunciones;El Hierro;0
2017;Hombres;De 1 a 4 años;Defunciones;Canarias;1
2017;Hombres;De 15 a 24 años;Defunciones;Tenerife;16
2017;Hombres;De 15 a 24 años;Defunciones;Lanzarote;0
2017;Hombres;De 15 a 24 años;Defunciones;La Palma;1
2017;Hombres;De 15 a 24 años;Defunciones;La Gomera;0
2017;Hombres;De 15 a 24 años;Defunciones;Gran Canaria;10
2017;Hombres;De 15 a 24 años;Defunciones;Fuerteventura;4
2017;Hombres;De 15 a 24 años;Defunciones;El Hierro;0
2017;Hombres;De 15 a 24 años;Defunciones;Canarias;31
2017;Hombres;Total;Defunciones;Tenerife;3512
2017;Hombres;Total;Defunciones;Lanzarote;423
2017;Hombres;Total;Defunciones;La Palma;402
2017;Hombres;Total;Defunciones;La Gomera;96
2017;Hombres;Total;Defunciones;Gran Canaria;3364
2017;Hombres;Total;Defunciones;Fuerteventura;254
2017;Hombres;Total;Defunciones;El Hierro;51
2017;Hombres;Total;Defunciones;Canarias;8102
2017;Hombres;Menos de 7 días;Defunciones;Tenerife;9
2017;Hombres;Menos de 7 días;Defunciones;Lanzarote;1
2017;Hombres;Menos de 7 días;Defunciones;La Palma;0
2017;Hombres;Menos de 7 días;Defunciones;La Gomera;0
2017;Hombres;Menos de 7 días;Defunciones;Gran Canaria;2
2017;Hombres;Menos de 7 días;Defunciones;Fuerteventura;0
2017;Hombres;Menos de 7 días;Defunciones;El Hierro;0
2017;Hombres;Menos de 7 días;Defunciones;Canarias;12
2017;Hombres;De 7 a 27 días;Defunciones;Tenerife;2
2017;Hombres;De 7 a 27 días;Defunciones;Lanzarote;0
2017;Hombres;De 7 a 27 días;Defunciones;La Palma;1
2017;Hombres;De 7 a 27 días;Defunciones;La Gomera;0
2017;Hombres;De 7 a 27 días;Defunciones;Gran Canaria;6
2017;Hombres;De 7 a 27 días;Defunciones;Fuerteventura;0
2017;Hombres;De 7 a 27 días;Defunciones;El Hierro;0
2017;Hombres;De 7 a 27 días;Defunciones;Canarias;9
2017;Hombres;De 28 días a menos de 1 año;Defunciones;Tenerife;2
2017;Hombres;De 28 días a menos de 1 año;Defunciones;Lanzarote;2
2017;Hombres;De 28 días a menos de 1 año;Defunciones;La Palma;0
2017;Hombres;De 28 días a menos de 1 año;Defunciones;La Gomera;0
2017;Hombres;De 28 días a menos de 1 año;Defunciones;Gran Canaria;5
2017;Hombres;De 28 días a menos de 1 año;Defunciones;Fuerteventura;0
2017;Hombres;De 28 días a menos de 1 año;Defunciones;El Hierro;0
2017;Hombres;De 28 días a menos de 1 año;Defunciones;Canarias;9
2017;Mujeres;Menor de 1 año;Defunciones;Tenerife;6
2017;Mujeres;Menor de 1 año;Defunciones;Lanzarote;2
2017;Mujeres;Menor de 1 año;Defunciones;La Palma;1
2017;Mujeres;Menor de 1 año;Defunciones;La Gomera;0
2017;Mujeres;Menor de 1 año;Defunciones;Gran Canaria;9
2017;Mujeres;Menor de 1 año;Defunciones;Fuerteventura;0
2017;Mujeres;Menor de 1 año;Defunciones;El Hierro;0
2017;Mujeres;Menor de 1 año;Defunciones;Canarias;18
2017;Mujeres;95 años o más;Defunciones;Tenerife;222
2017;Mujeres;95 años o más;Defunciones;Lanzarote;22
2017;Mujeres;95 años o más;Defunciones;La Palma;48
2017;Mujeres;95 años o más;Defunciones;La Gomera;16
2017;Mujeres;95 años o más;Defunciones;Gran Canaria;201
2017;Mujeres;95 años o más;Defunciones;Fuerteventura;11
2017;Mujeres;95 años o más;Defunciones;El Hierro;6
2017;Mujeres;95 años o más;Defunciones;Canarias;526
2017;Mujeres;De 85 a 94 años;Defunciones;Tenerife;1211
2017;Mujeres;De 85 a 94 años;Defunciones;Lanzarote;98
2017;Mujeres;De 85 a 94 años;Defunciones;La Palma;174
2017;Mujeres;De 85 a 94 años;Defunciones;La Gomera;43
2017;Mujeres;De 85 a 94 años;Defunciones;Gran Canaria;1022
2017;Mujeres;De 85 a 94 años;Defunciones;Fuerteventura;59
2017;Mujeres;De 85 a 94 años;Defunciones;El Hierro;24
2017;Mujeres;De 85 a 94 años;Defunciones;Canarias;2631
2017;Mujeres;De 75 a 84 años;Defunciones;Tenerife;882
2017;Mujeres;De 75 a 84 años;Defunciones;Lanzarote;88
2017;Mujeres;De 75 a 84 años;Defunciones;La Palma;90
2017;Mujeres;De 75 a 84 años;Defunciones;La Gomera;19
2017;Mujeres;De 75 a 84 años;Defunciones;Gran Canaria;892
2017;Mujeres;De 75 a 84 años;Defunciones;Fuerteventura;55
2017;Mujeres;De 75 a 84 años;Defunciones;El Hierro;15
2017;Mujeres;De 75 a 84 años;Defunciones;Canarias;2041
2017;Mujeres;De 65 a 74 años;Defunciones;Tenerife;394
2017;Mujeres;De 65 a 74 años;Defunciones;Lanzarote;43
2017;Mujeres;De 65 a 74 años;Defunciones;La Palma;39
2017;Mujeres;De 65 a 74 años;Defunciones;La Gomera;8
2017;Mujeres;De 65 a 74 años;Defunciones;Gran Canaria;382
2017;Mujeres;De 65 a 74 años;Defunciones;Fuerteventura;28
2017;Mujeres;De 65 a 74 años;Defunciones;El Hierro;1
2017;Mujeres;De 65 a 74 años;Defunciones;Canarias;895
2017;Mujeres;De 5 a 14 años;Defunciones;Tenerife;2
2017;Mujeres;De 5 a 14 años;Defunciones;Lanzarote;2
2017;Mujeres;De 5 a 14 años;Defunciones;La Palma;0
2017;Mujeres;De 5 a 14 años;Defunciones;La Gomera;0
2017;Mujeres;De 5 a 14 años;Defunciones;Gran Canaria;5
2017;Mujeres;De 5 a 14 años;Defunciones;Fuerteventura;1
2017;Mujeres;De 5 a 14 años;Defunciones;El Hierro;0
2017;Mujeres;De 5 a 14 años;Defunciones;Canarias;10
2017;Mujeres;De 55 a 64 años;Defunciones;Tenerife;238
2017;Mujeres;De 55 a 64 años;Defunciones;Lanzarote;31
2017;Mujeres;De 55 a 64 años;Defunciones;La Palma;29
2017;Mujeres;De 55 a 64 años;Defunciones;La Gomera;3
2017;Mujeres;De 55 a 64 años;Defunciones;Gran Canaria;249
2017;Mujeres;De 55 a 64 años;Defunciones;Fuerteventura;25
2017;Mujeres;De 55 a 64 años;Defunciones;El Hierro;1
2017;Mujeres;De 55 a 64 años;Defunciones;Canarias;576
2017;Mujeres;De 45 a 54 años;Defunciones;Tenerife;123
2017;Mujeres;De 45 a 54 años;Defunciones;Lanzarote;17
2017;Mujeres;De 45 a 54 años;Defunciones;La Palma;8
2017;Mujeres;De 45 a 54 años;Defunciones;La Gomera;2
2017;Mujeres;De 45 a 54 años;Defunciones;Gran Canaria;123
2017;Mujeres;De 45 a 54 años;Defunciones;Fuerteventura;11
2017;Mujeres;De 45 a 54 años;Defunciones;El Hierro;1
2017;Mujeres;De 45 a 54 años;Defunciones;Canarias;285
2017;Mujeres;De 35 a 44 años;Defunciones;Tenerife;51
2017;Mujeres;De 35 a 44 años;Defunciones;Lanzarote;6
2017;Mujeres;De 35 a 44 años;Defunciones;La Palma;5
2017;Mujeres;De 35 a 44 años;Defunciones;La Gomera;0
2017;Mujeres;De 35 a 44 años;Defunciones;Gran Canaria;41
2017;Mujeres;De 35 a 44 años;Defunciones;Fuerteventura;8
2017;Mujeres;De 35 a 44 años;Defunciones;El Hierro;0
2017;Mujeres;De 35 a 44 años;Defunciones;Canarias;111
2017;Mujeres;De 25 a 34 años;Defunciones;Tenerife;15
2017;Mujeres;De 25 a 34 años;Defunciones;Lanzarote;1
2017;Mujeres;De 25 a 34 años;Defunciones;La Palma;0
2017;Mujeres;De 25 a 34 años;Defunciones;La Gomera;2
2017;Mujeres;De 25 a 34 años;Defunciones;Gran Canaria;19
2017;Mujeres;De 25 a 34 años;Defunciones;Fuerteventura;1
2017;Mujeres;De 25 a 34 años;Defunciones;El Hierro;0
2017;Mujeres;De 25 a 34 años;Defunciones;Canarias;38
2017;Mujeres;De 1 a 4 años;Defunciones;Tenerife;1
2017;Mujeres;De 1 a 4 años;Defunciones;Lanzarote;0
2017;Mujeres;De 1 a 4 años;Defunciones;La Palma;0
2017;Mujeres;De 1 a 4 años;Defunciones;La Gomera;0
2017;Mujeres;De 1 a 4 años;Defunciones;Gran Canaria;2
2017;Mujeres;De 1 a 4 años;Defunciones;Fuerteventura;0
2017;Mujeres;De 1 a 4 años;Defunciones;El Hierro;0
2017;Mujeres;De 1 a 4 años;Defunciones;Canarias;3
2017;Mujeres;De 15 a 24 años;Defunciones;Tenerife;9
2017;Mujeres;De 15 a 24 años;Defunciones;Lanzarote;2
2017;Mujeres;De 15 a 24 años;Defunciones;La Palma;1
2017;Mujeres;De 15 a 24 años;Defunciones;La Gomera;0
2017;Mujeres;De 15 a 24 años;Defunciones;Gran Canaria;4
2017;Mujeres;De 15 a 24 años;Defunciones;Fuerteventura;2
2017;Mujeres;De 15 a 24 años;Defunciones;El Hierro;0
2017;Mujeres;De 15 a 24 años;Defunciones;Canarias;18
2017;Mujeres;Total;Defunciones;Tenerife;3154
2017;Mujeres;Total;Defunciones;Lanzarote;312
2017;Mujeres;Total;Defunciones;La Palma;395
2017;Mujeres;Total;Defunciones;La Gomera;93
2017;Mujeres;Total;Defunciones;Gran Canaria;2949
2017;Mujeres;Total;Defunciones;Fuerteventura;201
2017;Mujeres;Total;Defunciones;El Hierro;48
2017;Mujeres;Total;Defunciones;Canarias;7152
2017;Mujeres;Menos de 7 días;Defunciones;Tenerife;4
2017;Mujeres;Menos de 7 días;Defunciones;Lanzarote;0
2017;Mujeres;Menos de 7 días;Defunciones;La Palma;1
2017;Mujeres;Menos de 7 días;Defunciones;La Gomera;0
2017;Mujeres;Menos de 7 días;Defunciones;Gran Canaria;3
2017;Mujeres;Menos de 7 días;Defunciones;Fuerteventura;0
2017;Mujeres;Menos de 7 días;Defunciones;El Hierro;0
2017;Mujeres;Menos de 7 días;Defunciones;Canarias;8
2017;Mujeres;De 7 a 27 días;Defunciones;Tenerife;2
2017;Mujeres;De 7 a 27 días;Defunciones;Lanzarote;1
2017;Mujeres;De 7 a 27 días;Defunciones;La Palma;0
2017;Mujeres;De 7 a 27 días;Defunciones;La Gomera;0
2017;Mujeres;De 7 a 27 días;Defunciones;Gran Canaria;3
2017;Mujeres;De 7 a 27 días;Defunciones;Fuerteventura;0
2017;Mujeres;De 7 a 27 días;Defunciones;El Hierro;0
2017;Mujeres;De 7 a 27 días;Defunciones;Canarias;6
2017;Mujeres;De 28 días a menos de 1 año;Defunciones;Tenerife;0
2017;Mujeres;De 28 días a menos de 1 año;Defunciones;Lanzarote;1
2017;Mujeres;De 28 días a menos de 1 año;Defunciones;La Palma;0
2017;Mujeres;De 28 días a menos de 1 año;Defunciones;La Gomera;0
2017;Mujeres;De 28 días a menos de 1 año;Defunciones;Gran Canaria;3
2017;Mujeres;De 28 días a menos de 1 año;Defunciones;Fuerteventura;0
2017;Mujeres;De 28 días a menos de 1 año;Defunciones;El Hierro;0
2017;Mujeres;De 28 días a menos de 1 año;Defunciones;Canarias;4
2018;Total;Menor de 1 año;Defunciones;Tenerife;28
2018;Total;Menor de 1 año;Defunciones;Lanzarote;3
2018;Total;Menor de 1 año;Defunciones;La Palma;1
2018;Total;Menor de 1 año;Defunciones;La Gomera;0
2018;Total;Menor de 1 año;Defunciones;Gran Canaria;27
2018;Total;Menor de 1 año;Defunciones;Fuerteventura;2
2018;Total;Menor de 1 año;Defunciones;El Hierro;0
2018;Total;Menor de 1 año;Defunciones;Canarias;61
2018;Total;95 años o más;Defunciones;Tenerife;330
2018;Total;95 años o más;Defunciones;Lanzarote;48
2018;Total;95 años o más;Defunciones;La Palma;57
2018;Total;95 años o más;Defunciones;La Gomera;16
2018;Total;95 años o más;Defunciones;Gran Canaria;332
2018;Total;95 años o más;Defunciones;Fuerteventura;15
2018;Total;95 años o más;Defunciones;El Hierro;9
2018;Total;95 años o más;Defunciones;Canarias;807
2018;Total;De 85 a 94 años;Defunciones;Tenerife;2149
2018;Total;De 85 a 94 años;Defunciones;Lanzarote;176
2018;Total;De 85 a 94 años;Defunciones;La Palma;304
2018;Total;De 85 a 94 años;Defunciones;La Gomera;94
2018;Total;De 85 a 94 años;Defunciones;Gran Canaria;2005
2018;Total;De 85 a 94 años;Defunciones;Fuerteventura;92
2018;Total;De 85 a 94 años;Defunciones;El Hierro;35
2018;Total;De 85 a 94 años;Defunciones;Canarias;4855
2018;Total;De 75 a 84 años;Defunciones;Tenerife;2042
2018;Total;De 75 a 84 años;Defunciones;Lanzarote;191
2018;Total;De 75 a 84 años;Defunciones;La Palma;244
2018;Total;De 75 a 84 años;Defunciones;La Gomera;70
2018;Total;De 75 a 84 años;Defunciones;Gran Canaria;2019
2018;Total;De 75 a 84 años;Defunciones;Fuerteventura;118
2018;Total;De 75 a 84 años;Defunciones;El Hierro;19
2018;Total;De 75 a 84 años;Defunciones;Canarias;4703
2018;Total;De 65 a 74 años;Defunciones;Tenerife;1231
2018;Total;De 65 a 74 años;Defunciones;Lanzarote;126
2018;Total;De 65 a 74 años;Defunciones;La Palma;119
2018;Total;De 65 a 74 años;Defunciones;La Gomera;32
2018;Total;De 65 a 74 años;Defunciones;Gran Canaria;1110
2018;Total;De 65 a 74 años;Defunciones;Fuerteventura;104
2018;Total;De 65 a 74 años;Defunciones;El Hierro;9
2018;Total;De 65 a 74 años;Defunciones;Canarias;2731
2018;Total;De 5 a 14 años;Defunciones;Tenerife;5
2018;Total;De 5 a 14 años;Defunciones;Lanzarote;0
2018;Total;De 5 a 14 años;Defunciones;La Palma;1
2018;Total;De 5 a 14 años;Defunciones;La Gomera;0
2018;Total;De 5 a 14 años;Defunciones;Gran Canaria;4
2018;Total;De 5 a 14 años;Defunciones;Fuerteventura;1
2018;Total;De 5 a 14 años;Defunciones;El Hierro;0
2018;Total;De 5 a 14 años;Defunciones;Canarias;11
2018;Total;De 55 a 64 años;Defunciones;Tenerife;735
2018;Total;De 55 a 64 años;Defunciones;Lanzarote;118
2018;Total;De 55 a 64 años;Defunciones;La Palma;73
2018;Total;De 55 a 64 años;Defunciones;La Gomera;23
2018;Total;De 55 a 64 años;Defunciones;Gran Canaria;759
2018;Total;De 55 a 64 años;Defunciones;Fuerteventura;72
2018;Total;De 55 a 64 años;Defunciones;El Hierro;5
2018;Total;De 55 a 64 años;Defunciones;Canarias;1785
2018;Total;De 45 a 54 años;Defunciones;Tenerife;353
2018;Total;De 45 a 54 años;Defunciones;Lanzarote;60
2018;Total;De 45 a 54 años;Defunciones;La Palma;44
2018;Total;De 45 a 54 años;Defunciones;La Gomera;9
2018;Total;De 45 a 54 años;Defunciones;Gran Canaria;396
2018;Total;De 45 a 54 años;Defunciones;Fuerteventura;41
2018;Total;De 45 a 54 años;Defunciones;El Hierro;6
2018;Total;De 45 a 54 años;Defunciones;Canarias;909
2018;Total;De 35 a 44 años;Defunciones;Tenerife;135
2018;Total;De 35 a 44 años;Defunciones;Lanzarote;23
2018;Total;De 35 a 44 años;Defunciones;La Palma;8
2018;Total;De 35 a 44 años;Defunciones;La Gomera;2
2018;Total;De 35 a 44 años;Defunciones;Gran Canaria;117
2018;Total;De 35 a 44 años;Defunciones;Fuerteventura;11
2018;Total;De 35 a 44 años;Defunciones;El Hierro;0
2018;Total;De 35 a 44 años;Defunciones;Canarias;296
2018;Total;De 25 a 34 años;Defunciones;Tenerife;36
2018;Total;De 25 a 34 años;Defunciones;Lanzarote;9
2018;Total;De 25 a 34 años;Defunciones;La Palma;3
2018;Total;De 25 a 34 años;Defunciones;La Gomera;0
2018;Total;De 25 a 34 años;Defunciones;Gran Canaria;37
2018;Total;De 25 a 34 años;Defunciones;Fuerteventura;8
2018;Total;De 25 a 34 años;Defunciones;El Hierro;0
2018;Total;De 25 a 34 años;Defunciones;Canarias;93
2018;Total;De 1 a 4 años;Defunciones;Tenerife;11
2018;Total;De 1 a 4 años;Defunciones;Lanzarote;0
2018;Total;De 1 a 4 años;Defunciones;La Palma;0
2018;Total;De 1 a 4 años;Defunciones;La Gomera;0
2018;Total;De 1 a 4 años;Defunciones;Gran Canaria;4
2018;Total;De 1 a 4 años;Defunciones;Fuerteventura;0
2018;Total;De 1 a 4 años;Defunciones;El Hierro;0
2018;Total;De 1 a 4 años;Defunciones;Canarias;15
2018;Total;De 15 a 24 años;Defunciones;Tenerife;14
2018;Total;De 15 a 24 años;Defunciones;Lanzarote;3
2018;Total;De 15 a 24 años;Defunciones;La Palma;2
2018;Total;De 15 a 24 años;Defunciones;La Gomera;0
2018;Total;De 15 a 24 años;Defunciones;Gran Canaria;17
2018;Total;De 15 a 24 años;Defunciones;Fuerteventura;8
2018;Total;De 15 a 24 años;Defunciones;El Hierro;0
2018;Total;De 15 a 24 años;Defunciones;Canarias;44
2018;Total;Total;Defunciones;Tenerife;7069
2018;Total;Total;Defunciones;Lanzarote;757
2018;Total;Total;Defunciones;La Palma;856
2018;Total;Total;Defunciones;La Gomera;246
2018;Total;Total;Defunciones;Gran Canaria;6827
2018;Total;Total;Defunciones;Fuerteventura;472
2018;Total;Total;Defunciones;El Hierro;83
2018;Total;Total;Defunciones;Canarias;16310
2018;Total;Menos de 7 días;Defunciones;Tenerife;17
2018;Total;Menos de 7 días;Defunciones;Lanzarote;1
2018;Total;Menos de 7 días;Defunciones;La Palma;0
2018;Total;Menos de 7 días;Defunciones;La Gomera;0
2018;Total;Menos de 7 días;Defunciones;Gran Canaria;16
2018;Total;Menos de 7 días;Defunciones;Fuerteventura;1
2018;Total;Menos de 7 días;Defunciones;El Hierro;0
2018;Total;Menos de 7 días;Defunciones;Canarias;35
2018;Total;De 7 a 27 días;Defunciones;Tenerife;5
2018;Total;De 7 a 27 días;Defunciones;Lanzarote;1
2018;Total;De 7 a 27 días;Defunciones;La Palma;0
2018;Total;De 7 a 27 días;Defunciones;La Gomera;0
2018;Total;De 7 a 27 días;Defunciones;Gran Canaria;6
2018;Total;De 7 a 27 días;Defunciones;Fuerteventura;0
2018;Total;De 7 a 27 días;Defunciones;El Hierro;0
2018;Total;De 7 a 27 días;Defunciones;Canarias;12
2018;Total;De 28 días a menos de 1 año;Defunciones;Tenerife;6
2018;Total;De 28 días a menos de 1 año;Defunciones;Lanzarote;1
2018;Total;De 28 días a menos de 1 año;Defunciones;La Palma;1
2018;Total;De 28 días a menos de 1 año;Defunciones;La Gomera;0
2018;Total;De 28 días a menos de 1 año;Defunciones;Gran Canaria;5
2018;Total;De 28 días a menos de 1 año;Defunciones;Fuerteventura;1
2018;Total;De 28 días a menos de 1 año;Defunciones;El Hierro;0
2018;Total;De 28 días a menos de 1 año;Defunciones;Canarias;14
2018;Hombres;Menor de 1 año;Defunciones;Tenerife;13
2018;Hombres;Menor de 1 año;Defunciones;Lanzarote;1
2018;Hombres;Menor de 1 año;Defunciones;La Palma;0
2018;Hombres;Menor de 1 año;Defunciones;La Gomera;0
2018;Hombres;Menor de 1 año;Defunciones;Gran Canaria;18
2018;Hombres;Menor de 1 año;Defunciones;Fuerteventura;1
2018;Hombres;Menor de 1 año;Defunciones;El Hierro;0
2018;Hombres;Menor de 1 año;Defunciones;Canarias;33
2018;Hombres;95 años o más;Defunciones;Tenerife;92
2018;Hombres;95 años o más;Defunciones;Lanzarote;14
2018;Hombres;95 años o más;Defunciones;La Palma;21
2018;Hombres;95 años o más;Defunciones;La Gomera;3
2018;Hombres;95 años o más;Defunciones;Gran Canaria;84
2018;Hombres;95 años o más;Defunciones;Fuerteventura;5
2018;Hombres;95 años o más;Defunciones;El Hierro;2
2018;Hombres;95 años o más;Defunciones;Canarias;221
2018;Hombres;De 85 a 94 años;Defunciones;Tenerife;849
2018;Hombres;De 85 a 94 años;Defunciones;Lanzarote;71
2018;Hombres;De 85 a 94 años;Defunciones;La Palma;106
2018;Hombres;De 85 a 94 años;Defunciones;La Gomera;39
2018;Hombres;De 85 a 94 años;Defunciones;Gran Canaria;842
2018;Hombres;De 85 a 94 años;Defunciones;Fuerteventura;38
2018;Hombres;De 85 a 94 años;Defunciones;El Hierro;9
2018;Hombres;De 85 a 94 años;Defunciones;Canarias;1954
2018;Hombres;De 75 a 84 años;Defunciones;Tenerife;1112
2018;Hombres;De 75 a 84 años;Defunciones;Lanzarote;109
2018;Hombres;De 75 a 84 años;Defunciones;La Palma;128
2018;Hombres;De 75 a 84 años;Defunciones;La Gomera;45
2018;Hombres;De 75 a 84 años;Defunciones;Gran Canaria;1119
2018;Hombres;De 75 a 84 años;Defunciones;Fuerteventura;78
2018;Hombres;De 75 a 84 años;Defunciones;El Hierro;13
2018;Hombres;De 75 a 84 años;Defunciones;Canarias;2604
2018;Hombres;De 65 a 74 años;Defunciones;Tenerife;809
2018;Hombres;De 65 a 74 años;Defunciones;Lanzarote;77
2018;Hombres;De 65 a 74 años;Defunciones;La Palma;71
2018;Hombres;De 65 a 74 años;Defunciones;La Gomera;25
2018;Hombres;De 65 a 74 años;Defunciones;Gran Canaria;722
2018;Hombres;De 65 a 74 años;Defunciones;Fuerteventura;67
2018;Hombres;De 65 a 74 años;Defunciones;El Hierro;9
2018;Hombres;De 65 a 74 años;Defunciones;Canarias;1780
2018;Hombres;De 5 a 14 años;Defunciones;Tenerife;3
2018;Hombres;De 5 a 14 años;Defunciones;Lanzarote;0
2018;Hombres;De 5 a 14 años;Defunciones;La Palma;0
2018;Hombres;De 5 a 14 años;Defunciones;La Gomera;0
2018;Hombres;De 5 a 14 años;Defunciones;Gran Canaria;3
2018;Hombres;De 5 a 14 años;Defunciones;Fuerteventura;1
2018;Hombres;De 5 a 14 años;Defunciones;El Hierro;0
2018;Hombres;De 5 a 14 años;Defunciones;Canarias;7
2018;Hombres;De 55 a 64 años;Defunciones;Tenerife;498
2018;Hombres;De 55 a 64 años;Defunciones;Lanzarote;85
2018;Hombres;De 55 a 64 años;Defunciones;La Palma;55
2018;Hombres;De 55 a 64 años;Defunciones;La Gomera;16
2018;Hombres;De 55 a 64 años;Defunciones;Gran Canaria;492
2018;Hombres;De 55 a 64 años;Defunciones;Fuerteventura;55
2018;Hombres;De 55 a 64 años;Defunciones;El Hierro;5
2018;Hombres;De 55 a 64 años;Defunciones;Canarias;1206
2018;Hombres;De 45 a 54 años;Defunciones;Tenerife;228
2018;Hombres;De 45 a 54 años;Defunciones;Lanzarote;46
2018;Hombres;De 45 a 54 años;Defunciones;La Palma;28
2018;Hombres;De 45 a 54 años;Defunciones;La Gomera;6
2018;Hombres;De 45 a 54 años;Defunciones;Gran Canaria;258
2018;Hombres;De 45 a 54 años;Defunciones;Fuerteventura;25
2018;Hombres;De 45 a 54 años;Defunciones;El Hierro;4
2018;Hombres;De 45 a 54 años;Defunciones;Canarias;595
2018;Hombres;De 35 a 44 años;Defunciones;Tenerife;94
2018;Hombres;De 35 a 44 años;Defunciones;Lanzarote;16
2018;Hombres;De 35 a 44 años;Defunciones;La Palma;6
2018;Hombres;De 35 a 44 años;Defunciones;La Gomera;1
2018;Hombres;De 35 a 44 años;Defunciones;Gran Canaria;85
2018;Hombres;De 35 a 44 años;Defunciones;Fuerteventura;6
2018;Hombres;De 35 a 44 años;Defunciones;El Hierro;0
2018;Hombres;De 35 a 44 años;Defunciones;Canarias;208
2018;Hombres;De 25 a 34 años;Defunciones;Tenerife;20
2018;Hombres;De 25 a 34 años;Defunciones;Lanzarote;7
2018;Hombres;De 25 a 34 años;Defunciones;La Palma;3
2018;Hombres;De 25 a 34 años;Defunciones;La Gomera;0
2018;Hombres;De 25 a 34 años;Defunciones;Gran Canaria;25
2018;Hombres;De 25 a 34 años;Defunciones;Fuerteventura;4
2018;Hombres;De 25 a 34 años;Defunciones;El Hierro;0
2018;Hombres;De 25 a 34 años;Defunciones;Canarias;59
2018;Hombres;De 1 a 4 años;Defunciones;Tenerife;7
2018;Hombres;De 1 a 4 años;Defunciones;Lanzarote;0
2018;Hombres;De 1 a 4 años;Defunciones;La Palma;0
2018;Hombres;De 1 a 4 años;Defunciones;La Gomera;0
2018;Hombres;De 1 a 4 años;Defunciones;Gran Canaria;4
2018;Hombres;De 1 a 4 años;Defunciones;Fuerteventura;0
2018;Hombres;De 1 a 4 años;Defunciones;El Hierro;0
2018;Hombres;De 1 a 4 años;Defunciones;Canarias;11
2018;Hombres;De 15 a 24 años;Defunciones;Tenerife;9
2018;Hombres;De 15 a 24 años;Defunciones;Lanzarote;2
2018;Hombres;De 15 a 24 años;Defunciones;La Palma;1
2018;Hombres;De 15 a 24 años;Defunciones;La Gomera;0
2018;Hombres;De 15 a 24 años;Defunciones;Gran Canaria;11
2018;Hombres;De 15 a 24 años;Defunciones;Fuerteventura;6
2018;Hombres;De 15 a 24 años;Defunciones;El Hierro;0
2018;Hombres;De 15 a 24 años;Defunciones;Canarias;29
2018;Hombres;Total;Defunciones;Tenerife;3734
2018;Hombres;Total;Defunciones;Lanzarote;428
2018;Hombres;Total;Defunciones;La Palma;419
2018;Hombres;Total;Defunciones;La Gomera;135
2018;Hombres;Total;Defunciones;Gran Canaria;3663
2018;Hombres;Total;Defunciones;Fuerteventura;286
2018;Hombres;Total;Defunciones;El Hierro;42
2018;Hombres;Total;Defunciones;Canarias;8707
2018;Hombres;Menos de 7 días;Defunciones;Tenerife;7
2018;Hombres;Menos de 7 días;Defunciones;Lanzarote;0
2018;Hombres;Menos de 7 días;Defunciones;La Palma;0
2018;Hombres;Menos de 7 días;Defunciones;La Gomera;0
2018;Hombres;Menos de 7 días;Defunciones;Gran Canaria;9
2018;Hombres;Menos de 7 días;Defunciones;Fuerteventura;0
2018;Hombres;Menos de 7 días;Defunciones;El Hierro;0
2018;Hombres;Menos de 7 días;Defunciones;Canarias;16
2018;Hombres;De 7 a 27 días;Defunciones;Tenerife;4
2018;Hombres;De 7 a 27 días;Defunciones;Lanzarote;0
2018;Hombres;De 7 a 27 días;Defunciones;La Palma;0
2018;Hombres;De 7 a 27 días;Defunciones;La Gomera;0
2018;Hombres;De 7 a 27 días;Defunciones;Gran Canaria;5
2018;Hombres;De 7 a 27 días;Defunciones;Fuerteventura;0
2018;Hombres;De 7 a 27 días;Defunciones;El Hierro;0
2018;Hombres;De 7 a 27 días;Defunciones;Canarias;9
2018;Hombres;De 28 días a menos de 1 año;Defunciones;Tenerife;2
2018;Hombres;De 28 días a menos de 1 año;Defunciones;Lanzarote;1
2018;Hombres;De 28 días a menos de 1 año;Defunciones;La Palma;0
2018;Hombres;De 28 días a menos de 1 año;Defunciones;La Gomera;0
2018;Hombres;De 28 días a menos de 1 año;Defunciones;Gran Canaria;4
2018;Hombres;De 28 días a menos de 1 año;Defunciones;Fuerteventura;1
2018;Hombres;De 28 días a menos de 1 año;Defunciones;El Hierro;0
2018;Hombres;De 28 días a menos de 1 año;Defunciones;Canarias;8
2018;Mujeres;Menor de 1 año;Defunciones;Tenerife;15
2018;Mujeres;Menor de 1 año;Defunciones;Lanzarote;2
2018;Mujeres;Menor de 1 año;Defunciones;La Palma;1
2018;Mujeres;Menor de 1 año;Defunciones;La Gomera;0
2018;Mujeres;Menor de 1 año;Defunciones;Gran Canaria;9
2018;Mujeres;Menor de 1 año;Defunciones;Fuerteventura;1
2018;Mujeres;Menor de 1 año;Defunciones;El Hierro;0
2018;Mujeres;Menor de 1 año;Defunciones;Canarias;28
2018;Mujeres;95 años o más;Defunciones;Tenerife;238
2018;Mujeres;95 años o más;Defunciones;Lanzarote;34
2018;Mujeres;95 años o más;Defunciones;La Palma;36
2018;Mujeres;95 años o más;Defunciones;La Gomera;13
2018;Mujeres;95 años o más;Defunciones;Gran Canaria;248
2018;Mujeres;95 años o más;Defunciones;Fuerteventura;10
2018;Mujeres;95 años o más;Defunciones;El Hierro;7
2018;Mujeres;95 años o más;Defunciones;Canarias;586
2018;Mujeres;De 85 a 94 años;Defunciones;Tenerife;1300
2018;Mujeres;De 85 a 94 años;Defunciones;Lanzarote;105
2018;Mujeres;De 85 a 94 años;Defunciones;La Palma;198
2018;Mujeres;De 85 a 94 años;Defunciones;La Gomera;55
2018;Mujeres;De 85 a 94 años;Defunciones;Gran Canaria;1163
2018;Mujeres;De 85 a 94 años;Defunciones;Fuerteventura;54
2018;Mujeres;De 85 a 94 años;Defunciones;El Hierro;26
2018;Mujeres;De 85 a 94 años;Defunciones;Canarias;2901
2018;Mujeres;De 75 a 84 años;Defunciones;Tenerife;930
2018;Mujeres;De 75 a 84 años;Defunciones;Lanzarote;82
2018;Mujeres;De 75 a 84 años;Defunciones;La Palma;116
2018;Mujeres;De 75 a 84 años;Defunciones;La Gomera;25
2018;Mujeres;De 75 a 84 años;Defunciones;Gran Canaria;900
2018;Mujeres;De 75 a 84 años;Defunciones;Fuerteventura;40
2018;Mujeres;De 75 a 84 años;Defunciones;El Hierro;6
2018;Mujeres;De 75 a 84 años;Defunciones;Canarias;2099
2018;Mujeres;De 65 a 74 años;Defunciones;Tenerife;422
2018;Mujeres;De 65 a 74 años;Defunciones;Lanzarote;49
2018;Mujeres;De 65 a 74 años;Defunciones;La Palma;48
2018;Mujeres;De 65 a 74 años;Defunciones;La Gomera;7
2018;Mujeres;De 65 a 74 años;Defunciones;Gran Canaria;388
2018;Mujeres;De 65 a 74 años;Defunciones;Fuerteventura;37
2018;Mujeres;De 65 a 74 años;Defunciones;El Hierro;0
2018;Mujeres;De 65 a 74 años;Defunciones;Canarias;951
2018;Mujeres;De 5 a 14 años;Defunciones;Tenerife;2
2018;Mujeres;De 5 a 14 años;Defunciones;Lanzarote;0
2018;Mujeres;De 5 a 14 años;Defunciones;La Palma;1
2018;Mujeres;De 5 a 14 años;Defunciones;La Gomera;0
2018;Mujeres;De 5 a 14 años;Defunciones;Gran Canaria;1
2018;Mujeres;De 5 a 14 años;Defunciones;Fuerteventura;0
2018;Mujeres;De 5 a 14 años;Defunciones;El Hierro;0
2018;Mujeres;De 5 a 14 años;Defunciones;Canarias;4
2018;Mujeres;De 55 a 64 años;Defunciones;Tenerife;237
2018;Mujeres;De 55 a 64 años;Defunciones;Lanzarote;33
2018;Mujeres;De 55 a 64 años;Defunciones;La Palma;18
2018;Mujeres;De 55 a 64 años;Defunciones;La Gomera;7
2018;Mujeres;De 55 a 64 años;Defunciones;Gran Canaria;267
2018;Mujeres;De 55 a 64 años;Defunciones;Fuerteventura;17
2018;Mujeres;De 55 a 64 años;Defunciones;El Hierro;0
2018;Mujeres;De 55 a 64 años;Defunciones;Canarias;579
2018;Mujeres;De 45 a 54 años;Defunciones;Tenerife;125
2018;Mujeres;De 45 a 54 años;Defunciones;Lanzarote;14
2018;Mujeres;De 45 a 54 años;Defunciones;La Palma;16
2018;Mujeres;De 45 a 54 años;Defunciones;La Gomera;3
2018;Mujeres;De 45 a 54 años;Defunciones;Gran Canaria;138
2018;Mujeres;De 45 a 54 años;Defunciones;Fuerteventura;16
2018;Mujeres;De 45 a 54 años;Defunciones;El Hierro;2
2018;Mujeres;De 45 a 54 años;Defunciones;Canarias;314
2018;Mujeres;De 35 a 44 años;Defunciones;Tenerife;41
2018;Mujeres;De 35 a 44 años;Defunciones;Lanzarote;7
2018;Mujeres;De 35 a 44 años;Defunciones;La Palma;2
2018;Mujeres;De 35 a 44 años;Defunciones;La Gomera;1
2018;Mujeres;De 35 a 44 años;Defunciones;Gran Canaria;32
2018;Mujeres;De 35 a 44 años;Defunciones;Fuerteventura;5
2018;Mujeres;De 35 a 44 años;Defunciones;El Hierro;0
2018;Mujeres;De 35 a 44 años;Defunciones;Canarias;88
2018;Mujeres;De 25 a 34 años;Defunciones;Tenerife;16
2018;Mujeres;De 25 a 34 años;Defunciones;Lanzarote;2
2018;Mujeres;De 25 a 34 años;Defunciones;La Palma;0
2018;Mujeres;De 25 a 34 años;Defunciones;La Gomera;0
2018;Mujeres;De 25 a 34 años;Defunciones;Gran Canaria;12
2018;Mujeres;De 25 a 34 años;Defunciones;Fuerteventura;4
2018;Mujeres;De 25 a 34 años;Defunciones;El Hierro;0
2018;Mujeres;De 25 a 34 años;Defunciones;Canarias;34
2018;Mujeres;De 1 a 4 años;Defunciones;Tenerife;4
2018;Mujeres;De 1 a 4 años;Defunciones;Lanzarote;0
2018;Mujeres;De 1 a 4 años;Defunciones;La Palma;0
2018;Mujeres;De 1 a 4 años;Defunciones;La Gomera;0
2018;Mujeres;De 1 a 4 años;Defunciones;Gran Canaria;0
2018;Mujeres;De 1 a 4 años;Defunciones;Fuerteventura;0
2018;Mujeres;De 1 a 4 años;Defunciones;El Hierro;0
2018;Mujeres;De 1 a 4 años;Defunciones;Canarias;4
2018;Mujeres;De 15 a 24 años;Defunciones;Tenerife;5
2018;Mujeres;De 15 a 24 años;Defunciones;Lanzarote;1
2018;Mujeres;De 15 a 24 años;Defunciones;La Palma;1
2018;Mujeres;De 15 a 24 años;Defunciones;La Gomera;0
2018;Mujeres;De 15 a 24 años;Defunciones;Gran Canaria;6
2018;Mujeres;De 15 a 24 años;Defunciones;Fuerteventura;2
2018;Mujeres;De 15 a 24 años;Defunciones;El Hierro;0
2018;Mujeres;De 15 a 24 años;Defunciones;Canarias;15
2018;Mujeres;Total;Defunciones;Tenerife;3335
2018;Mujeres;Total;Defunciones;Lanzarote;329
2018;Mujeres;Total;Defunciones;La Palma;437
2018;Mujeres;Total;Defunciones;La Gomera;111
2018;Mujeres;Total;Defunciones;Gran Canaria;3164
2018;Mujeres;Total;Defunciones;Fuerteventura;186
2018;Mujeres;Total;Defunciones;El Hierro;41
2018;Mujeres;Total;Defunciones;Canarias;7603
2018;Mujeres;Menos de 7 días;Defunciones;Tenerife;10
2018;Mujeres;Menos de 7 días;Defunciones;Lanzarote;1
2018;Mujeres;Menos de 7 días;Defunciones;La Palma;0
2018;Mujeres;Menos de 7 días;Defunciones;La Gomera;0
2018;Mujeres;Menos de 7 días;Defunciones;Gran Canaria;7
2018;Mujeres;Menos de 7 días;Defunciones;Fuerteventura;1
2018;Mujeres;Menos de 7 días;Defunciones;El Hierro;0
2018;Mujeres;Menos de 7 días;Defunciones;Canarias;19
2018;Mujeres;De 7 a 27 días;Defunciones;Tenerife;1
2018;Mujeres;De 7 a 27 días;Defunciones;Lanzarote;1
2018;Mujeres;De 7 a 27 días;Defunciones;La Palma;0
2018;Mujeres;De 7 a 27 días;Defunciones;La Gomera;0
2018;Mujeres;De 7 a 27 días;Defunciones;Gran Canaria;1
2018;Mujeres;De 7 a 27 días;Defunciones;Fuerteventura;0
2018;Mujeres;De 7 a 27 días;Defunciones;El Hierro;0
2018;Mujeres;De 7 a 27 días;Defunciones;Canarias;3
2018;Mujeres;De 28 días a menos de 1 año;Defunciones;Tenerife;4
2018;Mujeres;De 28 días a menos de 1 año;Defunciones;Lanzarote;0
2018;Mujeres;De 28 días a menos de 1 año;Defunciones;La Palma;1
2018;Mujeres;De 28 días a menos de 1 año;Defunciones;La Gomera;0
2018;Mujeres;De 28 días a menos de 1 año;Defunciones;Gran Canaria;1
2018;Mujeres;De 28 días a menos de 1 año;Defunciones;Fuerteventura;0
2018;Mujeres;De 28 días a menos de 1 año;Defunciones;El Hierro;0
2018;Mujeres;De 28 días a menos de 1 año;Defunciones;Canarias;6
2019;Total;Menor de 1 año;Defunciones;Tenerife;22
2019;Total;Menor de 1 año;Defunciones;Lanzarote;0
2019;Total;Menor de 1 año;Defunciones;La Palma;1
2019;Total;Menor de 1 año;Defunciones;La Gomera;0
2019;Total;Menor de 1 año;Defunciones;Gran Canaria;14
2019;Total;Menor de 1 año;Defunciones;Fuerteventura;1
2019;Total;Menor de 1 año;Defunciones;El Hierro;0
2019;Total;Menor de 1 año;Defunciones;Canarias;38
2019;Total;95 años o más;Defunciones;Tenerife;346
2019;Total;95 años o más;Defunciones;Lanzarote;35
2019;Total;95 años o más;Defunciones;La Palma;52
2019;Total;95 años o más;Defunciones;La Gomera;17
2019;Total;95 años o más;Defunciones;Gran Canaria;304
2019;Total;95 años o más;Defunciones;Fuerteventura;24
2019;Total;95 años o más;Defunciones;El Hierro;11
2019;Total;95 años o más;Defunciones;Canarias;789
2019;Total;De 85 a 94 años;Defunciones;Tenerife;2062
2019;Total;De 85 a 94 años;Defunciones;Lanzarote;185
2019;Total;De 85 a 94 años;Defunciones;La Palma;263
2019;Total;De 85 a 94 años;Defunciones;La Gomera;74
2019;Total;De 85 a 94 años;Defunciones;Gran Canaria;2006
2019;Total;De 85 a 94 años;Defunciones;Fuerteventura;100
2019;Total;De 85 a 94 años;Defunciones;El Hierro;39
2019;Total;De 85 a 94 años;Defunciones;Canarias;4729
2019;Total;De 75 a 84 años;Defunciones;Tenerife;1858
2019;Total;De 75 a 84 años;Defunciones;Lanzarote;203
2019;Total;De 75 a 84 años;Defunciones;La Palma;235
2019;Total;De 75 a 84 años;Defunciones;La Gomera;47
2019;Total;De 75 a 84 años;Defunciones;Gran Canaria;1889
2019;Total;De 75 a 84 años;Defunciones;Fuerteventura;109
2019;Total;De 75 a 84 años;Defunciones;El Hierro;25
2019;Total;De 75 a 84 años;Defunciones;Canarias;4366
2019;Total;De 65 a 74 años;Defunciones;Tenerife;1212
2019;Total;De 65 a 74 años;Defunciones;Lanzarote;142
2019;Total;De 65 a 74 años;Defunciones;La Palma;125
2019;Total;De 65 a 74 años;Defunciones;La Gomera;27
2019;Total;De 65 a 74 años;Defunciones;Gran Canaria;1110
2019;Total;De 65 a 74 años;Defunciones;Fuerteventura;101
2019;Total;De 65 a 74 años;Defunciones;El Hierro;15
2019;Total;De 65 a 74 años;Defunciones;Canarias;2732
2019;Total;De 5 a 14 años;Defunciones;Tenerife;8
2019;Total;De 5 a 14 años;Defunciones;Lanzarote;3
2019;Total;De 5 a 14 años;Defunciones;La Palma;1
2019;Total;De 5 a 14 años;Defunciones;La Gomera;0
2019;Total;De 5 a 14 años;Defunciones;Gran Canaria;12
2019;Total;De 5 a 14 años;Defunciones;Fuerteventura;2
2019;Total;De 5 a 14 años;Defunciones;El Hierro;0
2019;Total;De 5 a 14 años;Defunciones;Canarias;26
2019;Total;De 55 a 64 años;Defunciones;Tenerife;778
2019;Total;De 55 a 64 años;Defunciones;Lanzarote;110
2019;Total;De 55 a 64 años;Defunciones;La Palma;70
2019;Total;De 55 a 64 años;Defunciones;La Gomera;21
2019;Total;De 55 a 64 años;Defunciones;Gran Canaria;737
2019;Total;De 55 a 64 años;Defunciones;Fuerteventura;70
2019;Total;De 55 a 64 años;Defunciones;El Hierro;8
2019;Total;De 55 a 64 años;Defunciones;Canarias;1794
2019;Total;De 45 a 54 años;Defunciones;Tenerife;358
2019;Total;De 45 a 54 años;Defunciones;Lanzarote;66
2019;Total;De 45 a 54 años;Defunciones;La Palma;27
2019;Total;De 45 a 54 años;Defunciones;La Gomera;7
2019;Total;De 45 a 54 años;Defunciones;Gran Canaria;350
2019;Total;De 45 a 54 años;Defunciones;Fuerteventura;43
2019;Total;De 45 a 54 años;Defunciones;El Hierro;0
2019;Total;De 45 a 54 años;Defunciones;Canarias;851
2019;Total;De 35 a 44 años;Defunciones;Tenerife;121
2019;Total;De 35 a 44 años;Defunciones;Lanzarote;19
2019;Total;De 35 a 44 años;Defunciones;La Palma;13
2019;Total;De 35 a 44 años;Defunciones;La Gomera;0
2019;Total;De 35 a 44 años;Defunciones;Gran Canaria;112
2019;Total;De 35 a 44 años;Defunciones;Fuerteventura;11
2019;Total;De 35 a 44 años;Defunciones;El Hierro;1
2019;Total;De 35 a 44 años;Defunciones;Canarias;277
2019;Total;De 25 a 34 años;Defunciones;Tenerife;32
2019;Total;De 25 a 34 años;Defunciones;Lanzarote;9
2019;Total;De 25 a 34 años;Defunciones;La Palma;3
2019;Total;De 25 a 34 años;Defunciones;La Gomera;2
2019;Total;De 25 a 34 años;Defunciones;Gran Canaria;37
2019;Total;De 25 a 34 años;Defunciones;Fuerteventura;3
2019;Total;De 25 a 34 años;Defunciones;El Hierro;1
2019;Total;De 25 a 34 años;Defunciones;Canarias;87
2019;Total;De 1 a 4 años;Defunciones;Tenerife;2
2019;Total;De 1 a 4 años;Defunciones;Lanzarote;5
2019;Total;De 1 a 4 años;Defunciones;La Palma;0
2019;Total;De 1 a 4 años;Defunciones;La Gomera;0
2019;Total;De 1 a 4 años;Defunciones;Gran Canaria;0
2019;Total;De 1 a 4 años;Defunciones;Fuerteventura;0
2019;Total;De 1 a 4 años;Defunciones;El Hierro;0
2019;Total;De 1 a 4 años;Defunciones;Canarias;7
2019;Total;De 15 a 24 años;Defunciones;Tenerife;22
2019;Total;De 15 a 24 años;Defunciones;Lanzarote;8
2019;Total;De 15 a 24 años;Defunciones;La Palma;3
2019;Total;De 15 a 24 años;Defunciones;La Gomera;0
2019;Total;De 15 a 24 años;Defunciones;Gran Canaria;20
2019;Total;De 15 a 24 años;Defunciones;Fuerteventura;7
2019;Total;De 15 a 24 años;Defunciones;El Hierro;0
2019;Total;De 15 a 24 años;Defunciones;Canarias;60
2019;Total;Total;Defunciones;Tenerife;6821
2019;Total;Total;Defunciones;Lanzarote;785
2019;Total;Total;Defunciones;La Palma;793
2019;Total;Total;Defunciones;La Gomera;195
2019;Total;Total;Defunciones;Gran Canaria;6591
2019;Total;Total;Defunciones;Fuerteventura;471
2019;Total;Total;Defunciones;El Hierro;100
2019;Total;Total;Defunciones;Canarias;15756
2019;Total;Menos de 7 días;Defunciones;Tenerife;11
2019;Total;Menos de 7 días;Defunciones;Lanzarote;0
2019;Total;Menos de 7 días;Defunciones;La Palma;1
2019;Total;Menos de 7 días;Defunciones;La Gomera;0
2019;Total;Menos de 7 días;Defunciones;Gran Canaria;6
2019;Total;Menos de 7 días;Defunciones;Fuerteventura;0
2019;Total;Menos de 7 días;Defunciones;El Hierro;0
2019;Total;Menos de 7 días;Defunciones;Canarias;18
2019;Total;De 7 a 27 días;Defunciones;Tenerife;5
2019;Total;De 7 a 27 días;Defunciones;Lanzarote;0
2019;Total;De 7 a 27 días;Defunciones;La Palma;0
2019;Total;De 7 a 27 días;Defunciones;La Gomera;0
2019;Total;De 7 a 27 días;Defunciones;Gran Canaria;5
2019;Total;De 7 a 27 días;Defunciones;Fuerteventura;0
2019;Total;De 7 a 27 días;Defunciones;El Hierro;0
2019;Total;De 7 a 27 días;Defunciones;Canarias;10
2019;Total;De 28 días a menos de 1 año;Defunciones;Tenerife;6
2019;Total;De 28 días a menos de 1 año;Defunciones;Lanzarote;0
2019;Total;De 28 días a menos de 1 año;Defunciones;La Palma;0
2019;Total;De 28 días a menos de 1 año;Defunciones;La Gomera;0
2019;Total;De 28 días a menos de 1 año;Defunciones;Gran Canaria;3
2019;Total;De 28 días a menos de 1 año;Defunciones;Fuerteventura;1
2019;Total;De 28 días a menos de 1 año;Defunciones;El Hierro;0
2019;Total;De 28 días a menos de 1 año;Defunciones;Canarias;10
2019;Hombres;Menor de 1 año;Defunciones;Tenerife;9
2019;Hombres;Menor de 1 año;Defunciones;Lanzarote;0
2019;Hombres;Menor de 1 año;Defunciones;La Palma;1
2019;Hombres;Menor de 1 año;Defunciones;La Gomera;0
2019;Hombres;Menor de 1 año;Defunciones;Gran Canaria;9
2019;Hombres;Menor de 1 año;Defunciones;Fuerteventura;0
2019;Hombres;Menor de 1 año;Defunciones;El Hierro;0
2019;Hombres;Menor de 1 año;Defunciones;Canarias;19
2019;Hombres;95 años o más;Defunciones;Tenerife;87
2019;Hombres;95 años o más;Defunciones;Lanzarote;9
2019;Hombres;95 años o más;Defunciones;La Palma;15
2019;Hombres;95 años o más;Defunciones;La Gomera;4
2019;Hombres;95 años o más;Defunciones;Gran Canaria;72
2019;Hombres;95 años o más;Defunciones;Fuerteventura;11
2019;Hombres;95 años o más;Defunciones;El Hierro;4
2019;Hombres;95 años o más;Defunciones;Canarias;202
2019;Hombres;De 85 a 94 años;Defunciones;Tenerife;822
2019;Hombres;De 85 a 94 años;Defunciones;Lanzarote;87
2019;Hombres;De 85 a 94 años;Defunciones;La Palma;95
2019;Hombres;De 85 a 94 años;Defunciones;La Gomera;33
2019;Hombres;De 85 a 94 años;Defunciones;Gran Canaria;830
2019;Hombres;De 85 a 94 años;Defunciones;Fuerteventura;39
2019;Hombres;De 85 a 94 años;Defunciones;El Hierro;18
2019;Hombres;De 85 a 94 años;Defunciones;Canarias;1924
2019;Hombres;De 75 a 84 años;Defunciones;Tenerife;1025
2019;Hombres;De 75 a 84 años;Defunciones;Lanzarote;111
2019;Hombres;De 75 a 84 años;Defunciones;La Palma;139
2019;Hombres;De 75 a 84 años;Defunciones;La Gomera;28
2019;Hombres;De 75 a 84 años;Defunciones;Gran Canaria;1048
2019;Hombres;De 75 a 84 años;Defunciones;Fuerteventura;66
2019;Hombres;De 75 a 84 años;Defunciones;El Hierro;15
2019;Hombres;De 75 a 84 años;Defunciones;Canarias;2432
2019;Hombres;De 65 a 74 años;Defunciones;Tenerife;786
2019;Hombres;De 65 a 74 años;Defunciones;Lanzarote;100
2019;Hombres;De 65 a 74 años;Defunciones;La Palma;88
2019;Hombres;De 65 a 74 años;Defunciones;La Gomera;19
2019;Hombres;De 65 a 74 años;Defunciones;Gran Canaria;697
2019;Hombres;De 65 a 74 años;Defunciones;Fuerteventura;77
2019;Hombres;De 65 a 74 años;Defunciones;El Hierro;9
2019;Hombres;De 65 a 74 años;Defunciones;Canarias;1776
2019;Hombres;De 5 a 14 años;Defunciones;Tenerife;5
2019;Hombres;De 5 a 14 años;Defunciones;Lanzarote;1
2019;Hombres;De 5 a 14 años;Defunciones;La Palma;1
2019;Hombres;De 5 a 14 años;Defunciones;La Gomera;0
2019;Hombres;De 5 a 14 años;Defunciones;Gran Canaria;7
2019;Hombres;De 5 a 14 años;Defunciones;Fuerteventura;1
2019;Hombres;De 5 a 14 años;Defunciones;El Hierro;0
2019;Hombres;De 5 a 14 años;Defunciones;Canarias;15
2019;Hombres;De 55 a 64 años;Defunciones;Tenerife;512
2019;Hombres;De 55 a 64 años;Defunciones;Lanzarote;78
2019;Hombres;De 55 a 64 años;Defunciones;La Palma;53
2019;Hombres;De 55 a 64 años;Defunciones;La Gomera;16
2019;Hombres;De 55 a 64 años;Defunciones;Gran Canaria;483
2019;Hombres;De 55 a 64 años;Defunciones;Fuerteventura;53
2019;Hombres;De 55 a 64 años;Defunciones;El Hierro;7
2019;Hombres;De 55 a 64 años;Defunciones;Canarias;1202
2019;Hombres;De 45 a 54 años;Defunciones;Tenerife;221
2019;Hombres;De 45 a 54 años;Defunciones;Lanzarote;49
2019;Hombres;De 45 a 54 años;Defunciones;La Palma;18
2019;Hombres;De 45 a 54 años;Defunciones;La Gomera;2
2019;Hombres;De 45 a 54 años;Defunciones;Gran Canaria;248
2019;Hombres;De 45 a 54 años;Defunciones;Fuerteventura;32
2019;Hombres;De 45 a 54 años;Defunciones;El Hierro;0
2019;Hombres;De 45 a 54 años;Defunciones;Canarias;570
2019;Hombres;De 35 a 44 años;Defunciones;Tenerife;84
2019;Hombres;De 35 a 44 años;Defunciones;Lanzarote;13
2019;Hombres;De 35 a 44 años;Defunciones;La Palma;7
2019;Hombres;De 35 a 44 años;Defunciones;La Gomera;0
2019;Hombres;De 35 a 44 años;Defunciones;Gran Canaria;71
2019;Hombres;De 35 a 44 años;Defunciones;Fuerteventura;9
2019;Hombres;De 35 a 44 años;Defunciones;El Hierro;1
2019;Hombres;De 35 a 44 años;Defunciones;Canarias;185
2019;Hombres;De 25 a 34 años;Defunciones;Tenerife;19
2019;Hombres;De 25 a 34 años;Defunciones;Lanzarote;5
2019;Hombres;De 25 a 34 años;Defunciones;La Palma;3
2019;Hombres;De 25 a 34 años;Defunciones;La Gomera;2
2019;Hombres;De 25 a 34 años;Defunciones;Gran Canaria;24
2019;Hombres;De 25 a 34 años;Defunciones;Fuerteventura;2
2019;Hombres;De 25 a 34 años;Defunciones;El Hierro;1
2019;Hombres;De 25 a 34 años;Defunciones;Canarias;56
2019;Hombres;De 1 a 4 años;Defunciones;Tenerife;1
2019;Hombres;De 1 a 4 años;Defunciones;Lanzarote;2
2019;Hombres;De 1 a 4 años;Defunciones;La Palma;0
2019;Hombres;De 1 a 4 años;Defunciones;La Gomera;0
2019;Hombres;De 1 a 4 años;Defunciones;Gran Canaria;0
2019;Hombres;De 1 a 4 años;Defunciones;Fuerteventura;0
2019;Hombres;De 1 a 4 años;Defunciones;El Hierro;0
2019;Hombres;De 1 a 4 años;Defunciones;Canarias;3
2019;Hombres;De 15 a 24 años;Defunciones;Tenerife;14
2019;Hombres;De 15 a 24 años;Defunciones;Lanzarote;7
2019;Hombres;De 15 a 24 años;Defunciones;La Palma;2
2019;Hombres;De 15 a 24 años;Defunciones;La Gomera;0
2019;Hombres;De 15 a 24 años;Defunciones;Gran Canaria;17
2019;Hombres;De 15 a 24 años;Defunciones;Fuerteventura;5
2019;Hombres;De 15 a 24 años;Defunciones;El Hierro;0
2019;Hombres;De 15 a 24 años;Defunciones;Canarias;45
2019;Hombres;Total;Defunciones;Tenerife;3585
2019;Hombres;Total;Defunciones;Lanzarote;462
2019;Hombres;Total;Defunciones;La Palma;422
2019;Hombres;Total;Defunciones;La Gomera;104
2019;Hombres;Total;Defunciones;Gran Canaria;3506
2019;Hombres;Total;Defunciones;Fuerteventura;295
2019;Hombres;Total;Defunciones;El Hierro;55
2019;Hombres;Total;Defunciones;Canarias;8429
2019;Hombres;Menos de 7 días;Defunciones;Tenerife;3
2019;Hombres;Menos de 7 días;Defunciones;Lanzarote;0
2019;Hombres;Menos de 7 días;Defunciones;La Palma;1
2019;Hombres;Menos de 7 días;Defunciones;La Gomera;0
2019;Hombres;Menos de 7 días;Defunciones;Gran Canaria;4
2019;Hombres;Menos de 7 días;Defunciones;Fuerteventura;0
2019;Hombres;Menos de 7 días;Defunciones;El Hierro;0
2019;Hombres;Menos de 7 días;Defunciones;Canarias;8
2019;Hombres;De 7 a 27 días;Defunciones;Tenerife;2
2019;Hombres;De 7 a 27 días;Defunciones;Lanzarote;0
2019;Hombres;De 7 a 27 días;Defunciones;La Palma;0
2019;Hombres;De 7 a 27 días;Defunciones;La Gomera;0
2019;Hombres;De 7 a 27 días;Defunciones;Gran Canaria;4
2019;Hombres;De 7 a 27 días;Defunciones;Fuerteventura;0
2019;Hombres;De 7 a 27 días;Defunciones;El Hierro;0
2019;Hombres;De 7 a 27 días;Defunciones;Canarias;6
2019;Hombres;De 28 días a menos de 1 año;Defunciones;Tenerife;4
2019;Hombres;De 28 días a menos de 1 año;Defunciones;Lanzarote;0
2019;Hombres;De 28 días a menos de 1 año;Defunciones;La Palma;0
2019;Hombres;De 28 días a menos de 1 año;Defunciones;La Gomera;0
2019;Hombres;De 28 días a menos de 1 año;Defunciones;Gran Canaria;1
2019;Hombres;De 28 días a menos de 1 año;Defunciones;Fuerteventura;0
2019;Hombres;De 28 días a menos de 1 año;Defunciones;El Hierro;0
2019;Hombres;De 28 días a menos de 1 año;Defunciones;Canarias;5
2019;Mujeres;Menor de 1 año;Defunciones;Tenerife;13
2019;Mujeres;Menor de 1 año;Defunciones;Lanzarote;0
2019;Mujeres;Menor de 1 año;Defunciones;La Palma;0
2019;Mujeres;Menor de 1 año;Defunciones;La Gomera;0
2019;Mujeres;Menor de 1 año;Defunciones;Gran Canaria;5
2019;Mujeres;Menor de 1 año;Defunciones;Fuerteventura;1
2019;Mujeres;Menor de 1 año;Defunciones;El Hierro;0
2019;Mujeres;Menor de 1 año;Defunciones;Canarias;19
2019;Mujeres;95 años o más;Defunciones;Tenerife;259
2019;Mujeres;95 años o más;Defunciones;Lanzarote;26
2019;Mujeres;95 años o más;Defunciones;La Palma;37
2019;Mujeres;95 años o más;Defunciones;La Gomera;13
2019;Mujeres;95 años o más;Defunciones;Gran Canaria;232
2019;Mujeres;95 años o más;Defunciones;Fuerteventura;13
2019;Mujeres;95 años o más;Defunciones;El Hierro;7
2019;Mujeres;95 años o más;Defunciones;Canarias;587
2019;Mujeres;De 85 a 94 años;Defunciones;Tenerife;1240
2019;Mujeres;De 85 a 94 años;Defunciones;Lanzarote;98
2019;Mujeres;De 85 a 94 años;Defunciones;La Palma;168
2019;Mujeres;De 85 a 94 años;Defunciones;La Gomera;41
2019;Mujeres;De 85 a 94 años;Defunciones;Gran Canaria;1176
2019;Mujeres;De 85 a 94 años;Defunciones;Fuerteventura;61
2019;Mujeres;De 85 a 94 años;Defunciones;El Hierro;21
2019;Mujeres;De 85 a 94 años;Defunciones;Canarias;2805
2019;Mujeres;De 75 a 84 años;Defunciones;Tenerife;833
2019;Mujeres;De 75 a 84 años;Defunciones;Lanzarote;92
2019;Mujeres;De 75 a 84 años;Defunciones;La Palma;96
2019;Mujeres;De 75 a 84 años;Defunciones;La Gomera;19
2019;Mujeres;De 75 a 84 años;Defunciones;Gran Canaria;841
2019;Mujeres;De 75 a 84 años;Defunciones;Fuerteventura;43
2019;Mujeres;De 75 a 84 años;Defunciones;El Hierro;10
2019;Mujeres;De 75 a 84 años;Defunciones;Canarias;1934
2019;Mujeres;De 65 a 74 años;Defunciones;Tenerife;426
2019;Mujeres;De 65 a 74 años;Defunciones;Lanzarote;42
2019;Mujeres;De 65 a 74 años;Defunciones;La Palma;37
2019;Mujeres;De 65 a 74 años;Defunciones;La Gomera;8
2019;Mujeres;De 65 a 74 años;Defunciones;Gran Canaria;413
2019;Mujeres;De 65 a 74 años;Defunciones;Fuerteventura;24
2019;Mujeres;De 65 a 74 años;Defunciones;El Hierro;6
2019;Mujeres;De 65 a 74 años;Defunciones;Canarias;956
2019;Mujeres;De 5 a 14 años;Defunciones;Tenerife;3
2019;Mujeres;De 5 a 14 años;Defunciones;Lanzarote;2
2019;Mujeres;De 5 a 14 años;Defunciones;La Palma;0
2019;Mujeres;De 5 a 14 años;Defunciones;La Gomera;0
2019;Mujeres;De 5 a 14 años;Defunciones;Gran Canaria;5
2019;Mujeres;De 5 a 14 años;Defunciones;Fuerteventura;1
2019;Mujeres;De 5 a 14 años;Defunciones;El Hierro;0
2019;Mujeres;De 5 a 14 años;Defunciones;Canarias;11
2019;Mujeres;De 55 a 64 años;Defunciones;Tenerife;266
2019;Mujeres;De 55 a 64 años;Defunciones;Lanzarote;32
2019;Mujeres;De 55 a 64 años;Defunciones;La Palma;17
2019;Mujeres;De 55 a 64 años;Defunciones;La Gomera;5
2019;Mujeres;De 55 a 64 años;Defunciones;Gran Canaria;254
2019;Mujeres;De 55 a 64 años;Defunciones;Fuerteventura;17
2019;Mujeres;De 55 a 64 años;Defunciones;El Hierro;1
2019;Mujeres;De 55 a 64 años;Defunciones;Canarias;592
2019;Mujeres;De 45 a 54 años;Defunciones;Tenerife;137
2019;Mujeres;De 45 a 54 años;Defunciones;Lanzarote;17
2019;Mujeres;De 45 a 54 años;Defunciones;La Palma;9
2019;Mujeres;De 45 a 54 años;Defunciones;La Gomera;5
2019;Mujeres;De 45 a 54 años;Defunciones;Gran Canaria;102
2019;Mujeres;De 45 a 54 años;Defunciones;Fuerteventura;11
2019;Mujeres;De 45 a 54 años;Defunciones;El Hierro;0
2019;Mujeres;De 45 a 54 años;Defunciones;Canarias;281
2019;Mujeres;De 35 a 44 años;Defunciones;Tenerife;37
2019;Mujeres;De 35 a 44 años;Defunciones;Lanzarote;6
2019;Mujeres;De 35 a 44 años;Defunciones;La Palma;6
2019;Mujeres;De 35 a 44 años;Defunciones;La Gomera;0
2019;Mujeres;De 35 a 44 años;Defunciones;Gran Canaria;41
2019;Mujeres;De 35 a 44 años;Defunciones;Fuerteventura;2
2019;Mujeres;De 35 a 44 años;Defunciones;El Hierro;0
2019;Mujeres;De 35 a 44 años;Defunciones;Canarias;92
2019;Mujeres;De 25 a 34 años;Defunciones;Tenerife;13
2019;Mujeres;De 25 a 34 años;Defunciones;Lanzarote;4
2019;Mujeres;De 25 a 34 años;Defunciones;La Palma;0
2019;Mujeres;De 25 a 34 años;Defunciones;La Gomera;0
2019;Mujeres;De 25 a 34 años;Defunciones;Gran Canaria;13
2019;Mujeres;De 25 a 34 años;Defunciones;Fuerteventura;1
2019;Mujeres;De 25 a 34 años;Defunciones;El Hierro;0
2019;Mujeres;De 25 a 34 años;Defunciones;Canarias;31
2019;Mujeres;De 1 a 4 años;Defunciones;Tenerife;1
2019;Mujeres;De 1 a 4 años;Defunciones;Lanzarote;3
2019;Mujeres;De 1 a 4 años;Defunciones;La Palma;0
2019;Mujeres;De 1 a 4 años;Defunciones;La Gomera;0
2019;Mujeres;De 1 a 4 años;Defunciones;Gran Canaria;0
2019;Mujeres;De 1 a 4 años;Defunciones;Fuerteventura;0
2019;Mujeres;De 1 a 4 años;Defunciones;El Hierro;0
2019;Mujeres;De 1 a 4 años;Defunciones;Canarias;4
2019;Mujeres;De 15 a 24 años;Defunciones;Tenerife;8
2019;Mujeres;De 15 a 24 años;Defunciones;Lanzarote;1
2019;Mujeres;De 15 a 24 años;Defunciones;La Palma;1
2019;Mujeres;De 15 a 24 años;Defunciones;La Gomera;0
2019;Mujeres;De 15 a 24 años;Defunciones;Gran Canaria;3
2019;Mujeres;De 15 a 24 años;Defunciones;Fuerteventura;2
2019;Mujeres;De 15 a 24 años;Defunciones;El Hierro;0
2019;Mujeres;De 15 a 24 años;Defunciones;Canarias;15
2019;Mujeres;Total;Defunciones;Tenerife;3236
2019;Mujeres;Total;Defunciones;Lanzarote;323
2019;Mujeres;Total;Defunciones;La Palma;371
2019;Mujeres;Total;Defunciones;La Gomera;91
2019;Mujeres;Total;Defunciones;Gran Canaria;3085
2019;Mujeres;Total;Defunciones;Fuerteventura;176
2019;Mujeres;Total;Defunciones;El Hierro;45
2019;Mujeres;Total;Defunciones;Canarias;7327
2019;Mujeres;Menos de 7 días;Defunciones;Tenerife;8
2019;Mujeres;Menos de 7 días;Defunciones;Lanzarote;0
2019;Mujeres;Menos de 7 días;Defunciones;La Palma;0
2019;Mujeres;Menos de 7 días;Defunciones;La Gomera;0
2019;Mujeres;Menos de 7 días;Defunciones;Gran Canaria;2
2019;Mujeres;Menos de 7 días;Defunciones;Fuerteventura;0
2019;Mujeres;Menos de 7 días;Defunciones;El Hierro;0
2019;Mujeres;Menos de 7 días;Defunciones;Canarias;10
2019;Mujeres;De 7 a 27 días;Defunciones;Tenerife;3
2019;Mujeres;De 7 a 27 días;Defunciones;Lanzarote;0
2019;Mujeres;De 7 a 27 días;Defunciones;La Palma;0
2019;Mujeres;De 7 a 27 días;Defunciones;La Gomera;0
2019;Mujeres;De 7 a 27 días;Defunciones;Gran Canaria;1
2019;Mujeres;De 7 a 27 días;Defunciones;Fuerteventura;0
2019;Mujeres;De 7 a 27 días;Defunciones;El Hierro;0
2019;Mujeres;De 7 a 27 días;Defunciones;Canarias;4
2019;Mujeres;De 28 días a menos de 1 año;Defunciones;Tenerife;2
2019;Mujeres;De 28 días a menos de 1 año;Defunciones;Lanzarote;0
2019;Mujeres;De 28 días a menos de 1 año;Defunciones;La Palma;0
2019;Mujeres;De 28 días a menos de 1 año;Defunciones;La Gomera;0
2019;Mujeres;De 28 días a menos de 1 año;Defunciones;Gran Canaria;2
2019;Mujeres;De 28 días a menos de 1 año;Defunciones;Fuerteventura;1
2019;Mujeres;De 28 días a menos de 1 año;Defunciones;El Hierro;0
2019;Mujeres;De 28 días a menos de 1 año;Defunciones;Canarias;5
2020;Total;Menor de 1 año;Defunciones;Tenerife;15
2020;Total;Menor de 1 año;Defunciones;Lanzarote;1
2020;Total;Menor de 1 año;Defunciones;La Palma;1
2020;Total;Menor de 1 año;Defunciones;La Gomera;0
2020;Total;Menor de 1 año;Defunciones;Gran Canaria;15
2020;Total;Menor de 1 año;Defunciones;Fuerteventura;1
2020;Total;Menor de 1 año;Defunciones;El Hierro;1
2020;Total;Menor de 1 año;Defunciones;Canarias;34
2020;Total;95 años o más;Defunciones;Tenerife;391
2020;Total;95 años o más;Defunciones;Lanzarote;37
2020;Total;95 años o más;Defunciones;La Palma;58
2020;Total;95 años o más;Defunciones;La Gomera;20
2020;Total;95 años o más;Defunciones;Gran Canaria;357
2020;Total;95 años o más;Defunciones;Fuerteventura;21
2020;Total;95 años o más;Defunciones;El Hierro;7
2020;Total;95 años o más;Defunciones;Canarias;891
2020;Total;De 85 a 94 años;Defunciones;Tenerife;2251
2020;Total;De 85 a 94 años;Defunciones;Lanzarote;175
2020;Total;De 85 a 94 años;Defunciones;La Palma;265
2020;Total;De 85 a 94 años;Defunciones;La Gomera;78
2020;Total;De 85 a 94 años;Defunciones;Gran Canaria;2189
2020;Total;De 85 a 94 años;Defunciones;Fuerteventura;101
2020;Total;De 85 a 94 años;Defunciones;El Hierro;45
2020;Total;De 85 a 94 años;Defunciones;Canarias;5104
2020;Total;De 75 a 84 años;Defunciones;Tenerife;1935
2020;Total;De 75 a 84 años;Defunciones;Lanzarote;234
2020;Total;De 75 a 84 años;Defunciones;La Palma;190
2020;Total;De 75 a 84 años;Defunciones;La Gomera;37
2020;Total;De 75 a 84 años;Defunciones;Gran Canaria;1908
2020;Total;De 75 a 84 años;Defunciones;Fuerteventura;93
2020;Total;De 75 a 84 años;Defunciones;El Hierro;24
2020;Total;De 75 a 84 años;Defunciones;Canarias;4421
2020;Total;De 65 a 74 años;Defunciones;Tenerife;1237
2020;Total;De 65 a 74 años;Defunciones;Lanzarote;145
2020;Total;De 65 a 74 años;Defunciones;La Palma;131
2020;Total;De 65 a 74 años;Defunciones;La Gomera;25
2020;Total;De 65 a 74 años;Defunciones;Gran Canaria;1213
2020;Total;De 65 a 74 años;Defunciones;Fuerteventura;103
2020;Total;De 65 a 74 años;Defunciones;El Hierro;13
2020;Total;De 65 a 74 años;Defunciones;Canarias;2867
2020;Total;De 5 a 14 años;Defunciones;Tenerife;3
2020;Total;De 5 a 14 años;Defunciones;Lanzarote;2
2020;Total;De 5 a 14 años;Defunciones;La Palma;0
2020;Total;De 5 a 14 años;Defunciones;La Gomera;0
2020;Total;De 5 a 14 años;Defunciones;Gran Canaria;9
2020;Total;De 5 a 14 años;Defunciones;Fuerteventura;0
2020;Total;De 5 a 14 años;Defunciones;El Hierro;0
2020;Total;De 5 a 14 años;Defunciones;Canarias;14
2020;Total;De 55 a 64 años;Defunciones;Tenerife;785
2020;Total;De 55 a 64 años;Defunciones;Lanzarote;118
2020;Total;De 55 a 64 años;Defunciones;La Palma;89
2020;Total;De 55 a 64 años;Defunciones;La Gomera;26
2020;Total;De 55 a 64 años;Defunciones;Gran Canaria;768
2020;Total;De 55 a 64 años;Defunciones;Fuerteventura;74
2020;Total;De 55 a 64 años;Defunciones;El Hierro;6
2020;Total;De 55 a 64 años;Defunciones;Canarias;1866
2020;Total;De 45 a 54 años;Defunciones;Tenerife;315
2020;Total;De 45 a 54 años;Defunciones;Lanzarote;45
2020;Total;De 45 a 54 años;Defunciones;La Palma;26
2020;Total;De 45 a 54 años;Defunciones;La Gomera;8
2020;Total;De 45 a 54 años;Defunciones;Gran Canaria;339
2020;Total;De 45 a 54 años;Defunciones;Fuerteventura;38
2020;Total;De 45 a 54 años;Defunciones;El Hierro;1
2020;Total;De 45 a 54 años;Defunciones;Canarias;772
2020;Total;De 35 a 44 años;Defunciones;Tenerife;132
2020;Total;De 35 a 44 años;Defunciones;Lanzarote;25
2020;Total;De 35 a 44 años;Defunciones;La Palma;6
2020;Total;De 35 a 44 años;Defunciones;La Gomera;2
2020;Total;De 35 a 44 años;Defunciones;Gran Canaria;127
2020;Total;De 35 a 44 años;Defunciones;Fuerteventura;14
2020;Total;De 35 a 44 años;Defunciones;El Hierro;2
2020;Total;De 35 a 44 años;Defunciones;Canarias;308
2020;Total;De 25 a 34 años;Defunciones;Tenerife;42
2020;Total;De 25 a 34 años;Defunciones;Lanzarote;6
2020;Total;De 25 a 34 años;Defunciones;La Palma;4
2020;Total;De 25 a 34 años;Defunciones;La Gomera;0
2020;Total;De 25 a 34 años;Defunciones;Gran Canaria;88
2020;Total;De 25 a 34 años;Defunciones;Fuerteventura;8
2020;Total;De 25 a 34 años;Defunciones;El Hierro;0
2020;Total;De 25 a 34 años;Defunciones;Canarias;148
2020;Total;De 1 a 4 años;Defunciones;Tenerife;3
2020;Total;De 1 a 4 años;Defunciones;Lanzarote;0
2020;Total;De 1 a 4 años;Defunciones;La Palma;0
2020;Total;De 1 a 4 años;Defunciones;La Gomera;0
2020;Total;De 1 a 4 años;Defunciones;Gran Canaria;2
2020;Total;De 1 a 4 años;Defunciones;Fuerteventura;1
2020;Total;De 1 a 4 años;Defunciones;El Hierro;0
2020;Total;De 1 a 4 años;Defunciones;Canarias;6
2020;Total;De 15 a 24 años;Defunciones;Tenerife;24
2020;Total;De 15 a 24 años;Defunciones;Lanzarote;2
2020;Total;De 15 a 24 años;Defunciones;La Palma;1
2020;Total;De 15 a 24 años;Defunciones;La Gomera;0
2020;Total;De 15 a 24 años;Defunciones;Gran Canaria;24
2020;Total;De 15 a 24 años;Defunciones;Fuerteventura;3
2020;Total;De 15 a 24 años;Defunciones;El Hierro;1
2020;Total;De 15 a 24 años;Defunciones;Canarias;55
2020;Total;Total;Defunciones;Tenerife;7133
2020;Total;Total;Defunciones;Lanzarote;790
2020;Total;Total;Defunciones;La Palma;771
2020;Total;Total;Defunciones;La Gomera;196
2020;Total;Total;Defunciones;Gran Canaria;7039
2020;Total;Total;Defunciones;Fuerteventura;457
2020;Total;Total;Defunciones;El Hierro;100
2020;Total;Total;Defunciones;Canarias;16486
2020;Total;Menos de 7 días;Defunciones;Tenerife;7
2020;Total;Menos de 7 días;Defunciones;Lanzarote;1
2020;Total;Menos de 7 días;Defunciones;La Palma;0
2020;Total;Menos de 7 días;Defunciones;La Gomera;0
2020;Total;Menos de 7 días;Defunciones;Gran Canaria;4
2020;Total;Menos de 7 días;Defunciones;Fuerteventura;0
2020;Total;Menos de 7 días;Defunciones;El Hierro;0
2020;Total;Menos de 7 días;Defunciones;Canarias;12
2020;Total;De 7 a 27 días;Defunciones;Tenerife;4
2020;Total;De 7 a 27 días;Defunciones;Lanzarote;0
2020;Total;De 7 a 27 días;Defunciones;La Palma;0
2020;Total;De 7 a 27 días;Defunciones;La Gomera;0
2020;Total;De 7 a 27 días;Defunciones;Gran Canaria;2
2020;Total;De 7 a 27 días;Defunciones;Fuerteventura;0
2020;Total;De 7 a 27 días;Defunciones;El Hierro;1
2020;Total;De 7 a 27 días;Defunciones;Canarias;7
2020;Total;De 28 días a menos de 1 año;Defunciones;Tenerife;4
2020;Total;De 28 días a menos de 1 año;Defunciones;Lanzarote;0
2020;Total;De 28 días a menos de 1 año;Defunciones;La Palma;1
2020;Total;De 28 días a menos de 1 año;Defunciones;La Gomera;0
2020;Total;De 28 días a menos de 1 año;Defunciones;Gran Canaria;9
2020;Total;De 28 días a menos de 1 año;Defunciones;Fuerteventura;1
2020;Total;De 28 días a menos de 1 año;Defunciones;El Hierro;0
2020;Total;De 28 días a menos de 1 año;Defunciones;Canarias;15
2020;Hombres;Menor de 1 año;Defunciones;Tenerife;6
2020;Hombres;Menor de 1 año;Defunciones;Lanzarote;0
2020;Hombres;Menor de 1 año;Defunciones;La Palma;1
2020;Hombres;Menor de 1 año;Defunciones;La Gomera;0
2020;Hombres;Menor de 1 año;Defunciones;Gran Canaria;7
2020;Hombres;Menor de 1 año;Defunciones;Fuerteventura;0
2020;Hombres;Menor de 1 año;Defunciones;El Hierro;0
2020;Hombres;Menor de 1 año;Defunciones;Canarias;14
2020;Hombres;95 años o más;Defunciones;Tenerife;92
2020;Hombres;95 años o más;Defunciones;Lanzarote;15
2020;Hombres;95 años o más;Defunciones;La Palma;13
2020;Hombres;95 años o más;Defunciones;La Gomera;2
2020;Hombres;95 años o más;Defunciones;Gran Canaria;108
2020;Hombres;95 años o más;Defunciones;Fuerteventura;2
2020;Hombres;95 años o más;Defunciones;El Hierro;3
2020;Hombres;95 años o más;Defunciones;Canarias;235
2020;Hombres;De 85 a 94 años;Defunciones;Tenerife;931
2020;Hombres;De 85 a 94 años;Defunciones;Lanzarote;76
2020;Hombres;De 85 a 94 años;Defunciones;La Palma;113
2020;Hombres;De 85 a 94 años;Defunciones;La Gomera;25
2020;Hombres;De 85 a 94 años;Defunciones;Gran Canaria;893
2020;Hombres;De 85 a 94 años;Defunciones;Fuerteventura;53
2020;Hombres;De 85 a 94 años;Defunciones;El Hierro;26
2020;Hombres;De 85 a 94 años;Defunciones;Canarias;2117
2020;Hombres;De 75 a 84 años;Defunciones;Tenerife;1069
2020;Hombres;De 75 a 84 años;Defunciones;Lanzarote;135
2020;Hombres;De 75 a 84 años;Defunciones;La Palma;107
2020;Hombres;De 75 a 84 años;Defunciones;La Gomera;17
2020;Hombres;De 75 a 84 años;Defunciones;Gran Canaria;1055
2020;Hombres;De 75 a 84 años;Defunciones;Fuerteventura;52
2020;Hombres;De 75 a 84 años;Defunciones;El Hierro;11
2020;Hombres;De 75 a 84 años;Defunciones;Canarias;2446
2020;Hombres;De 65 a 74 años;Defunciones;Tenerife;801
2020;Hombres;De 65 a 74 años;Defunciones;Lanzarote;99
2020;Hombres;De 65 a 74 años;Defunciones;La Palma;81
2020;Hombres;De 65 a 74 años;Defunciones;La Gomera;20
2020;Hombres;De 65 a 74 años;Defunciones;Gran Canaria;767
2020;Hombres;De 65 a 74 años;Defunciones;Fuerteventura;75
2020;Hombres;De 65 a 74 años;Defunciones;El Hierro;9
2020;Hombres;De 65 a 74 años;Defunciones;Canarias;1852
2020;Hombres;De 5 a 14 años;Defunciones;Tenerife;1
2020;Hombres;De 5 a 14 años;Defunciones;Lanzarote;2
2020;Hombres;De 5 a 14 años;Defunciones;La Palma;0
2020;Hombres;De 5 a 14 años;Defunciones;La Gomera;0
2020;Hombres;De 5 a 14 años;Defunciones;Gran Canaria;5
2020;Hombres;De 5 a 14 años;Defunciones;Fuerteventura;0
2020;Hombres;De 5 a 14 años;Defunciones;El Hierro;0
2020;Hombres;De 5 a 14 años;Defunciones;Canarias;8
2020;Hombres;De 55 a 64 años;Defunciones;Tenerife;505
2020;Hombres;De 55 a 64 años;Defunciones;Lanzarote;73
2020;Hombres;De 55 a 64 años;Defunciones;La Palma;68
2020;Hombres;De 55 a 64 años;Defunciones;La Gomera;17
2020;Hombres;De 55 a 64 años;Defunciones;Gran Canaria;516
2020;Hombres;De 55 a 64 años;Defunciones;Fuerteventura;50
2020;Hombres;De 55 a 64 años;Defunciones;El Hierro;3
2020;Hombres;De 55 a 64 años;Defunciones;Canarias;1232
2020;Hombres;De 45 a 54 años;Defunciones;Tenerife;198
2020;Hombres;De 45 a 54 años;Defunciones;Lanzarote;38
2020;Hombres;De 45 a 54 años;Defunciones;La Palma;15
2020;Hombres;De 45 a 54 años;Defunciones;La Gomera;7
2020;Hombres;De 45 a 54 años;Defunciones;Gran Canaria;227
2020;Hombres;De 45 a 54 años;Defunciones;Fuerteventura;27
2020;Hombres;De 45 a 54 años;Defunciones;El Hierro;1
2020;Hombres;De 45 a 54 años;Defunciones;Canarias;513
2020;Hombres;De 35 a 44 años;Defunciones;Tenerife;87
2020;Hombres;De 35 a 44 años;Defunciones;Lanzarote;16
2020;Hombres;De 35 a 44 años;Defunciones;La Palma;4
2020;Hombres;De 35 a 44 años;Defunciones;La Gomera;1
2020;Hombres;De 35 a 44 años;Defunciones;Gran Canaria;76
2020;Hombres;De 35 a 44 años;Defunciones;Fuerteventura;10
2020;Hombres;De 35 a 44 años;Defunciones;El Hierro;1
2020;Hombres;De 35 a 44 años;Defunciones;Canarias;195
2020;Hombres;De 25 a 34 años;Defunciones;Tenerife;26
2020;Hombres;De 25 a 34 años;Defunciones;Lanzarote;6
2020;Hombres;De 25 a 34 años;Defunciones;La Palma;3
2020;Hombres;De 25 a 34 años;Defunciones;La Gomera;0
2020;Hombres;De 25 a 34 años;Defunciones;Gran Canaria;64
2020;Hombres;De 25 a 34 años;Defunciones;Fuerteventura;7
2020;Hombres;De 25 a 34 años;Defunciones;El Hierro;0
2020;Hombres;De 25 a 34 años;Defunciones;Canarias;106
2020;Hombres;De 1 a 4 años;Defunciones;Tenerife;2
2020;Hombres;De 1 a 4 años;Defunciones;Lanzarote;0
2020;Hombres;De 1 a 4 años;Defunciones;La Palma;0
2020;Hombres;De 1 a 4 años;Defunciones;La Gomera;0
2020;Hombres;De 1 a 4 años;Defunciones;Gran Canaria;2
2020;Hombres;De 1 a 4 años;Defunciones;Fuerteventura;1
2020;Hombres;De 1 a 4 años;Defunciones;El Hierro;0
2020;Hombres;De 1 a 4 años;Defunciones;Canarias;5
2020;Hombres;De 15 a 24 años;Defunciones;Tenerife;16
2020;Hombres;De 15 a 24 años;Defunciones;Lanzarote;2
2020;Hombres;De 15 a 24 años;Defunciones;La Palma;1
2020;Hombres;De 15 a 24 años;Defunciones;La Gomera;0
2020;Hombres;De 15 a 24 años;Defunciones;Gran Canaria;19
2020;Hombres;De 15 a 24 años;Defunciones;Fuerteventura;3
2020;Hombres;De 15 a 24 años;Defunciones;El Hierro;1
2020;Hombres;De 15 a 24 años;Defunciones;Canarias;42
2020;Hombres;Total;Defunciones;Tenerife;3734
2020;Hombres;Total;Defunciones;Lanzarote;462
2020;Hombres;Total;Defunciones;La Palma;406
2020;Hombres;Total;Defunciones;La Gomera;89
2020;Hombres;Total;Defunciones;Gran Canaria;3739
2020;Hombres;Total;Defunciones;Fuerteventura;280
2020;Hombres;Total;Defunciones;El Hierro;55
2020;Hombres;Total;Defunciones;Canarias;8765
2020;Hombres;Menos de 7 días;Defunciones;Tenerife;3
2020;Hombres;Menos de 7 días;Defunciones;Lanzarote;0
2020;Hombres;Menos de 7 días;Defunciones;La Palma;0
2020;Hombres;Menos de 7 días;Defunciones;La Gomera;0
2020;Hombres;Menos de 7 días;Defunciones;Gran Canaria;1
2020;Hombres;Menos de 7 días;Defunciones;Fuerteventura;0
2020;Hombres;Menos de 7 días;Defunciones;El Hierro;0
2020;Hombres;Menos de 7 días;Defunciones;Canarias;4
2020;Hombres;De 7 a 27 días;Defunciones;Tenerife;1
2020;Hombres;De 7 a 27 días;Defunciones;Lanzarote;0
2020;Hombres;De 7 a 27 días;Defunciones;La Palma;0
2020;Hombres;De 7 a 27 días;Defunciones;La Gomera;0
2020;Hombres;De 7 a 27 días;Defunciones;Gran Canaria;2
2020;Hombres;De 7 a 27 días;Defunciones;Fuerteventura;0
2020;Hombres;De 7 a 27 días;Defunciones;El Hierro;0
2020;Hombres;De 7 a 27 días;Defunciones;Canarias;3
2020;Hombres;De 28 días a menos de 1 año;Defunciones;Tenerife;2
2020;Hombres;De 28 días a menos de 1 año;Defunciones;Lanzarote;0
2020;Hombres;De 28 días a menos de 1 año;Defunciones;La Palma;1
2020;Hombres;De 28 días a menos de 1 año;Defunciones;La Gomera;0
2020;Hombres;De 28 días a menos de 1 año;Defunciones;Gran Canaria;4
2020;Hombres;De 28 días a menos de 1 año;Defunciones;Fuerteventura;0
2020;Hombres;De 28 días a menos de 1 año;Defunciones;El Hierro;0
2020;Hombres;De 28 días a menos de 1 año;Defunciones;Canarias;7
2020;Mujeres;Menor de 1 año;Defunciones;Tenerife;9
2020;Mujeres;Menor de 1 año;Defunciones;Lanzarote;1
2020;Mujeres;Menor de 1 año;Defunciones;La Palma;0
2020;Mujeres;Menor de 1 año;Defunciones;La Gomera;0
2020;Mujeres;Menor de 1 año;Defunciones;Gran Canaria;8
2020;Mujeres;Menor de 1 año;Defunciones;Fuerteventura;1
2020;Mujeres;Menor de 1 año;Defunciones;El Hierro;1
2020;Mujeres;Menor de 1 año;Defunciones;Canarias;20
2020;Mujeres;95 años o más;Defunciones;Tenerife;299
2020;Mujeres;95 años o más;Defunciones;Lanzarote;22
2020;Mujeres;95 años o más;Defunciones;La Palma;45
2020;Mujeres;95 años o más;Defunciones;La Gomera;18
2020;Mujeres;95 años o más;Defunciones;Gran Canaria;249
2020;Mujeres;95 años o más;Defunciones;Fuerteventura;19
2020;Mujeres;95 años o más;Defunciones;El Hierro;4
2020;Mujeres;95 años o más;Defunciones;Canarias;656
2020;Mujeres;De 85 a 94 años;Defunciones;Tenerife;1320
2020;Mujeres;De 85 a 94 años;Defunciones;Lanzarote;99
2020;Mujeres;De 85 a 94 años;Defunciones;La Palma;152
2020;Mujeres;De 85 a 94 años;Defunciones;La Gomera;53
2020;Mujeres;De 85 a 94 años;Defunciones;Gran Canaria;1296
2020;Mujeres;De 85 a 94 años;Defunciones;Fuerteventura;48
2020;Mujeres;De 85 a 94 años;Defunciones;El Hierro;19
2020;Mujeres;De 85 a 94 años;Defunciones;Canarias;2987
2020;Mujeres;De 75 a 84 años;Defunciones;Tenerife;866
2020;Mujeres;De 75 a 84 años;Defunciones;Lanzarote;99
2020;Mujeres;De 75 a 84 años;Defunciones;La Palma;83
2020;Mujeres;De 75 a 84 años;Defunciones;La Gomera;20
2020;Mujeres;De 75 a 84 años;Defunciones;Gran Canaria;853
2020;Mujeres;De 75 a 84 años;Defunciones;Fuerteventura;41
2020;Mujeres;De 75 a 84 años;Defunciones;El Hierro;13
2020;Mujeres;De 75 a 84 años;Defunciones;Canarias;1975
2020;Mujeres;De 65 a 74 años;Defunciones;Tenerife;436
2020;Mujeres;De 65 a 74 años;Defunciones;Lanzarote;46
2020;Mujeres;De 65 a 74 años;Defunciones;La Palma;50
2020;Mujeres;De 65 a 74 años;Defunciones;La Gomera;5
2020;Mujeres;De 65 a 74 años;Defunciones;Gran Canaria;446
2020;Mujeres;De 65 a 74 años;Defunciones;Fuerteventura;28
2020;Mujeres;De 65 a 74 años;Defunciones;El Hierro;4
2020;Mujeres;De 65 a 74 años;Defunciones;Canarias;1015
2020;Mujeres;De 5 a 14 años;Defunciones;Tenerife;2
2020;Mujeres;De 5 a 14 años;Defunciones;Lanzarote;0
2020;Mujeres;De 5 a 14 años;Defunciones;La Palma;0
2020;Mujeres;De 5 a 14 años;Defunciones;La Gomera;0
2020;Mujeres;De 5 a 14 años;Defunciones;Gran Canaria;4
2020;Mujeres;De 5 a 14 años;Defunciones;Fuerteventura;0
2020;Mujeres;De 5 a 14 años;Defunciones;El Hierro;0
2020;Mujeres;De 5 a 14 años;Defunciones;Canarias;6
2020;Mujeres;De 55 a 64 años;Defunciones;Tenerife;280
2020;Mujeres;De 55 a 64 años;Defunciones;Lanzarote;45
2020;Mujeres;De 55 a 64 años;Defunciones;La Palma;21
2020;Mujeres;De 55 a 64 años;Defunciones;La Gomera;9
2020;Mujeres;De 55 a 64 años;Defunciones;Gran Canaria;252
2020;Mujeres;De 55 a 64 años;Defunciones;Fuerteventura;24
2020;Mujeres;De 55 a 64 años;Defunciones;El Hierro;3
2020;Mujeres;De 55 a 64 años;Defunciones;Canarias;634
2020;Mujeres;De 45 a 54 años;Defunciones;Tenerife;117
2020;Mujeres;De 45 a 54 años;Defunciones;Lanzarote;7
2020;Mujeres;De 45 a 54 años;Defunciones;La Palma;11
2020;Mujeres;De 45 a 54 años;Defunciones;La Gomera;1
2020;Mujeres;De 45 a 54 años;Defunciones;Gran Canaria;112
2020;Mujeres;De 45 a 54 años;Defunciones;Fuerteventura;11
2020;Mujeres;De 45 a 54 años;Defunciones;El Hierro;0
2020;Mujeres;De 45 a 54 años;Defunciones;Canarias;259
2020;Mujeres;De 35 a 44 años;Defunciones;Tenerife;45
2020;Mujeres;De 35 a 44 años;Defunciones;Lanzarote;9
2020;Mujeres;De 35 a 44 años;Defunciones;La Palma;2
2020;Mujeres;De 35 a 44 años;Defunciones;La Gomera;1
2020;Mujeres;De 35 a 44 años;Defunciones;Gran Canaria;51
2020;Mujeres;De 35 a 44 años;Defunciones;Fuerteventura;4
2020;Mujeres;De 35 a 44 años;Defunciones;El Hierro;1
2020;Mujeres;De 35 a 44 años;Defunciones;Canarias;113
2020;Mujeres;De 25 a 34 años;Defunciones;Tenerife;16
2020;Mujeres;De 25 a 34 años;Defunciones;Lanzarote;0
2020;Mujeres;De 25 a 34 años;Defunciones;La Palma;1
2020;Mujeres;De 25 a 34 años;Defunciones;La Gomera;0
2020;Mujeres;De 25 a 34 años;Defunciones;Gran Canaria;24
2020;Mujeres;De 25 a 34 años;Defunciones;Fuerteventura;1
2020;Mujeres;De 25 a 34 años;Defunciones;El Hierro;0
2020;Mujeres;De 25 a 34 años;Defunciones;Canarias;42
2020;Mujeres;De 1 a 4 años;Defunciones;Tenerife;1
2020;Mujeres;De 1 a 4 años;Defunciones;Lanzarote;0
2020;Mujeres;De 1 a 4 años;Defunciones;La Palma;0
2020;Mujeres;De 1 a 4 años;Defunciones;La Gomera;0
2020;Mujeres;De 1 a 4 años;Defunciones;Gran Canaria;0
2020;Mujeres;De 1 a 4 años;Defunciones;Fuerteventura;0
2020;Mujeres;De 1 a 4 años;Defunciones;El Hierro;0
2020;Mujeres;De 1 a 4 años;Defunciones;Canarias;1
2020;Mujeres;De 15 a 24 años;Defunciones;Tenerife;8
2020;Mujeres;De 15 a 24 años;Defunciones;Lanzarote;0
2020;Mujeres;De 15 a 24 años;Defunciones;La Palma;0
2020;Mujeres;De 15 a 24 años;Defunciones;La Gomera;0
2020;Mujeres;De 15 a 24 años;Defunciones;Gran Canaria;5
2020;Mujeres;De 15 a 24 años;Defunciones;Fuerteventura;0
2020;Mujeres;De 15 a 24 años;Defunciones;El Hierro;0
2020;Mujeres;De 15 a 24 años;Defunciones;Canarias;13
2020;Mujeres;Total;Defunciones;Tenerife;3399
2020;Mujeres;Total;Defunciones;Lanzarote;328
2020;Mujeres;Total;Defunciones;La Palma;365
2020;Mujeres;Total;Defunciones;La Gomera;107
2020;Mujeres;Total;Defunciones;Gran Canaria;3300
2020;Mujeres;Total;Defunciones;Fuerteventura;177
2020;Mujeres;Total;Defunciones;El Hierro;45
2020;Mujeres;Total;Defunciones;Canarias;7721
2020;Mujeres;Menos de 7 días;Defunciones;Tenerife;4
2020;Mujeres;Menos de 7 días;Defunciones;Lanzarote;1
2020;Mujeres;Menos de 7 días;Defunciones;La Palma;0
2020;Mujeres;Menos de 7 días;Defunciones;La Gomera;0
2020;Mujeres;Menos de 7 días;Defunciones;Gran Canaria;3
2020;Mujeres;Menos de 7 días;Defunciones;Fuerteventura;0
2020;Mujeres;Menos de 7 días;Defunciones;El Hierro;0
2020;Mujeres;Menos de 7 días;Defunciones;Canarias;8
2020;Mujeres;De 7 a 27 días;Defunciones;Tenerife;3
2020;Mujeres;De 7 a 27 días;Defunciones;Lanzarote;0
2020;Mujeres;De 7 a 27 días;Defunciones;La Palma;0
2020;Mujeres;De 7 a 27 días;Defunciones;La Gomera;0
2020;Mujeres;De 7 a 27 días;Defunciones;Gran Canaria;0
2020;Mujeres;De 7 a 27 días;Defunciones;Fuerteventura;0
2020;Mujeres;De 7 a 27 días;Defunciones;El Hierro;1
2020;Mujeres;De 7 a 27 días;Defunciones;Canarias;4
2020;Mujeres;De 28 días a menos de 1 año;Defunciones;Tenerife;2
2020;Mujeres;De 28 días a menos de 1 año;Defunciones;Lanzarote;0
2020;Mujeres;De 28 días a menos de 1 año;Defunciones;La Palma;0
2020;Mujeres;De 28 días a menos de 1 año;Defunciones;La Gomera;0
2020;Mujeres;De 28 días a menos de 1 año;Defunciones;Gran Canaria;5
2020;Mujeres;De 28 días a menos de 1 año;Defunciones;Fuerteventura;1
2020;Mujeres;De 28 días a menos de 1 año;Defunciones;El Hierro;0
2020;Mujeres;De 28 días a menos de 1 año;Defunciones;Canarias;8
2021;Total;Menor de 1 año;Defunciones;Tenerife;14
2021;Total;Menor de 1 año;Defunciones;Lanzarote;3
2021;Total;Menor de 1 año;Defunciones;La Palma;1
2021;Total;Menor de 1 año;Defunciones;La Gomera;1
2021;Total;Menor de 1 año;Defunciones;Gran Canaria;16
2021;Total;Menor de 1 año;Defunciones;Fuerteventura;1
2021;Total;Menor de 1 año;Defunciones;El Hierro;0
2021;Total;Menor de 1 año;Defunciones;Canarias;36
2021;Total;95 años o más;Defunciones;Tenerife;380
2021;Total;95 años o más;Defunciones;Lanzarote;31
2021;Total;95 años o más;Defunciones;La Palma;69
2021;Total;95 años o más;Defunciones;La Gomera;12
2021;Total;95 años o más;Defunciones;Gran Canaria;412
2021;Total;95 años o más;Defunciones;Fuerteventura;32
2021;Total;95 años o más;Defunciones;El Hierro;12
2021;Total;95 años o más;Defunciones;Canarias;948
2021;Total;De 85 a 94 años;Defunciones;Tenerife;2316
2021;Total;De 85 a 94 años;Defunciones;Lanzarote;201
2021;Total;De 85 a 94 años;Defunciones;La Palma;346
2021;Total;De 85 a 94 años;Defunciones;La Gomera;74
2021;Total;De 85 a 94 años;Defunciones;Gran Canaria;2290
2021;Total;De 85 a 94 años;Defunciones;Fuerteventura;120
2021;Total;De 85 a 94 años;Defunciones;El Hierro;55
2021;Total;De 85 a 94 años;Defunciones;Canarias;5402
2021;Total;De 75 a 84 años;Defunciones;Tenerife;1937
2021;Total;De 75 a 84 años;Defunciones;Lanzarote;200
2021;Total;De 75 a 84 años;Defunciones;La Palma;247
2021;Total;De 75 a 84 años;Defunciones;La Gomera;54
2021;Total;De 75 a 84 años;Defunciones;Gran Canaria;1882
2021;Total;De 75 a 84 años;Defunciones;Fuerteventura;110
2021;Total;De 75 a 84 años;Defunciones;El Hierro;30
2021;Total;De 75 a 84 años;Defunciones;Canarias;4460
2021;Total;De 65 a 74 años;Defunciones;Tenerife;1263
2021;Total;De 65 a 74 años;Defunciones;Lanzarote;155
2021;Total;De 65 a 74 años;Defunciones;La Palma;136
2021;Total;De 65 a 74 años;Defunciones;La Gomera;28
2021;Total;De 65 a 74 años;Defunciones;Gran Canaria;1264
2021;Total;De 65 a 74 años;Defunciones;Fuerteventura;119
2021;Total;De 65 a 74 años;Defunciones;El Hierro;12
2021;Total;De 65 a 74 años;Defunciones;Canarias;2977
2021;Total;De 5 a 14 años;Defunciones;Tenerife;8
2021;Total;De 5 a 14 años;Defunciones;Lanzarote;2
2021;Total;De 5 a 14 años;Defunciones;La Palma;0
2021;Total;De 5 a 14 años;Defunciones;La Gomera;0
2021;Total;De 5 a 14 años;Defunciones;Gran Canaria;6
2021;Total;De 5 a 14 años;Defunciones;Fuerteventura;0
2021;Total;De 5 a 14 años;Defunciones;El Hierro;0
2021;Total;De 5 a 14 años;Defunciones;Canarias;16
2021;Total;De 55 a 64 años;Defunciones;Tenerife;797
2021;Total;De 55 a 64 años;Defunciones;Lanzarote;125
2021;Total;De 55 a 64 años;Defunciones;La Palma;75
2021;Total;De 55 a 64 años;Defunciones;La Gomera;19
2021;Total;De 55 a 64 años;Defunciones;Gran Canaria;841
2021;Total;De 55 a 64 años;Defunciones;Fuerteventura;95
2021;Total;De 55 a 64 años;Defunciones;El Hierro;9
2021;Total;De 55 a 64 años;Defunciones;Canarias;1961
2021;Total;De 45 a 54 años;Defunciones;Tenerife;375
2021;Total;De 45 a 54 años;Defunciones;Lanzarote;58
2021;Total;De 45 a 54 años;Defunciones;La Palma;26
2021;Total;De 45 a 54 años;Defunciones;La Gomera;14
2021;Total;De 45 a 54 años;Defunciones;Gran Canaria;334
2021;Total;De 45 a 54 años;Defunciones;Fuerteventura;42
2021;Total;De 45 a 54 años;Defunciones;El Hierro;3
2021;Total;De 45 a 54 años;Defunciones;Canarias;852
2021;Total;De 35 a 44 años;Defunciones;Tenerife;117
2021;Total;De 35 a 44 años;Defunciones;Lanzarote;16
2021;Total;De 35 a 44 años;Defunciones;La Palma;12
2021;Total;De 35 a 44 años;Defunciones;La Gomera;2
2021;Total;De 35 a 44 años;Defunciones;Gran Canaria;112
2021;Total;De 35 a 44 años;Defunciones;Fuerteventura;14
2021;Total;De 35 a 44 años;Defunciones;El Hierro;0
2021;Total;De 35 a 44 años;Defunciones;Canarias;273
2021;Total;De 25 a 34 años;Defunciones;Tenerife;73
2021;Total;De 25 a 34 años;Defunciones;Lanzarote;9
2021;Total;De 25 a 34 años;Defunciones;La Palma;4
2021;Total;De 25 a 34 años;Defunciones;La Gomera;0
2021;Total;De 25 a 34 años;Defunciones;Gran Canaria;40
2021;Total;De 25 a 34 años;Defunciones;Fuerteventura;14
2021;Total;De 25 a 34 años;Defunciones;El Hierro;0
2021;Total;De 25 a 34 años;Defunciones;Canarias;140
2021;Total;De 1 a 4 años;Defunciones;Tenerife;3
2021;Total;De 1 a 4 años;Defunciones;Lanzarote;0
2021;Total;De 1 a 4 años;Defunciones;La Palma;1
2021;Total;De 1 a 4 años;Defunciones;La Gomera;0
2021;Total;De 1 a 4 años;Defunciones;Gran Canaria;7
2021;Total;De 1 a 4 años;Defunciones;Fuerteventura;0
2021;Total;De 1 a 4 años;Defunciones;El Hierro;0
2021;Total;De 1 a 4 años;Defunciones;Canarias;11
2021;Total;De 15 a 24 años;Defunciones;Tenerife;28
2021;Total;De 15 a 24 años;Defunciones;Lanzarote;7
2021;Total;De 15 a 24 años;Defunciones;La Palma;4
2021;Total;De 15 a 24 años;Defunciones;La Gomera;0
2021;Total;De 15 a 24 años;Defunciones;Gran Canaria;31
2021;Total;De 15 a 24 años;Defunciones;Fuerteventura;3
2021;Total;De 15 a 24 años;Defunciones;El Hierro;0
2021;Total;De 15 a 24 años;Defunciones;Canarias;73
2021;Total;Total;Defunciones;Tenerife;7311
2021;Total;Total;Defunciones;Lanzarote;807
2021;Total;Total;Defunciones;La Palma;921
2021;Total;Total;Defunciones;La Gomera;204
2021;Total;Total;Defunciones;Gran Canaria;7235
2021;Total;Total;Defunciones;Fuerteventura;550
2021;Total;Total;Defunciones;El Hierro;121
2021;Total;Total;Defunciones;Canarias;17149
2021;Total;Menos de 7 días;Defunciones;Tenerife;8
2021;Total;Menos de 7 días;Defunciones;Lanzarote;1
2021;Total;Menos de 7 días;Defunciones;La Palma;1
2021;Total;Menos de 7 días;Defunciones;La Gomera;1
2021;Total;Menos de 7 días;Defunciones;Gran Canaria;8
2021;Total;Menos de 7 días;Defunciones;Fuerteventura;0
2021;Total;Menos de 7 días;Defunciones;El Hierro;0
2021;Total;Menos de 7 días;Defunciones;Canarias;19
2021;Total;De 7 a 27 días;Defunciones;Tenerife;3
2021;Total;De 7 a 27 días;Defunciones;Lanzarote;2
2021;Total;De 7 a 27 días;Defunciones;La Palma;0
2021;Total;De 7 a 27 días;Defunciones;La Gomera;0
2021;Total;De 7 a 27 días;Defunciones;Gran Canaria;4
2021;Total;De 7 a 27 días;Defunciones;Fuerteventura;0
2021;Total;De 7 a 27 días;Defunciones;El Hierro;0
2021;Total;De 7 a 27 días;Defunciones;Canarias;9
2021;Total;De 28 días a menos de 1 año;Defunciones;Tenerife;3
2021;Total;De 28 días a menos de 1 año;Defunciones;Lanzarote;0
2021;Total;De 28 días a menos de 1 año;Defunciones;La Palma;0
2021;Total;De 28 días a menos de 1 año;Defunciones;La Gomera;0
2021;Total;De 28 días a menos de 1 año;Defunciones;Gran Canaria;4
2021;Total;De 28 días a menos de 1 año;Defunciones;Fuerteventura;1
2021;Total;De 28 días a menos de 1 año;Defunciones;El Hierro;0
2021;Total;De 28 días a menos de 1 año;Defunciones;Canarias;8
2021;Hombres;Menor de 1 año;Defunciones;Tenerife;6
2021;Hombres;Menor de 1 año;Defunciones;Lanzarote;3
2021;Hombres;Menor de 1 año;Defunciones;La Palma;1
2021;Hombres;Menor de 1 año;Defunciones;La Gomera;1
2021;Hombres;Menor de 1 año;Defunciones;Gran Canaria;4
2021;Hombres;Menor de 1 año;Defunciones;Fuerteventura;1
2021;Hombres;Menor de 1 año;Defunciones;El Hierro;0
2021;Hombres;Menor de 1 año;Defunciones;Canarias;16
2021;Hombres;95 años o más;Defunciones;Tenerife;88
2021;Hombres;95 años o más;Defunciones;Lanzarote;5
2021;Hombres;95 años o más;Defunciones;La Palma;18
2021;Hombres;95 años o más;Defunciones;La Gomera;3
2021;Hombres;95 años o más;Defunciones;Gran Canaria;109
2021;Hombres;95 años o más;Defunciones;Fuerteventura;12
2021;Hombres;95 años o más;Defunciones;El Hierro;4
2021;Hombres;95 años o más;Defunciones;Canarias;239
2021;Hombres;De 85 a 94 años;Defunciones;Tenerife;913
2021;Hombres;De 85 a 94 años;Defunciones;Lanzarote;82
2021;Hombres;De 85 a 94 años;Defunciones;La Palma;145
2021;Hombres;De 85 a 94 años;Defunciones;La Gomera;26
2021;Hombres;De 85 a 94 años;Defunciones;Gran Canaria;953
2021;Hombres;De 85 a 94 años;Defunciones;Fuerteventura;55
2021;Hombres;De 85 a 94 años;Defunciones;El Hierro;32
2021;Hombres;De 85 a 94 años;Defunciones;Canarias;2206
2021;Hombres;De 75 a 84 años;Defunciones;Tenerife;1085
2021;Hombres;De 75 a 84 años;Defunciones;Lanzarote;124
2021;Hombres;De 75 a 84 años;Defunciones;La Palma;136
2021;Hombres;De 75 a 84 años;Defunciones;La Gomera;32
2021;Hombres;De 75 a 84 años;Defunciones;Gran Canaria;1048
2021;Hombres;De 75 a 84 años;Defunciones;Fuerteventura;65
2021;Hombres;De 75 a 84 años;Defunciones;El Hierro;20
2021;Hombres;De 75 a 84 años;Defunciones;Canarias;2510
2021;Hombres;De 65 a 74 años;Defunciones;Tenerife;823
2021;Hombres;De 65 a 74 años;Defunciones;Lanzarote;101
2021;Hombres;De 65 a 74 años;Defunciones;La Palma;95
2021;Hombres;De 65 a 74 años;Defunciones;La Gomera;22
2021;Hombres;De 65 a 74 años;Defunciones;Gran Canaria;832
2021;Hombres;De 65 a 74 años;Defunciones;Fuerteventura;88
2021;Hombres;De 65 a 74 años;Defunciones;El Hierro;9
2021;Hombres;De 65 a 74 años;Defunciones;Canarias;1970
2021;Hombres;De 5 a 14 años;Defunciones;Tenerife;5
2021;Hombres;De 5 a 14 años;Defunciones;Lanzarote;2
2021;Hombres;De 5 a 14 años;Defunciones;La Palma;0
2021;Hombres;De 5 a 14 años;Defunciones;La Gomera;0
2021;Hombres;De 5 a 14 años;Defunciones;Gran Canaria;1
2021;Hombres;De 5 a 14 años;Defunciones;Fuerteventura;0
2021;Hombres;De 5 a 14 años;Defunciones;El Hierro;0
2021;Hombres;De 5 a 14 años;Defunciones;Canarias;8
2021;Hombres;De 55 a 64 años;Defunciones;Tenerife;528
2021;Hombres;De 55 a 64 años;Defunciones;Lanzarote;92
2021;Hombres;De 55 a 64 años;Defunciones;La Palma;52
2021;Hombres;De 55 a 64 años;Defunciones;La Gomera;15
2021;Hombres;De 55 a 64 años;Defunciones;Gran Canaria;571
2021;Hombres;De 55 a 64 años;Defunciones;Fuerteventura;60
2021;Hombres;De 55 a 64 años;Defunciones;El Hierro;5
2021;Hombres;De 55 a 64 años;Defunciones;Canarias;1323
2021;Hombres;De 45 a 54 años;Defunciones;Tenerife;236
2021;Hombres;De 45 a 54 años;Defunciones;Lanzarote;32
2021;Hombres;De 45 a 54 años;Defunciones;La Palma;18
2021;Hombres;De 45 a 54 años;Defunciones;La Gomera;7
2021;Hombres;De 45 a 54 años;Defunciones;Gran Canaria;207
2021;Hombres;De 45 a 54 años;Defunciones;Fuerteventura;31
2021;Hombres;De 45 a 54 años;Defunciones;El Hierro;2
2021;Hombres;De 45 a 54 años;Defunciones;Canarias;533
2021;Hombres;De 35 a 44 años;Defunciones;Tenerife;72
2021;Hombres;De 35 a 44 años;Defunciones;Lanzarote;11
2021;Hombres;De 35 a 44 años;Defunciones;La Palma;8
2021;Hombres;De 35 a 44 años;Defunciones;La Gomera;2
2021;Hombres;De 35 a 44 años;Defunciones;Gran Canaria;71
2021;Hombres;De 35 a 44 años;Defunciones;Fuerteventura;11
2021;Hombres;De 35 a 44 años;Defunciones;El Hierro;0
2021;Hombres;De 35 a 44 años;Defunciones;Canarias;175
2021;Hombres;De 25 a 34 años;Defunciones;Tenerife;66
2021;Hombres;De 25 a 34 años;Defunciones;Lanzarote;7
2021;Hombres;De 25 a 34 años;Defunciones;La Palma;3
2021;Hombres;De 25 a 34 años;Defunciones;La Gomera;0
2021;Hombres;De 25 a 34 años;Defunciones;Gran Canaria;26
2021;Hombres;De 25 a 34 años;Defunciones;Fuerteventura;4
2021;Hombres;De 25 a 34 años;Defunciones;El Hierro;0
2021;Hombres;De 25 a 34 años;Defunciones;Canarias;106
2021;Hombres;De 1 a 4 años;Defunciones;Tenerife;1
2021;Hombres;De 1 a 4 años;Defunciones;Lanzarote;0
2021;Hombres;De 1 a 4 años;Defunciones;La Palma;1
2021;Hombres;De 1 a 4 años;Defunciones;La Gomera;0
2021;Hombres;De 1 a 4 años;Defunciones;Gran Canaria;4
2021;Hombres;De 1 a 4 años;Defunciones;Fuerteventura;0
2021;Hombres;De 1 a 4 años;Defunciones;El Hierro;0
2021;Hombres;De 1 a 4 años;Defunciones;Canarias;6
2021;Hombres;De 15 a 24 años;Defunciones;Tenerife;15
2021;Hombres;De 15 a 24 años;Defunciones;Lanzarote;7
2021;Hombres;De 15 a 24 años;Defunciones;La Palma;3
2021;Hombres;De 15 a 24 años;Defunciones;La Gomera;0
2021;Hombres;De 15 a 24 años;Defunciones;Gran Canaria;22
2021;Hombres;De 15 a 24 años;Defunciones;Fuerteventura;3
2021;Hombres;De 15 a 24 años;Defunciones;El Hierro;0
2021;Hombres;De 15 a 24 años;Defunciones;Canarias;50
2021;Hombres;Total;Defunciones;Tenerife;3838
2021;Hombres;Total;Defunciones;Lanzarote;466
2021;Hombres;Total;Defunciones;La Palma;480
2021;Hombres;Total;Defunciones;La Gomera;108
2021;Hombres;Total;Defunciones;Gran Canaria;3848
2021;Hombres;Total;Defunciones;Fuerteventura;330
2021;Hombres;Total;Defunciones;El Hierro;72
2021;Hombres;Total;Defunciones;Canarias;9142
2021;Hombres;Menos de 7 días;Defunciones;Tenerife;4
2021;Hombres;Menos de 7 días;Defunciones;Lanzarote;1
2021;Hombres;Menos de 7 días;Defunciones;La Palma;1
2021;Hombres;Menos de 7 días;Defunciones;La Gomera;1
2021;Hombres;Menos de 7 días;Defunciones;Gran Canaria;0
2021;Hombres;Menos de 7 días;Defunciones;Fuerteventura;0
2021;Hombres;Menos de 7 días;Defunciones;El Hierro;0
2021;Hombres;Menos de 7 días;Defunciones;Canarias;7
2021;Hombres;De 7 a 27 días;Defunciones;Tenerife;2
2021;Hombres;De 7 a 27 días;Defunciones;Lanzarote;2
2021;Hombres;De 7 a 27 días;Defunciones;La Palma;0
2021;Hombres;De 7 a 27 días;Defunciones;La Gomera;0
2021;Hombres;De 7 a 27 días;Defunciones;Gran Canaria;3
2021;Hombres;De 7 a 27 días;Defunciones;Fuerteventura;0
2021;Hombres;De 7 a 27 días;Defunciones;El Hierro;0
2021;Hombres;De 7 a 27 días;Defunciones;Canarias;7
2021;Hombres;De 28 días a menos de 1 año;Defunciones;Tenerife;0
2021;Hombres;De 28 días a menos de 1 año;Defunciones;Lanzarote;0
2021;Hombres;De 28 días a menos de 1 año;Defunciones;La Palma;0
2021;Hombres;De 28 días a menos de 1 año;Defunciones;La Gomera;0
2021;Hombres;De 28 días a menos de 1 año;Defunciones;Gran Canaria;1
2021;Hombres;De 28 días a menos de 1 año;Defunciones;Fuerteventura;1
2021;Hombres;De 28 días a menos de 1 año;Defunciones;El Hierro;0
2021;Hombres;De 28 días a menos de 1 año;Defunciones;Canarias;2
2021;Mujeres;Menor de 1 año;Defunciones;Tenerife;8
2021;Mujeres;Menor de 1 año;Defunciones;Lanzarote;0
2021;Mujeres;Menor de 1 año;Defunciones;La Palma;0
2021;Mujeres;Menor de 1 año;Defunciones;La Gomera;0
2021;Mujeres;Menor de 1 año;Defunciones;Gran Canaria;12
2021;Mujeres;Menor de 1 año;Defunciones;Fuerteventura;0
2021;Mujeres;Menor de 1 año;Defunciones;El Hierro;0
2021;Mujeres;Menor de 1 año;Defunciones;Canarias;20
2021;Mujeres;95 años o más;Defunciones;Tenerife;292
2021;Mujeres;95 años o más;Defunciones;Lanzarote;26
2021;Mujeres;95 años o más;Defunciones;La Palma;51
2021;Mujeres;95 años o más;Defunciones;La Gomera;9
2021;Mujeres;95 años o más;Defunciones;Gran Canaria;303
2021;Mujeres;95 años o más;Defunciones;Fuerteventura;20
2021;Mujeres;95 años o más;Defunciones;El Hierro;8
2021;Mujeres;95 años o más;Defunciones;Canarias;709
2021;Mujeres;De 85 a 94 años;Defunciones;Tenerife;1403
2021;Mujeres;De 85 a 94 años;Defunciones;Lanzarote;119
2021;Mujeres;De 85 a 94 años;Defunciones;La Palma;201
2021;Mujeres;De 85 a 94 años;Defunciones;La Gomera;48
2021;Mujeres;De 85 a 94 años;Defunciones;Gran Canaria;1337
2021;Mujeres;De 85 a 94 años;Defunciones;Fuerteventura;65
2021;Mujeres;De 85 a 94 años;Defunciones;El Hierro;23
2021;Mujeres;De 85 a 94 años;Defunciones;Canarias;3196
2021;Mujeres;De 75 a 84 años;Defunciones;Tenerife;852
2021;Mujeres;De 75 a 84 años;Defunciones;Lanzarote;76
2021;Mujeres;De 75 a 84 años;Defunciones;La Palma;111
2021;Mujeres;De 75 a 84 años;Defunciones;La Gomera;22
2021;Mujeres;De 75 a 84 años;Defunciones;Gran Canaria;834
2021;Mujeres;De 75 a 84 años;Defunciones;Fuerteventura;45
2021;Mujeres;De 75 a 84 años;Defunciones;El Hierro;10
2021;Mujeres;De 75 a 84 años;Defunciones;Canarias;1950
2021;Mujeres;De 65 a 74 años;Defunciones;Tenerife;440
2021;Mujeres;De 65 a 74 años;Defunciones;Lanzarote;54
2021;Mujeres;De 65 a 74 años;Defunciones;La Palma;41
2021;Mujeres;De 65 a 74 años;Defunciones;La Gomera;6
2021;Mujeres;De 65 a 74 años;Defunciones;Gran Canaria;432
2021;Mujeres;De 65 a 74 años;Defunciones;Fuerteventura;31
2021;Mujeres;De 65 a 74 años;Defunciones;El Hierro;3
2021;Mujeres;De 65 a 74 años;Defunciones;Canarias;1007
2021;Mujeres;De 5 a 14 años;Defunciones;Tenerife;3
2021;Mujeres;De 5 a 14 años;Defunciones;Lanzarote;0
2021;Mujeres;De 5 a 14 años;Defunciones;La Palma;0
2021;Mujeres;De 5 a 14 años;Defunciones;La Gomera;0
2021;Mujeres;De 5 a 14 años;Defunciones;Gran Canaria;5
2021;Mujeres;De 5 a 14 años;Defunciones;Fuerteventura;0
2021;Mujeres;De 5 a 14 años;Defunciones;El Hierro;0
2021;Mujeres;De 5 a 14 años;Defunciones;Canarias;8
2021;Mujeres;De 55 a 64 años;Defunciones;Tenerife;269
2021;Mujeres;De 55 a 64 años;Defunciones;Lanzarote;33
2021;Mujeres;De 55 a 64 años;Defunciones;La Palma;23
2021;Mujeres;De 55 a 64 años;Defunciones;La Gomera;4
2021;Mujeres;De 55 a 64 años;Defunciones;Gran Canaria;270
2021;Mujeres;De 55 a 64 años;Defunciones;Fuerteventura;35
2021;Mujeres;De 55 a 64 años;Defunciones;El Hierro;4
2021;Mujeres;De 55 a 64 años;Defunciones;Canarias;638
2021;Mujeres;De 45 a 54 años;Defunciones;Tenerife;139
2021;Mujeres;De 45 a 54 años;Defunciones;Lanzarote;26
2021;Mujeres;De 45 a 54 años;Defunciones;La Palma;8
2021;Mujeres;De 45 a 54 años;Defunciones;La Gomera;7
2021;Mujeres;De 45 a 54 años;Defunciones;Gran Canaria;127
2021;Mujeres;De 45 a 54 años;Defunciones;Fuerteventura;11
2021;Mujeres;De 45 a 54 años;Defunciones;El Hierro;1
2021;Mujeres;De 45 a 54 años;Defunciones;Canarias;319
2021;Mujeres;De 35 a 44 años;Defunciones;Tenerife;45
2021;Mujeres;De 35 a 44 años;Defunciones;Lanzarote;5
2021;Mujeres;De 35 a 44 años;Defunciones;La Palma;4
2021;Mujeres;De 35 a 44 años;Defunciones;La Gomera;0
2021;Mujeres;De 35 a 44 años;Defunciones;Gran Canaria;41
2021;Mujeres;De 35 a 44 años;Defunciones;Fuerteventura;3
2021;Mujeres;De 35 a 44 años;Defunciones;El Hierro;0
2021;Mujeres;De 35 a 44 años;Defunciones;Canarias;98
2021;Mujeres;De 25 a 34 años;Defunciones;Tenerife;7
2021;Mujeres;De 25 a 34 años;Defunciones;Lanzarote;2
2021;Mujeres;De 25 a 34 años;Defunciones;La Palma;1
2021;Mujeres;De 25 a 34 años;Defunciones;La Gomera;0
2021;Mujeres;De 25 a 34 años;Defunciones;Gran Canaria;14
2021;Mujeres;De 25 a 34 años;Defunciones;Fuerteventura;10
2021;Mujeres;De 25 a 34 años;Defunciones;El Hierro;0
2021;Mujeres;De 25 a 34 años;Defunciones;Canarias;34
2021;Mujeres;De 1 a 4 años;Defunciones;Tenerife;2
2021;Mujeres;De 1 a 4 años;Defunciones;Lanzarote;0
2021;Mujeres;De 1 a 4 años;Defunciones;La Palma;0
2021;Mujeres;De 1 a 4 años;Defunciones;La Gomera;0
2021;Mujeres;De 1 a 4 años;Defunciones;Gran Canaria;3
2021;Mujeres;De 1 a 4 años;Defunciones;Fuerteventura;0
2021;Mujeres;De 1 a 4 años;Defunciones;El Hierro;0
2021;Mujeres;De 1 a 4 años;Defunciones;Canarias;5
2021;Mujeres;De 15 a 24 años;Defunciones;Tenerife;13
2021;Mujeres;De 15 a 24 años;Defunciones;Lanzarote;0
2021;Mujeres;De 15 a 24 años;Defunciones;La Palma;1
2021;Mujeres;De 15 a 24 años;Defunciones;La Gomera;0
2021;Mujeres;De 15 a 24 años;Defunciones;Gran Canaria;9
2021;Mujeres;De 15 a 24 años;Defunciones;Fuerteventura;0
2021;Mujeres;De 15 a 24 años;Defunciones;El Hierro;0
2021;Mujeres;De 15 a 24 años;Defunciones;Canarias;23
2021;Mujeres;Total;Defunciones;Tenerife;3473
2021;Mujeres;Total;Defunciones;Lanzarote;341
2021;Mujeres;Total;Defunciones;La Palma;441
2021;Mujeres;Total;Defunciones;La Gomera;96
2021;Mujeres;Total;Defunciones;Gran Canaria;3387
2021;Mujeres;Total;Defunciones;Fuerteventura;220
2021;Mujeres;Total;Defunciones;El Hierro;49
2021;Mujeres;Total;Defunciones;Canarias;8007
2021;Mujeres;Menos de 7 días;Defunciones;Tenerife;4
2021;Mujeres;Menos de 7 días;Defunciones;Lanzarote;0
2021;Mujeres;Menos de 7 días;Defunciones;La Palma;0
2021;Mujeres;Menos de 7 días;Defunciones;La Gomera;0
2021;Mujeres;Menos de 7 días;Defunciones;Gran Canaria;8
2021;Mujeres;Menos de 7 días;Defunciones;Fuerteventura;0
2021;Mujeres;Menos de 7 días;Defunciones;El Hierro;0
2021;Mujeres;Menos de 7 días;Defunciones;Canarias;12
2021;Mujeres;De 7 a 27 días;Defunciones;Tenerife;1
2021;Mujeres;De 7 a 27 días;Defunciones;Lanzarote;0
2021;Mujeres;De 7 a 27 días;Defunciones;La Palma;0
2021;Mujeres;De 7 a 27 días;Defunciones;La Gomera;0
2021;Mujeres;De 7 a 27 días;Defunciones;Gran Canaria;1
2021;Mujeres;De 7 a 27 días;Defunciones;Fuerteventura;0
2021;Mujeres;De 7 a 27 días;Defunciones;El Hierro;0
2021;Mujeres;De 7 a 27 días;Defunciones;Canarias;2
2021;Mujeres;De 28 días a menos de 1 año;Defunciones;Tenerife;3
2021;Mujeres;De 28 días a menos de 1 año;Defunciones;Lanzarote;0
2021;Mujeres;De 28 días a menos de 1 año;Defunciones;La Palma;0
2021;Mujeres;De 28 días a menos de 1 año;Defunciones;La Gomera;0
2021;Mujeres;De 28 días a menos de 1 año;Defunciones;Gran Canaria;3
2021;Mujeres;De 28 días a menos de 1 año;Defunciones;Fuerteventura;0
2021;Mujeres;De 28 días a menos de 1 año;Defunciones;El Hierro;0
2021;Mujeres;De 28 días a menos de 1 año;Defunciones;Canarias;6
2022;Total;Menor de 1 año;Defunciones;Tenerife;14
2022;Total;Menor de 1 año;Defunciones;Lanzarote;3
2022;Total;Menor de 1 año;Defunciones;La Palma;2
2022;Total;Menor de 1 año;Defunciones;La Gomera;0
2022;Total;Menor de 1 año;Defunciones;Gran Canaria;15
2022;Total;Menor de 1 año;Defunciones;Fuerteventura;3
2022;Total;Menor de 1 año;Defunciones;El Hierro;1
2022;Total;Menor de 1 año;Defunciones;Canarias;38
2022;Total;95 años o más;Defunciones;Tenerife;449
2022;Total;95 años o más;Defunciones;Lanzarote;53
2022;Total;95 años o más;Defunciones;La Palma;71
2022;Total;95 años o más;Defunciones;La Gomera;10
2022;Total;95 años o más;Defunciones;Gran Canaria;442
2022;Total;95 años o más;Defunciones;Fuerteventura;30
2022;Total;95 años o más;Defunciones;El Hierro;15
2022;Total;95 años o más;Defunciones;Canarias;1070
2022;Total;De 85 a 94 años;Defunciones;Tenerife;2687
2022;Total;De 85 a 94 años;Defunciones;Lanzarote;239
2022;Total;De 85 a 94 años;Defunciones;La Palma;326
2022;Total;De 85 a 94 años;Defunciones;La Gomera;91
2022;Total;De 85 a 94 años;Defunciones;Gran Canaria;2533
2022;Total;De 85 a 94 años;Defunciones;Fuerteventura;123
2022;Total;De 85 a 94 años;Defunciones;El Hierro;41
2022;Total;De 85 a 94 años;Defunciones;Canarias;6040
2022;Total;De 75 a 84 años;Defunciones;Tenerife;2246
2022;Total;De 75 a 84 años;Defunciones;Lanzarote;216
2022;Total;De 75 a 84 años;Defunciones;La Palma;237
2022;Total;De 75 a 84 años;Defunciones;La Gomera;47
2022;Total;De 75 a 84 años;Defunciones;Gran Canaria;2118
2022;Total;De 75 a 84 años;Defunciones;Fuerteventura;111
2022;Total;De 75 a 84 años;Defunciones;El Hierro;29
2022;Total;De 75 a 84 años;Defunciones;Canarias;5004
2022;Total;De 65 a 74 años;Defunciones;Tenerife;1403
2022;Total;De 65 a 74 años;Defunciones;Lanzarote;147
2022;Total;De 65 a 74 años;Defunciones;La Palma;120
2022;Total;De 65 a 74 años;Defunciones;La Gomera;31
2022;Total;De 65 a 74 años;Defunciones;Gran Canaria;1386
2022;Total;De 65 a 74 años;Defunciones;Fuerteventura;117
2022;Total;De 65 a 74 años;Defunciones;El Hierro;5
2022;Total;De 65 a 74 años;Defunciones;Canarias;3209
2022;Total;De 5 a 14 años;Defunciones;Tenerife;5
2022;Total;De 5 a 14 años;Defunciones;Lanzarote;1
2022;Total;De 5 a 14 años;Defunciones;La Palma;1
2022;Total;De 5 a 14 años;Defunciones;La Gomera;0
2022;Total;De 5 a 14 años;Defunciones;Gran Canaria;6
2022;Total;De 5 a 14 años;Defunciones;Fuerteventura;4
2022;Total;De 5 a 14 años;Defunciones;El Hierro;0
2022;Total;De 5 a 14 años;Defunciones;Canarias;17
2022;Total;De 55 a 64 años;Defunciones;Tenerife;856
2022;Total;De 55 a 64 años;Defunciones;Lanzarote;127
2022;Total;De 55 a 64 años;Defunciones;La Palma;87
2022;Total;De 55 a 64 años;Defunciones;La Gomera;22
2022;Total;De 55 a 64 años;Defunciones;Gran Canaria;836
2022;Total;De 55 a 64 años;Defunciones;Fuerteventura;78
2022;Total;De 55 a 64 años;Defunciones;El Hierro;5
2022;Total;De 55 a 64 años;Defunciones;Canarias;2011
2022;Total;De 45 a 54 años;Defunciones;Tenerife;345
2022;Total;De 45 a 54 años;Defunciones;Lanzarote;52
2022;Total;De 45 a 54 años;Defunciones;La Palma;28
2022;Total;De 45 a 54 años;Defunciones;La Gomera;13
2022;Total;De 45 a 54 años;Defunciones;Gran Canaria;381
2022;Total;De 45 a 54 años;Defunciones;Fuerteventura;42
2022;Total;De 45 a 54 años;Defunciones;El Hierro;1
2022;Total;De 45 a 54 años;Defunciones;Canarias;862
2022;Total;De 35 a 44 años;Defunciones;Tenerife;117
2022;Total;De 35 a 44 años;Defunciones;Lanzarote;15
2022;Total;De 35 a 44 años;Defunciones;La Palma;11
2022;Total;De 35 a 44 años;Defunciones;La Gomera;4
2022;Total;De 35 a 44 años;Defunciones;Gran Canaria;111
2022;Total;De 35 a 44 años;Defunciones;Fuerteventura;17
2022;Total;De 35 a 44 años;Defunciones;El Hierro;0
2022;Total;De 35 a 44 años;Defunciones;Canarias;275
2022;Total;De 25 a 34 años;Defunciones;Tenerife;42
2022;Total;De 25 a 34 años;Defunciones;Lanzarote;11
2022;Total;De 25 a 34 años;Defunciones;La Palma;5
2022;Total;De 25 a 34 años;Defunciones;La Gomera;2
2022;Total;De 25 a 34 años;Defunciones;Gran Canaria;44
2022;Total;De 25 a 34 años;Defunciones;Fuerteventura;15
2022;Total;De 25 a 34 años;Defunciones;El Hierro;3
2022;Total;De 25 a 34 años;Defunciones;Canarias;122
2022;Total;De 1 a 4 años;Defunciones;Tenerife;3
2022;Total;De 1 a 4 años;Defunciones;Lanzarote;0
2022;Total;De 1 a 4 años;Defunciones;La Palma;1
2022;Total;De 1 a 4 años;Defunciones;La Gomera;0
2022;Total;De 1 a 4 años;Defunciones;Gran Canaria;4
2022;Total;De 1 a 4 años;Defunciones;Fuerteventura;2
2022;Total;De 1 a 4 años;Defunciones;El Hierro;0
2022;Total;De 1 a 4 años;Defunciones;Canarias;10
2022;Total;De 15 a 24 años;Defunciones;Tenerife;21
2022;Total;De 15 a 24 años;Defunciones;Lanzarote;3
2022;Total;De 15 a 24 años;Defunciones;La Palma;0
2022;Total;De 15 a 24 años;Defunciones;La Gomera;2
2022;Total;De 15 a 24 años;Defunciones;Gran Canaria;23
2022;Total;De 15 a 24 años;Defunciones;Fuerteventura;5
2022;Total;De 15 a 24 años;Defunciones;El Hierro;0
2022;Total;De 15 a 24 años;Defunciones;Canarias;54
2022;Total;Total;Defunciones;Tenerife;8188
2022;Total;Total;Defunciones;Lanzarote;867
2022;Total;Total;Defunciones;La Palma;889
2022;Total;Total;Defunciones;La Gomera;222
2022;Total;Total;Defunciones;Gran Canaria;7899
2022;Total;Total;Defunciones;Fuerteventura;547
2022;Total;Total;Defunciones;El Hierro;100
2022;Total;Total;Defunciones;Canarias;18712
2022;Total;Menos de 7 días;Defunciones;Tenerife;8
2022;Total;Menos de 7 días;Defunciones;Lanzarote;2
2022;Total;Menos de 7 días;Defunciones;La Palma;1
2022;Total;Menos de 7 días;Defunciones;La Gomera;0
2022;Total;Menos de 7 días;Defunciones;Gran Canaria;6
2022;Total;Menos de 7 días;Defunciones;Fuerteventura;3
2022;Total;Menos de 7 días;Defunciones;El Hierro;1
2022;Total;Menos de 7 días;Defunciones;Canarias;21
2022;Total;De 7 a 27 días;Defunciones;Tenerife;1
2022;Total;De 7 a 27 días;Defunciones;Lanzarote;0
2022;Total;De 7 a 27 días;Defunciones;La Palma;1
2022;Total;De 7 a 27 días;Defunciones;La Gomera;0
2022;Total;De 7 a 27 días;Defunciones;Gran Canaria;5
2022;Total;De 7 a 27 días;Defunciones;Fuerteventura;0
2022;Total;De 7 a 27 días;Defunciones;El Hierro;0
2022;Total;De 7 a 27 días;Defunciones;Canarias;7
2022;Total;De 28 días a menos de 1 año;Defunciones;Tenerife;5
2022;Total;De 28 días a menos de 1 año;Defunciones;Lanzarote;1
2022;Total;De 28 días a menos de 1 año;Defunciones;La Palma;0
2022;Total;De 28 días a menos de 1 año;Defunciones;La Gomera;0
2022;Total;De 28 días a menos de 1 año;Defunciones;Gran Canaria;4
2022;Total;De 28 días a menos de 1 año;Defunciones;Fuerteventura;0
2022;Total;De 28 días a menos de 1 año;Defunciones;El Hierro;0
2022;Total;De 28 días a menos de 1 año;Defunciones;Canarias;10
2022;Hombres;Menor de 1 año;Defunciones;Tenerife;10
2022;Hombres;Menor de 1 año;Defunciones;Lanzarote;2
2022;Hombres;Menor de 1 año;Defunciones;La Palma;1
2022;Hombres;Menor de 1 año;Defunciones;La Gomera;0
2022;Hombres;Menor de 1 año;Defunciones;Gran Canaria;7
2022;Hombres;Menor de 1 año;Defunciones;Fuerteventura;1
2022;Hombres;Menor de 1 año;Defunciones;El Hierro;0
2022;Hombres;Menor de 1 año;Defunciones;Canarias;21
2022;Hombres;95 años o más;Defunciones;Tenerife;112
2022;Hombres;95 años o más;Defunciones;Lanzarote;12
2022;Hombres;95 años o más;Defunciones;La Palma;21
2022;Hombres;95 años o más;Defunciones;La Gomera;6
2022;Hombres;95 años o más;Defunciones;Gran Canaria;106
2022;Hombres;95 años o más;Defunciones;Fuerteventura;11
2022;Hombres;95 años o más;Defunciones;El Hierro;5
2022;Hombres;95 años o más;Defunciones;Canarias;273
2022;Hombres;De 85 a 94 años;Defunciones;Tenerife;1118
2022;Hombres;De 85 a 94 años;Defunciones;Lanzarote;96
2022;Hombres;De 85 a 94 años;Defunciones;La Palma;128
2022;Hombres;De 85 a 94 años;Defunciones;La Gomera;35
2022;Hombres;De 85 a 94 años;Defunciones;Gran Canaria;1086
2022;Hombres;De 85 a 94 años;Defunciones;Fuerteventura;52
2022;Hombres;De 85 a 94 años;Defunciones;El Hierro;20
2022;Hombres;De 85 a 94 años;Defunciones;Canarias;2535
2022;Hombres;De 75 a 84 años;Defunciones;Tenerife;1259
2022;Hombres;De 75 a 84 años;Defunciones;Lanzarote;125
2022;Hombres;De 75 a 84 años;Defunciones;La Palma;132
2022;Hombres;De 75 a 84 años;Defunciones;La Gomera;28
2022;Hombres;De 75 a 84 años;Defunciones;Gran Canaria;1152
2022;Hombres;De 75 a 84 años;Defunciones;Fuerteventura;63
2022;Hombres;De 75 a 84 años;Defunciones;El Hierro;19
2022;Hombres;De 75 a 84 años;Defunciones;Canarias;2778
2022;Hombres;De 65 a 74 años;Defunciones;Tenerife;893
2022;Hombres;De 65 a 74 años;Defunciones;Lanzarote;95
2022;Hombres;De 65 a 74 años;Defunciones;La Palma;83
2022;Hombres;De 65 a 74 años;Defunciones;La Gomera;25
2022;Hombres;De 65 a 74 años;Defunciones;Gran Canaria;884
2022;Hombres;De 65 a 74 años;Defunciones;Fuerteventura;79
2022;Hombres;De 65 a 74 años;Defunciones;El Hierro;4
2022;Hombres;De 65 a 74 años;Defunciones;Canarias;2063
2022;Hombres;De 5 a 14 años;Defunciones;Tenerife;3
2022;Hombres;De 5 a 14 años;Defunciones;Lanzarote;0
2022;Hombres;De 5 a 14 años;Defunciones;La Palma;0
2022;Hombres;De 5 a 14 años;Defunciones;La Gomera;0
2022;Hombres;De 5 a 14 años;Defunciones;Gran Canaria;6
2022;Hombres;De 5 a 14 años;Defunciones;Fuerteventura;1
2022;Hombres;De 5 a 14 años;Defunciones;El Hierro;0
2022;Hombres;De 5 a 14 años;Defunciones;Canarias;10
2022;Hombres;De 55 a 64 años;Defunciones;Tenerife;564
2022;Hombres;De 55 a 64 años;Defunciones;Lanzarote;78
2022;Hombres;De 55 a 64 años;Defunciones;La Palma;58
2022;Hombres;De 55 a 64 años;Defunciones;La Gomera;13
2022;Hombres;De 55 a 64 años;Defunciones;Gran Canaria;561
2022;Hombres;De 55 a 64 años;Defunciones;Fuerteventura;55
2022;Hombres;De 55 a 64 años;Defunciones;El Hierro;5
2022;Hombres;De 55 a 64 años;Defunciones;Canarias;1334
2022;Hombres;De 45 a 54 años;Defunciones;Tenerife;220
2022;Hombres;De 45 a 54 años;Defunciones;Lanzarote;43
2022;Hombres;De 45 a 54 años;Defunciones;La Palma;20
2022;Hombres;De 45 a 54 años;Defunciones;La Gomera;9
2022;Hombres;De 45 a 54 años;Defunciones;Gran Canaria;245
2022;Hombres;De 45 a 54 años;Defunciones;Fuerteventura;30
2022;Hombres;De 45 a 54 años;Defunciones;El Hierro;0
2022;Hombres;De 45 a 54 años;Defunciones;Canarias;567
2022;Hombres;De 35 a 44 años;Defunciones;Tenerife;85
2022;Hombres;De 35 a 44 años;Defunciones;Lanzarote;12
2022;Hombres;De 35 a 44 años;Defunciones;La Palma;6
2022;Hombres;De 35 a 44 años;Defunciones;La Gomera;2
2022;Hombres;De 35 a 44 años;Defunciones;Gran Canaria;59
2022;Hombres;De 35 a 44 años;Defunciones;Fuerteventura;14
2022;Hombres;De 35 a 44 años;Defunciones;El Hierro;0
2022;Hombres;De 35 a 44 años;Defunciones;Canarias;178
2022;Hombres;De 25 a 34 años;Defunciones;Tenerife;28
2022;Hombres;De 25 a 34 años;Defunciones;Lanzarote;7
2022;Hombres;De 25 a 34 años;Defunciones;La Palma;2
2022;Hombres;De 25 a 34 años;Defunciones;La Gomera;1
2022;Hombres;De 25 a 34 años;Defunciones;Gran Canaria;26
2022;Hombres;De 25 a 34 años;Defunciones;Fuerteventura;8
2022;Hombres;De 25 a 34 años;Defunciones;El Hierro;2
2022;Hombres;De 25 a 34 años;Defunciones;Canarias;74
2022;Hombres;De 1 a 4 años;Defunciones;Tenerife;0
2022;Hombres;De 1 a 4 años;Defunciones;Lanzarote;0
2022;Hombres;De 1 a 4 años;Defunciones;La Palma;1
2022;Hombres;De 1 a 4 años;Defunciones;La Gomera;0
2022;Hombres;De 1 a 4 años;Defunciones;Gran Canaria;3
2022;Hombres;De 1 a 4 años;Defunciones;Fuerteventura;0
2022;Hombres;De 1 a 4 años;Defunciones;El Hierro;0
2022;Hombres;De 1 a 4 años;Defunciones;Canarias;4
2022;Hombres;De 15 a 24 años;Defunciones;Tenerife;14
2022;Hombres;De 15 a 24 años;Defunciones;Lanzarote;2
2022;Hombres;De 15 a 24 años;Defunciones;La Palma;0
2022;Hombres;De 15 a 24 años;Defunciones;La Gomera;2
2022;Hombres;De 15 a 24 años;Defunciones;Gran Canaria;17
2022;Hombres;De 15 a 24 años;Defunciones;Fuerteventura;4
2022;Hombres;De 15 a 24 años;Defunciones;El Hierro;0
2022;Hombres;De 15 a 24 años;Defunciones;Canarias;39
2022;Hombres;Total;Defunciones;Tenerife;4306
2022;Hombres;Total;Defunciones;Lanzarote;472
2022;Hombres;Total;Defunciones;La Palma;452
2022;Hombres;Total;Defunciones;La Gomera;121
2022;Hombres;Total;Defunciones;Gran Canaria;4152
2022;Hombres;Total;Defunciones;Fuerteventura;318
2022;Hombres;Total;Defunciones;El Hierro;55
2022;Hombres;Total;Defunciones;Canarias;9876
2022;Hombres;Menos de 7 días;Defunciones;Tenerife;6
2022;Hombres;Menos de 7 días;Defunciones;Lanzarote;2
2022;Hombres;Menos de 7 días;Defunciones;La Palma;1
2022;Hombres;Menos de 7 días;Defunciones;La Gomera;0
2022;Hombres;Menos de 7 días;Defunciones;Gran Canaria;3
2022;Hombres;Menos de 7 días;Defunciones;Fuerteventura;1
2022;Hombres;Menos de 7 días;Defunciones;El Hierro;0
2022;Hombres;Menos de 7 días;Defunciones;Canarias;13
2022;Hombres;De 7 a 27 días;Defunciones;Tenerife;1
2022;Hombres;De 7 a 27 días;Defunciones;Lanzarote;0
2022;Hombres;De 7 a 27 días;Defunciones;La Palma;0
2022;Hombres;De 7 a 27 días;Defunciones;La Gomera;0
2022;Hombres;De 7 a 27 días;Defunciones;Gran Canaria;2
2022;Hombres;De 7 a 27 días;Defunciones;Fuerteventura;0
2022;Hombres;De 7 a 27 días;Defunciones;El Hierro;0
2022;Hombres;De 7 a 27 días;Defunciones;Canarias;3
2022;Hombres;De 28 días a menos de 1 año;Defunciones;Tenerife;3
2022;Hombres;De 28 días a menos de 1 año;Defunciones;Lanzarote;0
2022;Hombres;De 28 días a menos de 1 año;Defunciones;La Palma;0
2022;Hombres;De 28 días a menos de 1 año;Defunciones;La Gomera;0
2022;Hombres;De 28 días a menos de 1 año;Defunciones;Gran Canaria;2
2022;Hombres;De 28 días a menos de 1 año;Defunciones;Fuerteventura;0
2022;Hombres;De 28 días a menos de 1 año;Defunciones;El Hierro;0
2022;Hombres;De 28 días a menos de 1 año;Defunciones;Canarias;5
2022;Mujeres;Menor de 1 año;Defunciones;Tenerife;4
2022;Mujeres;Menor de 1 año;Defunciones;Lanzarote;1
2022;Mujeres;Menor de 1 año;Defunciones;La Palma;1
2022;Mujeres;Menor de 1 año;Defunciones;La Gomera;0
2022;Mujeres;Menor de 1 año;Defunciones;Gran Canaria;8
2022;Mujeres;Menor de 1 año;Defunciones;Fuerteventura;2
2022;Mujeres;Menor de 1 año;Defunciones;El Hierro;1
2022;Mujeres;Menor de 1 año;Defunciones;Canarias;17
2022;Mujeres;95 años o más;Defunciones;Tenerife;337
2022;Mujeres;95 años o más;Defunciones;Lanzarote;41
2022;Mujeres;95 años o más;Defunciones;La Palma;50
2022;Mujeres;95 años o más;Defunciones;La Gomera;4
2022;Mujeres;95 años o más;Defunciones;Gran Canaria;336
2022;Mujeres;95 años o más;Defunciones;Fuerteventura;19
2022;Mujeres;95 años o más;Defunciones;El Hierro;10
2022;Mujeres;95 años o más;Defunciones;Canarias;797
2022;Mujeres;De 85 a 94 años;Defunciones;Tenerife;1569
2022;Mujeres;De 85 a 94 años;Defunciones;Lanzarote;143
2022;Mujeres;De 85 a 94 años;Defunciones;La Palma;198
2022;Mujeres;De 85 a 94 años;Defunciones;La Gomera;56
2022;Mujeres;De 85 a 94 años;Defunciones;Gran Canaria;1447
2022;Mujeres;De 85 a 94 años;Defunciones;Fuerteventura;71
2022;Mujeres;De 85 a 94 años;Defunciones;El Hierro;21
2022;Mujeres;De 85 a 94 años;Defunciones;Canarias;3505
2022;Mujeres;De 75 a 84 años;Defunciones;Tenerife;987
2022;Mujeres;De 75 a 84 años;Defunciones;Lanzarote;91
2022;Mujeres;De 75 a 84 años;Defunciones;La Palma;105
2022;Mujeres;De 75 a 84 años;Defunciones;La Gomera;19
2022;Mujeres;De 75 a 84 años;Defunciones;Gran Canaria;966
2022;Mujeres;De 75 a 84 años;Defunciones;Fuerteventura;48
2022;Mujeres;De 75 a 84 años;Defunciones;El Hierro;10
2022;Mujeres;De 75 a 84 años;Defunciones;Canarias;2226
2022;Mujeres;De 65 a 74 años;Defunciones;Tenerife;510
2022;Mujeres;De 65 a 74 años;Defunciones;Lanzarote;52
2022;Mujeres;De 65 a 74 años;Defunciones;La Palma;37
2022;Mujeres;De 65 a 74 años;Defunciones;La Gomera;6
2022;Mujeres;De 65 a 74 años;Defunciones;Gran Canaria;502
2022;Mujeres;De 65 a 74 años;Defunciones;Fuerteventura;38
2022;Mujeres;De 65 a 74 años;Defunciones;El Hierro;1
2022;Mujeres;De 65 a 74 años;Defunciones;Canarias;1146
2022;Mujeres;De 5 a 14 años;Defunciones;Tenerife;2
2022;Mujeres;De 5 a 14 años;Defunciones;Lanzarote;1
2022;Mujeres;De 5 a 14 años;Defunciones;La Palma;1
2022;Mujeres;De 5 a 14 años;Defunciones;La Gomera;0
2022;Mujeres;De 5 a 14 años;Defunciones;Gran Canaria;0
2022;Mujeres;De 5 a 14 años;Defunciones;Fuerteventura;3
2022;Mujeres;De 5 a 14 años;Defunciones;El Hierro;0
2022;Mujeres;De 5 a 14 años;Defunciones;Canarias;7
2022;Mujeres;De 55 a 64 años;Defunciones;Tenerife;292
2022;Mujeres;De 55 a 64 años;Defunciones;Lanzarote;49
2022;Mujeres;De 55 a 64 años;Defunciones;La Palma;29
2022;Mujeres;De 55 a 64 años;Defunciones;La Gomera;9
2022;Mujeres;De 55 a 64 años;Defunciones;Gran Canaria;275
2022;Mujeres;De 55 a 64 años;Defunciones;Fuerteventura;23
2022;Mujeres;De 55 a 64 años;Defunciones;El Hierro;0
2022;Mujeres;De 55 a 64 años;Defunciones;Canarias;677
2022;Mujeres;De 45 a 54 años;Defunciones;Tenerife;125
2022;Mujeres;De 45 a 54 años;Defunciones;Lanzarote;9
2022;Mujeres;De 45 a 54 años;Defunciones;La Palma;8
2022;Mujeres;De 45 a 54 años;Defunciones;La Gomera;4
2022;Mujeres;De 45 a 54 años;Defunciones;Gran Canaria;136
2022;Mujeres;De 45 a 54 años;Defunciones;Fuerteventura;12
2022;Mujeres;De 45 a 54 años;Defunciones;El Hierro;1
2022;Mujeres;De 45 a 54 años;Defunciones;Canarias;295
2022;Mujeres;De 35 a 44 años;Defunciones;Tenerife;32
2022;Mujeres;De 35 a 44 años;Defunciones;Lanzarote;3
2022;Mujeres;De 35 a 44 años;Defunciones;La Palma;5
2022;Mujeres;De 35 a 44 años;Defunciones;La Gomera;2
2022;Mujeres;De 35 a 44 años;Defunciones;Gran Canaria;52
2022;Mujeres;De 35 a 44 años;Defunciones;Fuerteventura;3
2022;Mujeres;De 35 a 44 años;Defunciones;El Hierro;0
2022;Mujeres;De 35 a 44 años;Defunciones;Canarias;97
2022;Mujeres;De 25 a 34 años;Defunciones;Tenerife;14
2022;Mujeres;De 25 a 34 años;Defunciones;Lanzarote;4
2022;Mujeres;De 25 a 34 años;Defunciones;La Palma;3
2022;Mujeres;De 25 a 34 años;Defunciones;La Gomera;1
2022;Mujeres;De 25 a 34 años;Defunciones;Gran Canaria;18
2022;Mujeres;De 25 a 34 años;Defunciones;Fuerteventura;7
2022;Mujeres;De 25 a 34 años;Defunciones;El Hierro;1
2022;Mujeres;De 25 a 34 años;Defunciones;Canarias;48
2022;Mujeres;De 1 a 4 años;Defunciones;Tenerife;3
2022;Mujeres;De 1 a 4 años;Defunciones;Lanzarote;0
2022;Mujeres;De 1 a 4 años;Defunciones;La Palma;0
2022;Mujeres;De 1 a 4 años;Defunciones;La Gomera;0
2022;Mujeres;De 1 a 4 años;Defunciones;Gran Canaria;1
2022;Mujeres;De 1 a 4 años;Defunciones;Fuerteventura;2
2022;Mujeres;De 1 a 4 años;Defunciones;El Hierro;0
2022;Mujeres;De 1 a 4 años;Defunciones;Canarias;6
2022;Mujeres;De 15 a 24 años;Defunciones;Tenerife;7
2022;Mujeres;De 15 a 24 años;Defunciones;Lanzarote;1
2022;Mujeres;De 15 a 24 años;Defunciones;La Palma;0
2022;Mujeres;De 15 a 24 años;Defunciones;La Gomera;0
2022;Mujeres;De 15 a 24 años;Defunciones;Gran Canaria;6
2022;Mujeres;De 15 a 24 años;Defunciones;Fuerteventura;1
2022;Mujeres;De 15 a 24 años;Defunciones;El Hierro;0
2022;Mujeres;De 15 a 24 años;Defunciones;Canarias;15
2022;Mujeres;Total;Defunciones;Tenerife;3882
2022;Mujeres;Total;Defunciones;Lanzarote;395
2022;Mujeres;Total;Defunciones;La Palma;437
2022;Mujeres;Total;Defunciones;La Gomera;101
2022;Mujeres;Total;Defunciones;Gran Canaria;3747
2022;Mujeres;Total;Defunciones;Fuerteventura;229
2022;Mujeres;Total;Defunciones;El Hierro;45
2022;Mujeres;Total;Defunciones;Canarias;8836
2022;Mujeres;Menos de 7 días;Defunciones;Tenerife;2
2022;Mujeres;Menos de 7 días;Defunciones;Lanzarote;0
2022;Mujeres;Menos de 7 días;Defunciones;La Palma;0
2022;Mujeres;Menos de 7 días;Defunciones;La Gomera;0
2022;Mujeres;Menos de 7 días;Defunciones;Gran Canaria;3
2022;Mujeres;Menos de 7 días;Defunciones;Fuerteventura;2
2022;Mujeres;Menos de 7 días;Defunciones;El Hierro;1
2022;Mujeres;Menos de 7 días;Defunciones;Canarias;8
2022;Mujeres;De 7 a 27 días;Defunciones;Tenerife;0
2022;Mujeres;De 7 a 27 días;Defunciones;Lanzarote;0
2022;Mujeres;De 7 a 27 días;Defunciones;La Palma;1
2022;Mujeres;De 7 a 27 días;Defunciones;La Gomera;0
2022;Mujeres;De 7 a 27 días;Defunciones;Gran Canaria;3
2022;Mujeres;De 7 a 27 días;Defunciones;Fuerteventura;0
2022;Mujeres;De 7 a 27 días;Defunciones;El Hierro;0
2022;Mujeres;De 7 a 27 días;Defunciones;Canarias;4
2022;Mujeres;De 28 días a menos de 1 año;Defunciones;Tenerife;2
2022;Mujeres;De 28 días a menos de 1 año;Defunciones;Lanzarote;1
2022;Mujeres;De 28 días a menos de 1 año;Defunciones;La Palma;0
2022;Mujeres;De 28 días a menos de 1 año;Defunciones;La Gomera;0
2022;Mujeres;De 28 días a menos de 1 año;Defunciones;Gran Canaria;2
2022;Mujeres;De 28 días a menos de 1 año;Defunciones;Fuerteventura;0
2022;Mujeres;De 28 días a menos de 1 año;Defunciones;El Hierro;0
2022;Mujeres;De 28 días a menos de 1 año;Defunciones;Canarias;5
