fechas;granularidad_espacial;granularidad_temporal;territorio;valor
2002-01;regional;mensual;CCAA_CASTILLA_MANCHA;74.99
2002-02;regional;mensual;CCAA_CASTILLA_MANCHA;75.04
2002-03;regional;mensual;CCAA_CASTILLA_MANCHA;75.64
2002-04;regional;mensual;CCAA_CASTILLA_MANCHA;76.64
2002-05;regional;mensual;CCAA_CASTILLA_MANCHA;76.93
2002-06;regional;mensual;CCAA_CASTILLA_MANCHA;77.19
2002-07;regional;mensual;CCAA_CASTILLA_MANCHA;76.35
2002-08;regional;mensual;CCAA_CASTILLA_MANCHA;76.4
2002-09;regional;mensual;CCAA_CASTILLA_MANCHA;76.63
2002-10;regional;mensual;CCAA_CASTILLA_MANCHA;77.59
2002-11;regional;mensual;CCAA_CASTILLA_MANCHA;77.83
2002-12;regional;mensual;CCAA_CASTILLA_MANCHA;77.89
2003-01;regional;mensual;CCAA_CASTILLA_MANCHA;77.2
2003-02;regional;mensual;CCAA_CASTILLA_MANCHA;77.37
2003-03;regional;mensual;CCAA_CASTILLA_MANCHA;77.81
2003-04;regional;mensual;CCAA_CASTILLA_MANCHA;78.85
2003-05;regional;mensual;CCAA_CASTILLA_MANCHA;79.01
2003-06;regional;mensual;CCAA_CASTILLA_MANCHA;79.21
2003-07;regional;mensual;CCAA_CASTILLA_MANCHA;78.42
2003-08;regional;mensual;CCAA_CASTILLA_MANCHA;78.54
2003-09;regional;mensual;CCAA_CASTILLA_MANCHA;78.68
2003-10;regional;mensual;CCAA_CASTILLA_MANCHA;79.54
2003-11;regional;mensual;CCAA_CASTILLA_MANCHA;79.73
2003-12;regional;mensual;CCAA_CASTILLA_MANCHA;79.86
2004-01;regional;mensual;CCAA_CASTILLA_MANCHA;78.9
2004-02;regional;mensual;CCAA_CASTILLA_MANCHA;79.09
2004-03;regional;mensual;CCAA_CASTILLA_MANCHA;79.68
2004-04;regional;mensual;CCAA_CASTILLA_MANCHA;80.84
2004-05;regional;mensual;CCAA_CASTILLA_MANCHA;81.14
2004-06;regional;mensual;CCAA_CASTILLA_MANCHA;81.36
2004-07;regional;mensual;CCAA_CASTILLA_MANCHA;80.43
2004-08;regional;mensual;CCAA_CASTILLA_MANCHA;80.54
2004-09;regional;mensual;CCAA_CASTILLA_MANCHA;80.69
2004-10;regional;mensual;CCAA_CASTILLA_MANCHA;81.74
2004-11;regional;mensual;CCAA_CASTILLA_MANCHA;82.04
2004-12;regional;mensual;CCAA_CASTILLA_MANCHA;82.18
2005-01;regional;mensual;CCAA_CASTILLA_MANCHA;81.08
2005-02;regional;mensual;CCAA_CASTILLA_MANCHA;81.12
2005-03;regional;mensual;CCAA_CASTILLA_MANCHA;81.71
2005-04;regional;mensual;CCAA_CASTILLA_MANCHA;82.98
2005-05;regional;mensual;CCAA_CASTILLA_MANCHA;83.24
2005-06;regional;mensual;CCAA_CASTILLA_MANCHA;83.37
2005-07;regional;mensual;CCAA_CASTILLA_MANCHA;82.22
2005-08;regional;mensual;CCAA_CASTILLA_MANCHA;82.35
2005-09;regional;mensual;CCAA_CASTILLA_MANCHA;82.73
2005-10;regional;mensual;CCAA_CASTILLA_MANCHA;83.78
2005-11;regional;mensual;CCAA_CASTILLA_MANCHA;84.16
2005-12;regional;mensual;CCAA_CASTILLA_MANCHA;84.41
2006-01;regional;mensual;CCAA_CASTILLA_MANCHA;83.39
2006-02;regional;mensual;CCAA_CASTILLA_MANCHA;83.52
2006-03;regional;mensual;CCAA_CASTILLA_MANCHA;84.33
2006-04;regional;mensual;CCAA_CASTILLA_MANCHA;85.48
2006-05;regional;mensual;CCAA_CASTILLA_MANCHA;85.68
2006-06;regional;mensual;CCAA_CASTILLA_MANCHA;85.86
2006-07;regional;mensual;CCAA_CASTILLA_MANCHA;84.76
2006-08;regional;mensual;CCAA_CASTILLA_MANCHA;84.83
2006-09;regional;mensual;CCAA_CASTILLA_MANCHA;85.04
2006-10;regional;mensual;CCAA_CASTILLA_MANCHA;86.08
2006-11;regional;mensual;CCAA_CASTILLA_MANCHA;86.29
2006-12;regional;mensual;CCAA_CASTILLA_MANCHA;86.44
2007-01;regional;mensual;CCAA_CASTILLA_MANCHA;85.58
2007-02;regional;mensual;CCAA_CASTILLA_MANCHA;85.71
2007-03;regional;mensual;CCAA_CASTILLA_MANCHA;86.31
2007-04;regional;mensual;CCAA_CASTILLA_MANCHA;87.63
2007-05;regional;mensual;CCAA_CASTILLA_MANCHA;87.71
2007-06;regional;mensual;CCAA_CASTILLA_MANCHA;87.81
2007-07;regional;mensual;CCAA_CASTILLA_MANCHA;86.67
2007-08;regional;mensual;CCAA_CASTILLA_MANCHA;86.82
2007-09;regional;mensual;CCAA_CASTILLA_MANCHA;87.3
2007-10;regional;mensual;CCAA_CASTILLA_MANCHA;88.8
2007-11;regional;mensual;CCAA_CASTILLA_MANCHA;89.25
2007-12;regional;mensual;CCAA_CASTILLA_MANCHA;89.39
2008-01;regional;mensual;CCAA_CASTILLA_MANCHA;88.34
2008-02;regional;mensual;CCAA_CASTILLA_MANCHA;88.52
2008-03;regional;mensual;CCAA_CASTILLA_MANCHA;89.09
2008-04;regional;mensual;CCAA_CASTILLA_MANCHA;90.24
2008-05;regional;mensual;CCAA_CASTILLA_MANCHA;90.48
2008-06;regional;mensual;CCAA_CASTILLA_MANCHA;90.68
2008-07;regional;mensual;CCAA_CASTILLA_MANCHA;89.69
2008-08;regional;mensual;CCAA_CASTILLA_MANCHA;89.84
2008-09;regional;mensual;CCAA_CASTILLA_MANCHA;90.06
2008-10;regional;mensual;CCAA_CASTILLA_MANCHA;91.13
2008-11;regional;mensual;CCAA_CASTILLA_MANCHA;91.43
2008-12;regional;mensual;CCAA_CASTILLA_MANCHA;91.35
2009-01;regional;mensual;CCAA_CASTILLA_MANCHA;89.81
2009-02;regional;mensual;CCAA_CASTILLA_MANCHA;89.58
2009-03;regional;mensual;CCAA_CASTILLA_MANCHA;90.05
2009-04;regional;mensual;CCAA_CASTILLA_MANCHA;91.14
2009-05;regional;mensual;CCAA_CASTILLA_MANCHA;90.99
2009-06;regional;mensual;CCAA_CASTILLA_MANCHA;91.06
2009-07;regional;mensual;CCAA_CASTILLA_MANCHA;89.8
2009-08;regional;mensual;CCAA_CASTILLA_MANCHA;89.78
2009-09;regional;mensual;CCAA_CASTILLA_MANCHA;89.75
2009-10;regional;mensual;CCAA_CASTILLA_MANCHA;90.89
2009-11;regional;mensual;CCAA_CASTILLA_MANCHA;91.28
2009-12;regional;mensual;CCAA_CASTILLA_MANCHA;91.31
2010-01;regional;mensual;CCAA_CASTILLA_MANCHA;89.66
2010-02;regional;mensual;CCAA_CASTILLA_MANCHA;89.4
2010-03;regional;mensual;CCAA_CASTILLA_MANCHA;89.92
2010-04;regional;mensual;CCAA_CASTILLA_MANCHA;90.77
2010-05;regional;mensual;CCAA_CASTILLA_MANCHA;90.98
2010-06;regional;mensual;CCAA_CASTILLA_MANCHA;91.31
2010-07;regional;mensual;CCAA_CASTILLA_MANCHA;90.35
2010-08;regional;mensual;CCAA_CASTILLA_MANCHA;90.59
2010-09;regional;mensual;CCAA_CASTILLA_MANCHA;90.78
2010-10;regional;mensual;CCAA_CASTILLA_MANCHA;91.88
2010-11;regional;mensual;CCAA_CASTILLA_MANCHA;92.3
2010-12;regional;mensual;CCAA_CASTILLA_MANCHA;92.61
2011-01;regional;mensual;CCAA_CASTILLA_MANCHA;91.04
2011-02;regional;mensual;CCAA_CASTILLA_MANCHA;90.95
2011-03;regional;mensual;CCAA_CASTILLA_MANCHA;91.54
2011-04;regional;mensual;CCAA_CASTILLA_MANCHA;92.74
2011-05;regional;mensual;CCAA_CASTILLA_MANCHA;92.92
2011-06;regional;mensual;CCAA_CASTILLA_MANCHA;92.81
2011-07;regional;mensual;CCAA_CASTILLA_MANCHA;91.75
2011-08;regional;mensual;CCAA_CASTILLA_MANCHA;91.91
2011-09;regional;mensual;CCAA_CASTILLA_MANCHA;92.18
2011-10;regional;mensual;CCAA_CASTILLA_MANCHA;93.37
2011-11;regional;mensual;CCAA_CASTILLA_MANCHA;93.8
2011-12;regional;mensual;CCAA_CASTILLA_MANCHA;93.85
2012-01;regional;mensual;CCAA_CASTILLA_MANCHA;92.04
2012-02;regional;mensual;CCAA_CASTILLA_MANCHA;91.91
2012-03;regional;mensual;CCAA_CASTILLA_MANCHA;92.41
2012-04;regional;mensual;CCAA_CASTILLA_MANCHA;93.63
2012-05;regional;mensual;CCAA_CASTILLA_MANCHA;93.77
2012-06;regional;mensual;CCAA_CASTILLA_MANCHA;93.78
2012-07;regional;mensual;CCAA_CASTILLA_MANCHA;92.86
2012-08;regional;mensual;CCAA_CASTILLA_MANCHA;92.93
2012-09;regional;mensual;CCAA_CASTILLA_MANCHA;93.78
2012-10;regional;mensual;CCAA_CASTILLA_MANCHA;95.22
2012-11;regional;mensual;CCAA_CASTILLA_MANCHA;95.51
2012-12;regional;mensual;CCAA_CASTILLA_MANCHA;95.52
2013-01;regional;mensual;CCAA_CASTILLA_MANCHA;93.76
2013-02;regional;mensual;CCAA_CASTILLA_MANCHA;93.71
2013-03;regional;mensual;CCAA_CASTILLA_MANCHA;94.31
2013-04;regional;mensual;CCAA_CASTILLA_MANCHA;95.27
2013-05;regional;mensual;CCAA_CASTILLA_MANCHA;95.5
2013-06;regional;mensual;CCAA_CASTILLA_MANCHA;95.55
2013-07;regional;mensual;CCAA_CASTILLA_MANCHA;94.27
2013-08;regional;mensual;CCAA_CASTILLA_MANCHA;94.4
2013-09;regional;mensual;CCAA_CASTILLA_MANCHA;94.59
2013-10;regional;mensual;CCAA_CASTILLA_MANCHA;95.58
2013-11;regional;mensual;CCAA_CASTILLA_MANCHA;95.89
2013-12;regional;mensual;CCAA_CASTILLA_MANCHA;95.81
2014-01;regional;mensual;CCAA_CASTILLA_MANCHA;94.0
2014-02;regional;mensual;CCAA_CASTILLA_MANCHA;93.87
2014-03;regional;mensual;CCAA_CASTILLA_MANCHA;94.33
2014-04;regional;mensual;CCAA_CASTILLA_MANCHA;95.52
2014-05;regional;mensual;CCAA_CASTILLA_MANCHA;95.46
2014-06;regional;mensual;CCAA_CASTILLA_MANCHA;95.44
2014-07;regional;mensual;CCAA_CASTILLA_MANCHA;94.14
2014-08;regional;mensual;CCAA_CASTILLA_MANCHA;94.21
2014-09;regional;mensual;CCAA_CASTILLA_MANCHA;94.39
2014-10;regional;mensual;CCAA_CASTILLA_MANCHA;95.46
2014-11;regional;mensual;CCAA_CASTILLA_MANCHA;95.76
2014-12;regional;mensual;CCAA_CASTILLA_MANCHA;95.69
2015-01;regional;mensual;CCAA_CASTILLA_MANCHA;93.87
2015-02;regional;mensual;CCAA_CASTILLA_MANCHA;93.77
2015-03;regional;mensual;CCAA_CASTILLA_MANCHA;94.29
2015-04;regional;mensual;CCAA_CASTILLA_MANCHA;95.46
2015-05;regional;mensual;CCAA_CASTILLA_MANCHA;95.7
2015-06;regional;mensual;CCAA_CASTILLA_MANCHA;95.82
2015-07;regional;mensual;CCAA_CASTILLA_MANCHA;94.6
2015-08;regional;mensual;CCAA_CASTILLA_MANCHA;94.7
2015-09;regional;mensual;CCAA_CASTILLA_MANCHA;94.94
2015-10;regional;mensual;CCAA_CASTILLA_MANCHA;96.12
2015-11;regional;mensual;CCAA_CASTILLA_MANCHA;96.52
2015-12;regional;mensual;CCAA_CASTILLA_MANCHA;96.44
2016-01;regional;mensual;CCAA_CASTILLA_MANCHA;94.66
2016-02;regional;mensual;CCAA_CASTILLA_MANCHA;94.69
2016-03;regional;mensual;CCAA_CASTILLA_MANCHA;95.31
2016-04;regional;mensual;CCAA_CASTILLA_MANCHA;96.16
2016-05;regional;mensual;CCAA_CASTILLA_MANCHA;96.42
2016-06;regional;mensual;CCAA_CASTILLA_MANCHA;96.45
2016-07;regional;mensual;CCAA_CASTILLA_MANCHA;95.17
2016-08;regional;mensual;CCAA_CASTILLA_MANCHA;95.42
2016-09;regional;mensual;CCAA_CASTILLA_MANCHA;95.63
2016-10;regional;mensual;CCAA_CASTILLA_MANCHA;96.71
2016-11;regional;mensual;CCAA_CASTILLA_MANCHA;97.18
2016-12;regional;mensual;CCAA_CASTILLA_MANCHA;97.25
2017-01;regional;mensual;CCAA_CASTILLA_MANCHA;95.53
2017-02;regional;mensual;CCAA_CASTILLA_MANCHA;95.39
2017-03;regional;mensual;CCAA_CASTILLA_MANCHA;95.95
2017-04;regional;mensual;CCAA_CASTILLA_MANCHA;97.1
2017-05;regional;mensual;CCAA_CASTILLA_MANCHA;96.98
2017-06;regional;mensual;CCAA_CASTILLA_MANCHA;97.16
2017-07;regional;mensual;CCAA_CASTILLA_MANCHA;96.27
2017-08;regional;mensual;CCAA_CASTILLA_MANCHA;96.45
2017-09;regional;mensual;CCAA_CASTILLA_MANCHA;96.61
2017-10;regional;mensual;CCAA_CASTILLA_MANCHA;97.47
2017-11;regional;mensual;CCAA_CASTILLA_MANCHA;97.8
2017-12;regional;mensual;CCAA_CASTILLA_MANCHA;97.87
2018-01;regional;mensual;CCAA_CASTILLA_MANCHA;96.32
2018-02;regional;mensual;CCAA_CASTILLA_MANCHA;96.48
2018-03;regional;mensual;CCAA_CASTILLA_MANCHA;96.99
2018-04;regional;mensual;CCAA_CASTILLA_MANCHA;97.89
2018-05;regional;mensual;CCAA_CASTILLA_MANCHA;98.08
2018-06;regional;mensual;CCAA_CASTILLA_MANCHA;98.08
2018-07;regional;mensual;CCAA_CASTILLA_MANCHA;97.05
2018-08;regional;mensual;CCAA_CASTILLA_MANCHA;97.14
2018-09;regional;mensual;CCAA_CASTILLA_MANCHA;97.4
2018-10;regional;mensual;CCAA_CASTILLA_MANCHA;98.4
2018-11;regional;mensual;CCAA_CASTILLA_MANCHA;98.72
2018-12;regional;mensual;CCAA_CASTILLA_MANCHA;98.67
2019-01;regional;mensual;CCAA_CASTILLA_MANCHA;96.93
2019-02;regional;mensual;CCAA_CASTILLA_MANCHA;96.97
2019-03;regional;mensual;CCAA_CASTILLA_MANCHA;97.58
2019-04;regional;mensual;CCAA_CASTILLA_MANCHA;98.72
2019-05;regional;mensual;CCAA_CASTILLA_MANCHA;98.69
2019-06;regional;mensual;CCAA_CASTILLA_MANCHA;98.92
2019-07;regional;mensual;CCAA_CASTILLA_MANCHA;97.87
2019-08;regional;mensual;CCAA_CASTILLA_MANCHA;98.04
2019-09;regional;mensual;CCAA_CASTILLA_MANCHA;98.24
2019-10;regional;mensual;CCAA_CASTILLA_MANCHA;99.32
2019-11;regional;mensual;CCAA_CASTILLA_MANCHA;99.74
2019-12;regional;mensual;CCAA_CASTILLA_MANCHA;99.72
2020-01;regional;mensual;CCAA_CASTILLA_MANCHA;97.99
2020-02;regional;mensual;CCAA_CASTILLA_MANCHA;98.17
2020-03;regional;mensual;CCAA_CASTILLA_MANCHA;98.69
2020-04;regional;mensual;CCAA_CASTILLA_MANCHA;99.84
2020-05;regional;mensual;CCAA_CASTILLA_MANCHA;100.0
2020-06;regional;mensual;CCAA_CASTILLA_MANCHA;100.08
2020-07;regional;mensual;CCAA_CASTILLA_MANCHA;98.62
2020-08;regional;mensual;CCAA_CASTILLA_MANCHA;98.62
2020-09;regional;mensual;CCAA_CASTILLA_MANCHA;98.84
2020-10;regional;mensual;CCAA_CASTILLA_MANCHA;99.73
2020-11;regional;mensual;CCAA_CASTILLA_MANCHA;99.95
2020-12;regional;mensual;CCAA_CASTILLA_MANCHA;99.86
2021-01;regional;mensual;CCAA_CASTILLA_MANCHA;98.59
2021-02;regional;mensual;CCAA_CASTILLA_MANCHA;98.5
2021-03;regional;mensual;CCAA_CASTILLA_MANCHA;98.98
2021-04;regional;mensual;CCAA_CASTILLA_MANCHA;99.94
2021-05;regional;mensual;CCAA_CASTILLA_MANCHA;100.25
2021-06;regional;mensual;CCAA_CASTILLA_MANCHA;100.35
2021-07;regional;mensual;CCAA_CASTILLA_MANCHA;99.32
2021-08;regional;mensual;CCAA_CASTILLA_MANCHA;99.42
2021-09;regional;mensual;CCAA_CASTILLA_MANCHA;99.86
2021-10;regional;mensual;CCAA_CASTILLA_MANCHA;101.19
2021-11;regional;mensual;CCAA_CASTILLA_MANCHA;101.66
2021-12;regional;mensual;CCAA_CASTILLA_MANCHA;101.94
2022-01;regional;mensual;CCAA_CASTILLA_MANCHA;101.23
2022-02;regional;mensual;CCAA_CASTILLA_MANCHA;101.84
2022-03;regional;mensual;CCAA_CASTILLA_MANCHA;102.7
2022-04;regional;mensual;CCAA_CASTILLA_MANCHA;104.87
2022-05;regional;mensual;CCAA_CASTILLA_MANCHA;105.61
2022-06;regional;mensual;CCAA_CASTILLA_MANCHA;106.27
2022-07;regional;mensual;CCAA_CASTILLA_MANCHA;105.97
2022-08;regional;mensual;CCAA_CASTILLA_MANCHA;106.28
2022-09;regional;mensual;CCAA_CASTILLA_MANCHA;106.49
2022-10;regional;mensual;CCAA_CASTILLA_MANCHA;107.79
2022-11;regional;mensual;CCAA_CASTILLA_MANCHA;108.66
2022-12;regional;mensual;CCAA_CASTILLA_MANCHA;109.84
2023-01;regional;mensual;CCAA_CASTILLA_MANCHA;109.65
2023-02;regional;mensual;CCAA_CASTILLA_MANCHA;110.47
2023-03;regional;mensual;CCAA_CASTILLA_MANCHA;111.29
2023-04;regional;mensual;CCAA_CASTILLA_MANCHA;112.46
2023-05;regional;mensual;CCAA_CASTILLA_MANCHA;112.74
2023-06;regional;mensual;CCAA_CASTILLA_MANCHA;113.26
2023-07;regional;mensual;CCAA_CASTILLA_MANCHA;113.04
2023-08;regional;mensual;CCAA_CASTILLA_MANCHA;113.38
2023-09;regional;mensual;CCAA_CASTILLA_MANCHA;113.35
2023-10;regional;mensual;CCAA_CASTILLA_MANCHA;113.94
2023-11;regional;mensual;CCAA_CASTILLA_MANCHA;114.18
2023-12;regional;mensual;CCAA_CASTILLA_MANCHA;114.55
2024-01;regional;mensual;CCAA_CASTILLA_MANCHA;114.05
2024-02;regional;mensual;CCAA_CASTILLA_MANCHA;114.68
2024-03;regional;mensual;CCAA_CASTILLA_MANCHA;115.26
2024-04;regional;mensual;CCAA_CASTILLA_MANCHA;116.02
2024-05;regional;mensual;CCAA_CASTILLA_MANCHA;116.22
2024-06;regional;mensual;CCAA_CASTILLA_MANCHA;116.52
2024-07;regional;mensual;CCAA_CASTILLA_MANCHA;115.99
2024-08;regional;mensual;CCAA_CASTILLA_MANCHA;116.23
2002-01;regional;mensual;CCAA_PRINCIPADO_ASTURIAS;74.22
2002-02;regional;mensual;CCAA_PRINCIPADO_ASTURIAS;74.38
2002-03;regional;mensual;CCAA_PRINCIPADO_ASTURIAS;74.89
2002-04;regional;mensual;CCAA_PRINCIPADO_ASTURIAS;76.16
2002-05;regional;mensual;CCAA_PRINCIPADO_ASTURIAS;76.48
2002-06;regional;mensual;CCAA_PRINCIPADO_ASTURIAS;76.53
2002-07;regional;mensual;CCAA_PRINCIPADO_ASTURIAS;75.66
2002-08;regional;mensual;CCAA_PRINCIPADO_ASTURIAS;75.81
2002-09;regional;mensual;CCAA_PRINCIPADO_ASTURIAS;75.83
2002-10;regional;mensual;CCAA_PRINCIPADO_ASTURIAS;76.25
2002-11;regional;mensual;CCAA_PRINCIPADO_ASTURIAS;77.37
2002-12;regional;mensual;CCAA_PRINCIPADO_ASTURIAS;77.51
2003-01;regional;mensual;CCAA_PRINCIPADO_ASTURIAS;76.52
2003-02;regional;mensual;CCAA_PRINCIPADO_ASTURIAS;76.68
2003-03;regional;mensual;CCAA_PRINCIPADO_ASTURIAS;77.05
2003-04;regional;mensual;CCAA_PRINCIPADO_ASTURIAS;78.48
2003-05;regional;mensual;CCAA_PRINCIPADO_ASTURIAS;78.52
2003-06;regional;mensual;CCAA_PRINCIPADO_ASTURIAS;78.56
2003-07;regional;mensual;CCAA_PRINCIPADO_ASTURIAS;77.62
2003-08;regional;mensual;CCAA_PRINCIPADO_ASTURIAS;77.82
2003-09;regional;mensual;CCAA_PRINCIPADO_ASTURIAS;77.85
2003-10;regional;mensual;CCAA_PRINCIPADO_ASTURIAS;78.42
2003-11;regional;mensual;CCAA_PRINCIPADO_ASTURIAS;79.13
2003-12;regional;mensual;CCAA_PRINCIPADO_ASTURIAS;79.31
2004-01;regional;mensual;CCAA_PRINCIPADO_ASTURIAS;78.28
2004-02;regional;mensual;CCAA_PRINCIPADO_ASTURIAS;78.36
2004-03;regional;mensual;CCAA_PRINCIPADO_ASTURIAS;78.73
2004-04;regional;mensual;CCAA_PRINCIPADO_ASTURIAS;80.11
2004-05;regional;mensual;CCAA_PRINCIPADO_ASTURIAS;80.34
2004-06;regional;mensual;CCAA_PRINCIPADO_ASTURIAS;80.46
2004-07;regional;mensual;CCAA_PRINCIPADO_ASTURIAS;79.43
2004-08;regional;mensual;CCAA_PRINCIPADO_ASTURIAS;79.73
2004-09;regional;mensual;CCAA_PRINCIPADO_ASTURIAS;79.71
2004-10;regional;mensual;CCAA_PRINCIPADO_ASTURIAS;80.58
2004-11;regional;mensual;CCAA_PRINCIPADO_ASTURIAS;81.09
2004-12;regional;mensual;CCAA_PRINCIPADO_ASTURIAS;81.22
2005-01;regional;mensual;CCAA_PRINCIPADO_ASTURIAS;80.07
2005-02;regional;mensual;CCAA_PRINCIPADO_ASTURIAS;80.16
2005-03;regional;mensual;CCAA_PRINCIPADO_ASTURIAS;80.64
2005-04;regional;mensual;CCAA_PRINCIPADO_ASTURIAS;81.98
2005-05;regional;mensual;CCAA_PRINCIPADO_ASTURIAS;82.16
2005-06;regional;mensual;CCAA_PRINCIPADO_ASTURIAS;82.35
2005-07;regional;mensual;CCAA_PRINCIPADO_ASTURIAS;81.32
2005-08;regional;mensual;CCAA_PRINCIPADO_ASTURIAS;81.54
2005-09;regional;mensual;CCAA_PRINCIPADO_ASTURIAS;81.54
2005-10;regional;mensual;CCAA_PRINCIPADO_ASTURIAS;82.45
2005-11;regional;mensual;CCAA_PRINCIPADO_ASTURIAS;83.06
2005-12;regional;mensual;CCAA_PRINCIPADO_ASTURIAS;83.36
2006-01;regional;mensual;CCAA_PRINCIPADO_ASTURIAS;82.2
2006-02;regional;mensual;CCAA_PRINCIPADO_ASTURIAS;82.38
2006-03;regional;mensual;CCAA_PRINCIPADO_ASTURIAS;82.94
2006-04;regional;mensual;CCAA_PRINCIPADO_ASTURIAS;84.25
2006-05;regional;mensual;CCAA_PRINCIPADO_ASTURIAS;84.35
2006-06;regional;mensual;CCAA_PRINCIPADO_ASTURIAS;84.43
2006-07;regional;mensual;CCAA_PRINCIPADO_ASTURIAS;83.4
2006-08;regional;mensual;CCAA_PRINCIPADO_ASTURIAS;83.64
2006-09;regional;mensual;CCAA_PRINCIPADO_ASTURIAS;83.7
2006-10;regional;mensual;CCAA_PRINCIPADO_ASTURIAS;84.54
2006-11;regional;mensual;CCAA_PRINCIPADO_ASTURIAS;85.02
2006-12;regional;mensual;CCAA_PRINCIPADO_ASTURIAS;85.06
2007-01;regional;mensual;CCAA_PRINCIPADO_ASTURIAS;83.97
2007-02;regional;mensual;CCAA_PRINCIPADO_ASTURIAS;84.22
2007-03;regional;mensual;CCAA_PRINCIPADO_ASTURIAS;84.76
2007-04;regional;mensual;CCAA_PRINCIPADO_ASTURIAS;86.24
2007-05;regional;mensual;CCAA_PRINCIPADO_ASTURIAS;86.53
2007-06;regional;mensual;CCAA_PRINCIPADO_ASTURIAS;86.68
2007-07;regional;mensual;CCAA_PRINCIPADO_ASTURIAS;85.7
2007-08;regional;mensual;CCAA_PRINCIPADO_ASTURIAS;85.99
2007-09;regional;mensual;CCAA_PRINCIPADO_ASTURIAS;85.94
2007-10;regional;mensual;CCAA_PRINCIPADO_ASTURIAS;87.12
2007-11;regional;mensual;CCAA_PRINCIPADO_ASTURIAS;87.83
2007-12;regional;mensual;CCAA_PRINCIPADO_ASTURIAS;87.95
2008-01;regional;mensual;CCAA_PRINCIPADO_ASTURIAS;86.89
2008-02;regional;mensual;CCAA_PRINCIPADO_ASTURIAS;87.27
2008-03;regional;mensual;CCAA_PRINCIPADO_ASTURIAS;87.8
2008-04;regional;mensual;CCAA_PRINCIPADO_ASTURIAS;89.03
2008-05;regional;mensual;CCAA_PRINCIPADO_ASTURIAS;89.4
2008-06;regional;mensual;CCAA_PRINCIPADO_ASTURIAS;89.64
2008-07;regional;mensual;CCAA_PRINCIPADO_ASTURIAS;88.61
2008-08;regional;mensual;CCAA_PRINCIPADO_ASTURIAS;88.95
2008-09;regional;mensual;CCAA_PRINCIPADO_ASTURIAS;88.94
2008-10;regional;mensual;CCAA_PRINCIPADO_ASTURIAS;89.82
2008-11;regional;mensual;CCAA_PRINCIPADO_ASTURIAS;90.45
2008-12;regional;mensual;CCAA_PRINCIPADO_ASTURIAS;90.37
2009-01;regional;mensual;CCAA_PRINCIPADO_ASTURIAS;88.89
2009-02;regional;mensual;CCAA_PRINCIPADO_ASTURIAS;88.75
2009-03;regional;mensual;CCAA_PRINCIPADO_ASTURIAS;89.09
2009-04;regional;mensual;CCAA_PRINCIPADO_ASTURIAS;90.27
2009-05;regional;mensual;CCAA_PRINCIPADO_ASTURIAS;90.22
2009-06;regional;mensual;CCAA_PRINCIPADO_ASTURIAS;90.31
2009-07;regional;mensual;CCAA_PRINCIPADO_ASTURIAS;89.13
2009-08;regional;mensual;CCAA_PRINCIPADO_ASTURIAS;89.31
2009-09;regional;mensual;CCAA_PRINCIPADO_ASTURIAS;89.11
2009-10;regional;mensual;CCAA_PRINCIPADO_ASTURIAS;90.03
2009-11;regional;mensual;CCAA_PRINCIPADO_ASTURIAS;90.84
2009-12;regional;mensual;CCAA_PRINCIPADO_ASTURIAS;90.72
2010-01;regional;mensual;CCAA_PRINCIPADO_ASTURIAS;89.0
2010-02;regional;mensual;CCAA_PRINCIPADO_ASTURIAS;88.94
2010-03;regional;mensual;CCAA_PRINCIPADO_ASTURIAS;89.33
2010-04;regional;mensual;CCAA_PRINCIPADO_ASTURIAS;90.36
2010-05;regional;mensual;CCAA_PRINCIPADO_ASTURIAS;90.68
2010-06;regional;mensual;CCAA_PRINCIPADO_ASTURIAS;90.95
2010-07;regional;mensual;CCAA_PRINCIPADO_ASTURIAS;90.06
2010-08;regional;mensual;CCAA_PRINCIPADO_ASTURIAS;90.44
2010-09;regional;mensual;CCAA_PRINCIPADO_ASTURIAS;90.41
2010-10;regional;mensual;CCAA_PRINCIPADO_ASTURIAS;91.34
2010-11;regional;mensual;CCAA_PRINCIPADO_ASTURIAS;92.31
2010-12;regional;mensual;CCAA_PRINCIPADO_ASTURIAS;92.34
2011-01;regional;mensual;CCAA_PRINCIPADO_ASTURIAS;90.88
2011-02;regional;mensual;CCAA_PRINCIPADO_ASTURIAS;91.06
2011-03;regional;mensual;CCAA_PRINCIPADO_ASTURIAS;91.32
2011-04;regional;mensual;CCAA_PRINCIPADO_ASTURIAS;92.67
2011-05;regional;mensual;CCAA_PRINCIPADO_ASTURIAS;92.94
2011-06;regional;mensual;CCAA_PRINCIPADO_ASTURIAS;92.88
2011-07;regional;mensual;CCAA_PRINCIPADO_ASTURIAS;91.77
2011-08;regional;mensual;CCAA_PRINCIPADO_ASTURIAS;92.12
2011-09;regional;mensual;CCAA_PRINCIPADO_ASTURIAS;92.17
2011-10;regional;mensual;CCAA_PRINCIPADO_ASTURIAS;93.16
2011-11;regional;mensual;CCAA_PRINCIPADO_ASTURIAS;93.83
2011-12;regional;mensual;CCAA_PRINCIPADO_ASTURIAS;93.98
2012-01;regional;mensual;CCAA_PRINCIPADO_ASTURIAS;92.06
2012-02;regional;mensual;CCAA_PRINCIPADO_ASTURIAS;92.13
2012-03;regional;mensual;CCAA_PRINCIPADO_ASTURIAS;92.48
2012-04;regional;mensual;CCAA_PRINCIPADO_ASTURIAS;93.78
2012-05;regional;mensual;CCAA_PRINCIPADO_ASTURIAS;94.05
2012-06;regional;mensual;CCAA_PRINCIPADO_ASTURIAS;94.0
2012-07;regional;mensual;CCAA_PRINCIPADO_ASTURIAS;93.02
2012-08;regional;mensual;CCAA_PRINCIPADO_ASTURIAS;93.3
2012-09;regional;mensual;CCAA_PRINCIPADO_ASTURIAS;93.88
2012-10;regional;mensual;CCAA_PRINCIPADO_ASTURIAS;95.29
2012-11;regional;mensual;CCAA_PRINCIPADO_ASTURIAS;95.86
2012-12;regional;mensual;CCAA_PRINCIPADO_ASTURIAS;95.84
2013-01;regional;mensual;CCAA_PRINCIPADO_ASTURIAS;93.99
2013-02;regional;mensual;CCAA_PRINCIPADO_ASTURIAS;94.02
2013-03;regional;mensual;CCAA_PRINCIPADO_ASTURIAS;94.37
2013-04;regional;mensual;CCAA_PRINCIPADO_ASTURIAS;95.35
2013-05;regional;mensual;CCAA_PRINCIPADO_ASTURIAS;95.7
2013-06;regional;mensual;CCAA_PRINCIPADO_ASTURIAS;95.65
2013-07;regional;mensual;CCAA_PRINCIPADO_ASTURIAS;94.51
2013-08;regional;mensual;CCAA_PRINCIPADO_ASTURIAS;94.79
2013-09;regional;mensual;CCAA_PRINCIPADO_ASTURIAS;94.6
2013-10;regional;mensual;CCAA_PRINCIPADO_ASTURIAS;95.34
2013-11;regional;mensual;CCAA_PRINCIPADO_ASTURIAS;96.14
2013-12;regional;mensual;CCAA_PRINCIPADO_ASTURIAS;95.93
2014-01;regional;mensual;CCAA_PRINCIPADO_ASTURIAS;93.98
2014-02;regional;mensual;CCAA_PRINCIPADO_ASTURIAS;93.99
2014-03;regional;mensual;CCAA_PRINCIPADO_ASTURIAS;94.28
2014-04;regional;mensual;CCAA_PRINCIPADO_ASTURIAS;95.44
2014-05;regional;mensual;CCAA_PRINCIPADO_ASTURIAS;95.53
2014-06;regional;mensual;CCAA_PRINCIPADO_ASTURIAS;95.53
2014-07;regional;mensual;CCAA_PRINCIPADO_ASTURIAS;94.29
2014-08;regional;mensual;CCAA_PRINCIPADO_ASTURIAS;94.54
2014-09;regional;mensual;CCAA_PRINCIPADO_ASTURIAS;94.35
2014-10;regional;mensual;CCAA_PRINCIPADO_ASTURIAS;95.16
2014-11;regional;mensual;CCAA_PRINCIPADO_ASTURIAS;95.93
2014-12;regional;mensual;CCAA_PRINCIPADO_ASTURIAS;95.82
2015-01;regional;mensual;CCAA_PRINCIPADO_ASTURIAS;94.01
2015-02;regional;mensual;CCAA_PRINCIPADO_ASTURIAS;93.98
2015-03;regional;mensual;CCAA_PRINCIPADO_ASTURIAS;94.38
2015-04;regional;mensual;CCAA_PRINCIPADO_ASTURIAS;95.61
2015-05;regional;mensual;CCAA_PRINCIPADO_ASTURIAS;95.97
2015-06;regional;mensual;CCAA_PRINCIPADO_ASTURIAS;96.03
2015-07;regional;mensual;CCAA_PRINCIPADO_ASTURIAS;95.02
2015-08;regional;mensual;CCAA_PRINCIPADO_ASTURIAS;95.19
2015-09;regional;mensual;CCAA_PRINCIPADO_ASTURIAS;95.19
2015-10;regional;mensual;CCAA_PRINCIPADO_ASTURIAS;96.0
2015-11;regional;mensual;CCAA_PRINCIPADO_ASTURIAS;96.83
2015-12;regional;mensual;CCAA_PRINCIPADO_ASTURIAS;96.62
2016-01;regional;mensual;CCAA_PRINCIPADO_ASTURIAS;94.89
2016-02;regional;mensual;CCAA_PRINCIPADO_ASTURIAS;95.02
2016-03;regional;mensual;CCAA_PRINCIPADO_ASTURIAS;95.49
2016-04;regional;mensual;CCAA_PRINCIPADO_ASTURIAS;96.38
2016-05;regional;mensual;CCAA_PRINCIPADO_ASTURIAS;96.81
2016-06;regional;mensual;CCAA_PRINCIPADO_ASTURIAS;96.88
2016-07;regional;mensual;CCAA_PRINCIPADO_ASTURIAS;95.83
2016-08;regional;mensual;CCAA_PRINCIPADO_ASTURIAS;96.34
2016-09;regional;mensual;CCAA_PRINCIPADO_ASTURIAS;96.22
2016-10;regional;mensual;CCAA_PRINCIPADO_ASTURIAS;97.12
2016-11;regional;mensual;CCAA_PRINCIPADO_ASTURIAS;97.81
2016-12;regional;mensual;CCAA_PRINCIPADO_ASTURIAS;97.69
2017-01;regional;mensual;CCAA_PRINCIPADO_ASTURIAS;95.94
2017-02;regional;mensual;CCAA_PRINCIPADO_ASTURIAS;96.02
2017-03;regional;mensual;CCAA_PRINCIPADO_ASTURIAS;96.35
2017-04;regional;mensual;CCAA_PRINCIPADO_ASTURIAS;97.69
2017-05;regional;mensual;CCAA_PRINCIPADO_ASTURIAS;97.51
2017-06;regional;mensual;CCAA_PRINCIPADO_ASTURIAS;97.75
2017-07;regional;mensual;CCAA_PRINCIPADO_ASTURIAS;96.98
2017-08;regional;mensual;CCAA_PRINCIPADO_ASTURIAS;97.34
2017-09;regional;mensual;CCAA_PRINCIPADO_ASTURIAS;97.03
2017-10;regional;mensual;CCAA_PRINCIPADO_ASTURIAS;97.7
2017-11;regional;mensual;CCAA_PRINCIPADO_ASTURIAS;98.36
2017-12;regional;mensual;CCAA_PRINCIPADO_ASTURIAS;98.34
2018-01;regional;mensual;CCAA_PRINCIPADO_ASTURIAS;96.58
2018-02;regional;mensual;CCAA_PRINCIPADO_ASTURIAS;96.8
2018-03;regional;mensual;CCAA_PRINCIPADO_ASTURIAS;97.14
2018-04;regional;mensual;CCAA_PRINCIPADO_ASTURIAS;98.06
2018-05;regional;mensual;CCAA_PRINCIPADO_ASTURIAS;98.59
2018-06;regional;mensual;CCAA_PRINCIPADO_ASTURIAS;98.69
2018-07;regional;mensual;CCAA_PRINCIPADO_ASTURIAS;97.91
2018-08;regional;mensual;CCAA_PRINCIPADO_ASTURIAS;98.14
2018-09;regional;mensual;CCAA_PRINCIPADO_ASTURIAS;97.74
2018-10;regional;mensual;CCAA_PRINCIPADO_ASTURIAS;98.47
2018-11;regional;mensual;CCAA_PRINCIPADO_ASTURIAS;99.06
2018-12;regional;mensual;CCAA_PRINCIPADO_ASTURIAS;99.02
2019-01;regional;mensual;CCAA_PRINCIPADO_ASTURIAS;97.25
2019-02;regional;mensual;CCAA_PRINCIPADO_ASTURIAS;97.4
2019-03;regional;mensual;CCAA_PRINCIPADO_ASTURIAS;97.72
2019-04;regional;mensual;CCAA_PRINCIPADO_ASTURIAS;98.82
2019-05;regional;mensual;CCAA_PRINCIPADO_ASTURIAS;99.21
2019-06;regional;mensual;CCAA_PRINCIPADO_ASTURIAS;99.36
2019-07;regional;mensual;CCAA_PRINCIPADO_ASTURIAS;98.46
2019-08;regional;mensual;CCAA_PRINCIPADO_ASTURIAS;98.58
2019-09;regional;mensual;CCAA_PRINCIPADO_ASTURIAS;98.25
2019-10;regional;mensual;CCAA_PRINCIPADO_ASTURIAS;98.99
2019-11;regional;mensual;CCAA_PRINCIPADO_ASTURIAS;99.75
2019-12;regional;mensual;CCAA_PRINCIPADO_ASTURIAS;99.66
2020-01;regional;mensual;CCAA_PRINCIPADO_ASTURIAS;98.02
2020-02;regional;mensual;CCAA_PRINCIPADO_ASTURIAS;98.18
2020-03;regional;mensual;CCAA_PRINCIPADO_ASTURIAS;98.68
2020-04;regional;mensual;CCAA_PRINCIPADO_ASTURIAS;99.93
2020-05;regional;mensual;CCAA_PRINCIPADO_ASTURIAS;100.19
2020-06;regional;mensual;CCAA_PRINCIPADO_ASTURIAS;100.06
2020-07;regional;mensual;CCAA_PRINCIPADO_ASTURIAS;98.96
2020-08;regional;mensual;CCAA_PRINCIPADO_ASTURIAS;99.1
2020-09;regional;mensual;CCAA_PRINCIPADO_ASTURIAS;98.91
2020-10;regional;mensual;CCAA_PRINCIPADO_ASTURIAS;99.63
2020-11;regional;mensual;CCAA_PRINCIPADO_ASTURIAS;100.17
2020-12;regional;mensual;CCAA_PRINCIPADO_ASTURIAS;99.95
2021-01;regional;mensual;CCAA_PRINCIPADO_ASTURIAS;98.73
2021-02;regional;mensual;CCAA_PRINCIPADO_ASTURIAS;98.56
2021-03;regional;mensual;CCAA_PRINCIPADO_ASTURIAS;99.14
2021-04;regional;mensual;CCAA_PRINCIPADO_ASTURIAS;100.13
2021-05;regional;mensual;CCAA_PRINCIPADO_ASTURIAS;100.27
2021-06;regional;mensual;CCAA_PRINCIPADO_ASTURIAS;100.35
2021-07;regional;mensual;CCAA_PRINCIPADO_ASTURIAS;99.24
2021-08;regional;mensual;CCAA_PRINCIPADO_ASTURIAS;99.63
2021-09;regional;mensual;CCAA_PRINCIPADO_ASTURIAS;99.74
2021-10;regional;mensual;CCAA_PRINCIPADO_ASTURIAS;100.81
2021-11;regional;mensual;CCAA_PRINCIPADO_ASTURIAS;101.62
2021-12;regional;mensual;CCAA_PRINCIPADO_ASTURIAS;101.78
2022-01;regional;mensual;CCAA_PRINCIPADO_ASTURIAS;100.81
2022-02;regional;mensual;CCAA_PRINCIPADO_ASTURIAS;101.38
2022-03;regional;mensual;CCAA_PRINCIPADO_ASTURIAS;102.12
2022-04;regional;mensual;CCAA_PRINCIPADO_ASTURIAS;104.39
2022-05;regional;mensual;CCAA_PRINCIPADO_ASTURIAS;105.11
2022-06;regional;mensual;CCAA_PRINCIPADO_ASTURIAS;105.73
2022-07;regional;mensual;CCAA_PRINCIPADO_ASTURIAS;105.41
2022-08;regional;mensual;CCAA_PRINCIPADO_ASTURIAS;105.94
2022-09;regional;mensual;CCAA_PRINCIPADO_ASTURIAS;105.99
2022-10;regional;mensual;CCAA_PRINCIPADO_ASTURIAS;107.03
2022-11;regional;mensual;CCAA_PRINCIPADO_ASTURIAS;107.67
2022-12;regional;mensual;CCAA_PRINCIPADO_ASTURIAS;108.71
2023-01;regional;mensual;CCAA_PRINCIPADO_ASTURIAS;108.4
2023-02;regional;mensual;CCAA_PRINCIPADO_ASTURIAS;109.06
2023-03;regional;mensual;CCAA_PRINCIPADO_ASTURIAS;109.96
2023-04;regional;mensual;CCAA_PRINCIPADO_ASTURIAS;111.05
2023-05;regional;mensual;CCAA_PRINCIPADO_ASTURIAS;111.1
2023-06;regional;mensual;CCAA_PRINCIPADO_ASTURIAS;111.56
2023-07;regional;mensual;CCAA_PRINCIPADO_ASTURIAS;111.66
2023-08;regional;mensual;CCAA_PRINCIPADO_ASTURIAS;112.3
2023-09;regional;mensual;CCAA_PRINCIPADO_ASTURIAS;111.64
2023-10;regional;mensual;CCAA_PRINCIPADO_ASTURIAS;112.06
2023-11;regional;mensual;CCAA_PRINCIPADO_ASTURIAS;112.05
2023-12;regional;mensual;CCAA_PRINCIPADO_ASTURIAS;112.56
2024-01;regional;mensual;CCAA_PRINCIPADO_ASTURIAS;112.05
2024-02;regional;mensual;CCAA_PRINCIPADO_ASTURIAS;112.63
2024-03;regional;mensual;CCAA_PRINCIPADO_ASTURIAS;113.44
2024-04;regional;mensual;CCAA_PRINCIPADO_ASTURIAS;114.17
2024-05;regional;mensual;CCAA_PRINCIPADO_ASTURIAS;114.16
2024-06;regional;mensual;CCAA_PRINCIPADO_ASTURIAS;115.02
2024-07;regional;mensual;CCAA_PRINCIPADO_ASTURIAS;114.83
2024-08;regional;mensual;CCAA_PRINCIPADO_ASTURIAS;115.37
2002-01;regional;mensual;CCAA_COMUNIDAD_FORAL_NAVARRA;73.83
2002-02;regional;mensual;CCAA_COMUNIDAD_FORAL_NAVARRA;73.9
2002-03;regional;mensual;CCAA_COMUNIDAD_FORAL_NAVARRA;74.72
2002-04;regional;mensual;CCAA_COMUNIDAD_FORAL_NAVARRA;75.61
2002-05;regional;mensual;CCAA_COMUNIDAD_FORAL_NAVARRA;76.01
2002-06;regional;mensual;CCAA_COMUNIDAD_FORAL_NAVARRA;76.25
2002-07;regional;mensual;CCAA_COMUNIDAD_FORAL_NAVARRA;76.0
2002-08;regional;mensual;CCAA_COMUNIDAD_FORAL_NAVARRA;75.77
2002-09;regional;mensual;CCAA_COMUNIDAD_FORAL_NAVARRA;76.0
2002-10;regional;mensual;CCAA_COMUNIDAD_FORAL_NAVARRA;76.26
2002-11;regional;mensual;CCAA_COMUNIDAD_FORAL_NAVARRA;77.09
2002-12;regional;mensual;CCAA_COMUNIDAD_FORAL_NAVARRA;77.19
2003-01;regional;mensual;CCAA_COMUNIDAD_FORAL_NAVARRA;76.33
2003-02;regional;mensual;CCAA_COMUNIDAD_FORAL_NAVARRA;76.5
2003-03;regional;mensual;CCAA_COMUNIDAD_FORAL_NAVARRA;77.17
2003-04;regional;mensual;CCAA_COMUNIDAD_FORAL_NAVARRA;78.18
2003-05;regional;mensual;CCAA_COMUNIDAD_FORAL_NAVARRA;78.43
2003-06;regional;mensual;CCAA_COMUNIDAD_FORAL_NAVARRA;78.61
2003-07;regional;mensual;CCAA_COMUNIDAD_FORAL_NAVARRA;78.13
2003-08;regional;mensual;CCAA_COMUNIDAD_FORAL_NAVARRA;78.1
2003-09;regional;mensual;CCAA_COMUNIDAD_FORAL_NAVARRA;78.37
2003-10;regional;mensual;CCAA_COMUNIDAD_FORAL_NAVARRA;78.41
2003-11;regional;mensual;CCAA_COMUNIDAD_FORAL_NAVARRA;79.12
2003-12;regional;mensual;CCAA_COMUNIDAD_FORAL_NAVARRA;79.34
2004-01;regional;mensual;CCAA_COMUNIDAD_FORAL_NAVARRA;78.14
2004-02;regional;mensual;CCAA_COMUNIDAD_FORAL_NAVARRA;78.34
2004-03;regional;mensual;CCAA_COMUNIDAD_FORAL_NAVARRA;78.86
2004-04;regional;mensual;CCAA_COMUNIDAD_FORAL_NAVARRA;79.95
2004-05;regional;mensual;CCAA_COMUNIDAD_FORAL_NAVARRA;80.51
2004-06;regional;mensual;CCAA_COMUNIDAD_FORAL_NAVARRA;80.8
2004-07;regional;mensual;CCAA_COMUNIDAD_FORAL_NAVARRA;80.13
2004-08;regional;mensual;CCAA_COMUNIDAD_FORAL_NAVARRA;80.39
2004-09;regional;mensual;CCAA_COMUNIDAD_FORAL_NAVARRA;80.53
2004-10;regional;mensual;CCAA_COMUNIDAD_FORAL_NAVARRA;80.99
2004-11;regional;mensual;CCAA_COMUNIDAD_FORAL_NAVARRA;81.6
2004-12;regional;mensual;CCAA_COMUNIDAD_FORAL_NAVARRA;81.67
2005-01;regional;mensual;CCAA_COMUNIDAD_FORAL_NAVARRA;80.4
2005-02;regional;mensual;CCAA_COMUNIDAD_FORAL_NAVARRA;80.6
2005-03;regional;mensual;CCAA_COMUNIDAD_FORAL_NAVARRA;81.27
2005-04;regional;mensual;CCAA_COMUNIDAD_FORAL_NAVARRA;82.18
2005-05;regional;mensual;CCAA_COMUNIDAD_FORAL_NAVARRA;82.73
2005-06;regional;mensual;CCAA_COMUNIDAD_FORAL_NAVARRA;82.86
2005-07;regional;mensual;CCAA_COMUNIDAD_FORAL_NAVARRA;82.07
2005-08;regional;mensual;CCAA_COMUNIDAD_FORAL_NAVARRA;82.21
2005-09;regional;mensual;CCAA_COMUNIDAD_FORAL_NAVARRA;82.37
2005-10;regional;mensual;CCAA_COMUNIDAD_FORAL_NAVARRA;83.04
2005-11;regional;mensual;CCAA_COMUNIDAD_FORAL_NAVARRA;83.69
2005-12;regional;mensual;CCAA_COMUNIDAD_FORAL_NAVARRA;83.86
2006-01;regional;mensual;CCAA_COMUNIDAD_FORAL_NAVARRA;82.69
2006-02;regional;mensual;CCAA_COMUNIDAD_FORAL_NAVARRA;82.81
2006-03;regional;mensual;CCAA_COMUNIDAD_FORAL_NAVARRA;83.75
2006-04;regional;mensual;CCAA_COMUNIDAD_FORAL_NAVARRA;84.63
2006-05;regional;mensual;CCAA_COMUNIDAD_FORAL_NAVARRA;84.99
2006-06;regional;mensual;CCAA_COMUNIDAD_FORAL_NAVARRA;85.16
2006-07;regional;mensual;CCAA_COMUNIDAD_FORAL_NAVARRA;84.35
2006-08;regional;mensual;CCAA_COMUNIDAD_FORAL_NAVARRA;84.34
2006-09;regional;mensual;CCAA_COMUNIDAD_FORAL_NAVARRA;84.49
2006-10;regional;mensual;CCAA_COMUNIDAD_FORAL_NAVARRA;84.94
2006-11;regional;mensual;CCAA_COMUNIDAD_FORAL_NAVARRA;85.47
2006-12;regional;mensual;CCAA_COMUNIDAD_FORAL_NAVARRA;85.52
2007-01;regional;mensual;CCAA_COMUNIDAD_FORAL_NAVARRA;84.41
2007-02;regional;mensual;CCAA_COMUNIDAD_FORAL_NAVARRA;84.67
2007-03;regional;mensual;CCAA_COMUNIDAD_FORAL_NAVARRA;85.71
2007-04;regional;mensual;CCAA_COMUNIDAD_FORAL_NAVARRA;86.44
2007-05;regional;mensual;CCAA_COMUNIDAD_FORAL_NAVARRA;86.74
2007-06;regional;mensual;CCAA_COMUNIDAD_FORAL_NAVARRA;86.85
2007-07;regional;mensual;CCAA_COMUNIDAD_FORAL_NAVARRA;86.22
2007-08;regional;mensual;CCAA_COMUNIDAD_FORAL_NAVARRA;86.14
2007-09;regional;mensual;CCAA_COMUNIDAD_FORAL_NAVARRA;86.33
2007-10;regional;mensual;CCAA_COMUNIDAD_FORAL_NAVARRA;87.36
2007-11;regional;mensual;CCAA_COMUNIDAD_FORAL_NAVARRA;88.1
2007-12;regional;mensual;CCAA_COMUNIDAD_FORAL_NAVARRA;88.28
2008-01;regional;mensual;CCAA_COMUNIDAD_FORAL_NAVARRA;86.89
2008-02;regional;mensual;CCAA_COMUNIDAD_FORAL_NAVARRA;87.26
2008-03;regional;mensual;CCAA_COMUNIDAD_FORAL_NAVARRA;87.89
2008-04;regional;mensual;CCAA_COMUNIDAD_FORAL_NAVARRA;88.77
2008-05;regional;mensual;CCAA_COMUNIDAD_FORAL_NAVARRA;89.27
2008-06;regional;mensual;CCAA_COMUNIDAD_FORAL_NAVARRA;89.44
2008-07;regional;mensual;CCAA_COMUNIDAD_FORAL_NAVARRA;89.09
2008-08;regional;mensual;CCAA_COMUNIDAD_FORAL_NAVARRA;88.84
2008-09;regional;mensual;CCAA_COMUNIDAD_FORAL_NAVARRA;89.07
2008-10;regional;mensual;CCAA_COMUNIDAD_FORAL_NAVARRA;89.69
2008-11;regional;mensual;CCAA_COMUNIDAD_FORAL_NAVARRA;90.27
2008-12;regional;mensual;CCAA_COMUNIDAD_FORAL_NAVARRA;90.24
2009-01;regional;mensual;CCAA_COMUNIDAD_FORAL_NAVARRA;88.81
2009-02;regional;mensual;CCAA_COMUNIDAD_FORAL_NAVARRA;88.36
2009-03;regional;mensual;CCAA_COMUNIDAD_FORAL_NAVARRA;89.03
2009-04;regional;mensual;CCAA_COMUNIDAD_FORAL_NAVARRA;89.95
2009-05;regional;mensual;CCAA_COMUNIDAD_FORAL_NAVARRA;89.94
2009-06;regional;mensual;CCAA_COMUNIDAD_FORAL_NAVARRA;89.95
2009-07;regional;mensual;CCAA_COMUNIDAD_FORAL_NAVARRA;89.2
2009-08;regional;mensual;CCAA_COMUNIDAD_FORAL_NAVARRA;88.91
2009-09;regional;mensual;CCAA_COMUNIDAD_FORAL_NAVARRA;88.74
2009-10;regional;mensual;CCAA_COMUNIDAD_FORAL_NAVARRA;89.44
2009-11;regional;mensual;CCAA_COMUNIDAD_FORAL_NAVARRA;89.97
2009-12;regional;mensual;CCAA_COMUNIDAD_FORAL_NAVARRA;90.09
2010-01;regional;mensual;CCAA_COMUNIDAD_FORAL_NAVARRA;88.26
2010-02;regional;mensual;CCAA_COMUNIDAD_FORAL_NAVARRA;88.12
2010-03;regional;mensual;CCAA_COMUNIDAD_FORAL_NAVARRA;88.72
2010-04;regional;mensual;CCAA_COMUNIDAD_FORAL_NAVARRA;89.46
2010-05;regional;mensual;CCAA_COMUNIDAD_FORAL_NAVARRA;90.05
2010-06;regional;mensual;CCAA_COMUNIDAD_FORAL_NAVARRA;90.25
2010-07;regional;mensual;CCAA_COMUNIDAD_FORAL_NAVARRA;89.82
2010-08;regional;mensual;CCAA_COMUNIDAD_FORAL_NAVARRA;89.88
2010-09;regional;mensual;CCAA_COMUNIDAD_FORAL_NAVARRA;89.87
2010-10;regional;mensual;CCAA_COMUNIDAD_FORAL_NAVARRA;90.27
2010-11;regional;mensual;CCAA_COMUNIDAD_FORAL_NAVARRA;91.02
2010-12;regional;mensual;CCAA_COMUNIDAD_FORAL_NAVARRA;91.38
2011-01;regional;mensual;CCAA_COMUNIDAD_FORAL_NAVARRA;89.59
2011-02;regional;mensual;CCAA_COMUNIDAD_FORAL_NAVARRA;89.63
2011-03;regional;mensual;CCAA_COMUNIDAD_FORAL_NAVARRA;90.36
2011-04;regional;mensual;CCAA_COMUNIDAD_FORAL_NAVARRA;91.51
2011-05;regional;mensual;CCAA_COMUNIDAD_FORAL_NAVARRA;91.83
2011-06;regional;mensual;CCAA_COMUNIDAD_FORAL_NAVARRA;91.79
2011-07;regional;mensual;CCAA_COMUNIDAD_FORAL_NAVARRA;91.29
2011-08;regional;mensual;CCAA_COMUNIDAD_FORAL_NAVARRA;91.24
2011-09;regional;mensual;CCAA_COMUNIDAD_FORAL_NAVARRA;91.34
2011-10;regional;mensual;CCAA_COMUNIDAD_FORAL_NAVARRA;92.0
2011-11;regional;mensual;CCAA_COMUNIDAD_FORAL_NAVARRA;92.64
2011-12;regional;mensual;CCAA_COMUNIDAD_FORAL_NAVARRA;92.87
2012-01;regional;mensual;CCAA_COMUNIDAD_FORAL_NAVARRA;90.94
2012-02;regional;mensual;CCAA_COMUNIDAD_FORAL_NAVARRA;91.09
2012-03;regional;mensual;CCAA_COMUNIDAD_FORAL_NAVARRA;91.65
2012-04;regional;mensual;CCAA_COMUNIDAD_FORAL_NAVARRA;92.73
2012-05;regional;mensual;CCAA_COMUNIDAD_FORAL_NAVARRA;92.95
2012-06;regional;mensual;CCAA_COMUNIDAD_FORAL_NAVARRA;93.11
2012-07;regional;mensual;CCAA_COMUNIDAD_FORAL_NAVARRA;92.85
2012-08;regional;mensual;CCAA_COMUNIDAD_FORAL_NAVARRA;92.68
2012-09;regional;mensual;CCAA_COMUNIDAD_FORAL_NAVARRA;93.36
2012-10;regional;mensual;CCAA_COMUNIDAD_FORAL_NAVARRA;94.34
2012-11;regional;mensual;CCAA_COMUNIDAD_FORAL_NAVARRA;94.89
2012-12;regional;mensual;CCAA_COMUNIDAD_FORAL_NAVARRA;94.9
2013-01;regional;mensual;CCAA_COMUNIDAD_FORAL_NAVARRA;93.18
2013-02;regional;mensual;CCAA_COMUNIDAD_FORAL_NAVARRA;93.03
2013-03;regional;mensual;CCAA_COMUNIDAD_FORAL_NAVARRA;93.8
2013-04;regional;mensual;CCAA_COMUNIDAD_FORAL_NAVARRA;94.4
2013-05;regional;mensual;CCAA_COMUNIDAD_FORAL_NAVARRA;94.82
2013-06;regional;mensual;CCAA_COMUNIDAD_FORAL_NAVARRA;94.77
2013-07;regional;mensual;CCAA_COMUNIDAD_FORAL_NAVARRA;94.45
2013-08;regional;mensual;CCAA_COMUNIDAD_FORAL_NAVARRA;93.81
2013-09;regional;mensual;CCAA_COMUNIDAD_FORAL_NAVARRA;93.71
2013-10;regional;mensual;CCAA_COMUNIDAD_FORAL_NAVARRA;94.19
2013-11;regional;mensual;CCAA_COMUNIDAD_FORAL_NAVARRA;94.86
2013-12;regional;mensual;CCAA_COMUNIDAD_FORAL_NAVARRA;94.92
2014-01;regional;mensual;CCAA_COMUNIDAD_FORAL_NAVARRA;92.85
2014-02;regional;mensual;CCAA_COMUNIDAD_FORAL_NAVARRA;92.85
2014-03;regional;mensual;CCAA_COMUNIDAD_FORAL_NAVARRA;93.39
2014-04;regional;mensual;CCAA_COMUNIDAD_FORAL_NAVARRA;94.35
2014-05;regional;mensual;CCAA_COMUNIDAD_FORAL_NAVARRA;94.52
2014-06;regional;mensual;CCAA_COMUNIDAD_FORAL_NAVARRA;94.63
2014-07;regional;mensual;CCAA_COMUNIDAD_FORAL_NAVARRA;93.86
2014-08;regional;mensual;CCAA_COMUNIDAD_FORAL_NAVARRA;93.64
2014-09;regional;mensual;CCAA_COMUNIDAD_FORAL_NAVARRA;93.69
2014-10;regional;mensual;CCAA_COMUNIDAD_FORAL_NAVARRA;94.27
2014-11;regional;mensual;CCAA_COMUNIDAD_FORAL_NAVARRA;94.99
2014-12;regional;mensual;CCAA_COMUNIDAD_FORAL_NAVARRA;94.89
2015-01;regional;mensual;CCAA_COMUNIDAD_FORAL_NAVARRA;93.07
2015-02;regional;mensual;CCAA_COMUNIDAD_FORAL_NAVARRA;93.03
2015-03;regional;mensual;CCAA_COMUNIDAD_FORAL_NAVARRA;93.67
2015-04;regional;mensual;CCAA_COMUNIDAD_FORAL_NAVARRA;94.64
2015-05;regional;mensual;CCAA_COMUNIDAD_FORAL_NAVARRA;95.08
2015-06;regional;mensual;CCAA_COMUNIDAD_FORAL_NAVARRA;95.23
2015-07;regional;mensual;CCAA_COMUNIDAD_FORAL_NAVARRA;94.65
2015-08;regional;mensual;CCAA_COMUNIDAD_FORAL_NAVARRA;94.33
2015-09;regional;mensual;CCAA_COMUNIDAD_FORAL_NAVARRA;94.49
2015-10;regional;mensual;CCAA_COMUNIDAD_FORAL_NAVARRA;95.08
2015-11;regional;mensual;CCAA_COMUNIDAD_FORAL_NAVARRA;95.88
2015-12;regional;mensual;CCAA_COMUNIDAD_FORAL_NAVARRA;95.85
2016-01;regional;mensual;CCAA_COMUNIDAD_FORAL_NAVARRA;94.14
2016-02;regional;mensual;CCAA_COMUNIDAD_FORAL_NAVARRA;94.21
2016-03;regional;mensual;CCAA_COMUNIDAD_FORAL_NAVARRA;94.93
2016-04;regional;mensual;CCAA_COMUNIDAD_FORAL_NAVARRA;95.44
2016-05;regional;mensual;CCAA_COMUNIDAD_FORAL_NAVARRA;96.0
2016-06;regional;mensual;CCAA_COMUNIDAD_FORAL_NAVARRA;95.97
2016-07;regional;mensual;CCAA_COMUNIDAD_FORAL_NAVARRA;95.55
2016-08;regional;mensual;CCAA_COMUNIDAD_FORAL_NAVARRA;95.56
2016-09;regional;mensual;CCAA_COMUNIDAD_FORAL_NAVARRA;95.54
2016-10;regional;mensual;CCAA_COMUNIDAD_FORAL_NAVARRA;96.05
2016-11;regional;mensual;CCAA_COMUNIDAD_FORAL_NAVARRA;96.89
2016-12;regional;mensual;CCAA_COMUNIDAD_FORAL_NAVARRA;97.0
2017-01;regional;mensual;CCAA_COMUNIDAD_FORAL_NAVARRA;95.29
2017-02;regional;mensual;CCAA_COMUNIDAD_FORAL_NAVARRA;95.21
2017-03;regional;mensual;CCAA_COMUNIDAD_FORAL_NAVARRA;95.58
2017-04;regional;mensual;CCAA_COMUNIDAD_FORAL_NAVARRA;96.64
2017-05;regional;mensual;CCAA_COMUNIDAD_FORAL_NAVARRA;96.75
2017-06;regional;mensual;CCAA_COMUNIDAD_FORAL_NAVARRA;96.94
2017-07;regional;mensual;CCAA_COMUNIDAD_FORAL_NAVARRA;96.77
2017-08;regional;mensual;CCAA_COMUNIDAD_FORAL_NAVARRA;96.45
2017-09;regional;mensual;CCAA_COMUNIDAD_FORAL_NAVARRA;96.36
2017-10;regional;mensual;CCAA_COMUNIDAD_FORAL_NAVARRA;96.78
2017-11;regional;mensual;CCAA_COMUNIDAD_FORAL_NAVARRA;97.49
2017-12;regional;mensual;CCAA_COMUNIDAD_FORAL_NAVARRA;97.49
2018-01;regional;mensual;CCAA_COMUNIDAD_FORAL_NAVARRA;95.85
2018-02;regional;mensual;CCAA_COMUNIDAD_FORAL_NAVARRA;96.06
2018-03;regional;mensual;CCAA_COMUNIDAD_FORAL_NAVARRA;96.61
2018-04;regional;mensual;CCAA_COMUNIDAD_FORAL_NAVARRA;97.23
2018-05;regional;mensual;CCAA_COMUNIDAD_FORAL_NAVARRA;98.03
2018-06;regional;mensual;CCAA_COMUNIDAD_FORAL_NAVARRA;98.03
2018-07;regional;mensual;CCAA_COMUNIDAD_FORAL_NAVARRA;97.64
2018-08;regional;mensual;CCAA_COMUNIDAD_FORAL_NAVARRA;97.21
2018-09;regional;mensual;CCAA_COMUNIDAD_FORAL_NAVARRA;97.08
2018-10;regional;mensual;CCAA_COMUNIDAD_FORAL_NAVARRA;97.72
2018-11;regional;mensual;CCAA_COMUNIDAD_FORAL_NAVARRA;98.43
2018-12;regional;mensual;CCAA_COMUNIDAD_FORAL_NAVARRA;98.55
2019-01;regional;mensual;CCAA_COMUNIDAD_FORAL_NAVARRA;96.8
2019-02;regional;mensual;CCAA_COMUNIDAD_FORAL_NAVARRA;96.98
2019-03;regional;mensual;CCAA_COMUNIDAD_FORAL_NAVARRA;97.41
2019-04;regional;mensual;CCAA_COMUNIDAD_FORAL_NAVARRA;98.61
2019-05;regional;mensual;CCAA_COMUNIDAD_FORAL_NAVARRA;98.87
2019-06;regional;mensual;CCAA_COMUNIDAD_FORAL_NAVARRA;99.2
2019-07;regional;mensual;CCAA_COMUNIDAD_FORAL_NAVARRA;98.84
2019-08;regional;mensual;CCAA_COMUNIDAD_FORAL_NAVARRA;98.44
2019-09;regional;mensual;CCAA_COMUNIDAD_FORAL_NAVARRA;98.4
2019-10;regional;mensual;CCAA_COMUNIDAD_FORAL_NAVARRA;98.81
2019-11;regional;mensual;CCAA_COMUNIDAD_FORAL_NAVARRA;99.6
2019-12;regional;mensual;CCAA_COMUNIDAD_FORAL_NAVARRA;99.61
2020-01;regional;mensual;CCAA_COMUNIDAD_FORAL_NAVARRA;97.77
2020-02;regional;mensual;CCAA_COMUNIDAD_FORAL_NAVARRA;97.95
2020-03;regional;mensual;CCAA_COMUNIDAD_FORAL_NAVARRA;98.29
2020-04;regional;mensual;CCAA_COMUNIDAD_FORAL_NAVARRA;99.58
2020-05;regional;mensual;CCAA_COMUNIDAD_FORAL_NAVARRA;99.86
2020-06;regional;mensual;CCAA_COMUNIDAD_FORAL_NAVARRA;100.07
2020-07;regional;mensual;CCAA_COMUNIDAD_FORAL_NAVARRA;98.78
2020-08;regional;mensual;CCAA_COMUNIDAD_FORAL_NAVARRA;98.76
2020-09;regional;mensual;CCAA_COMUNIDAD_FORAL_NAVARRA;98.8
2020-10;regional;mensual;CCAA_COMUNIDAD_FORAL_NAVARRA;99.32
2020-11;regional;mensual;CCAA_COMUNIDAD_FORAL_NAVARRA;99.88
2020-12;regional;mensual;CCAA_COMUNIDAD_FORAL_NAVARRA;99.86
2021-01;regional;mensual;CCAA_COMUNIDAD_FORAL_NAVARRA;98.56
2021-02;regional;mensual;CCAA_COMUNIDAD_FORAL_NAVARRA;98.56
2021-03;regional;mensual;CCAA_COMUNIDAD_FORAL_NAVARRA;98.99
2021-04;regional;mensual;CCAA_COMUNIDAD_FORAL_NAVARRA;100.0
2021-05;regional;mensual;CCAA_COMUNIDAD_FORAL_NAVARRA;100.35
2021-06;regional;mensual;CCAA_COMUNIDAD_FORAL_NAVARRA;100.51
2021-07;regional;mensual;CCAA_COMUNIDAD_FORAL_NAVARRA;99.52
2021-08;regional;mensual;CCAA_COMUNIDAD_FORAL_NAVARRA;99.64
2021-09;regional;mensual;CCAA_COMUNIDAD_FORAL_NAVARRA;99.78
2021-10;regional;mensual;CCAA_COMUNIDAD_FORAL_NAVARRA;100.67
2021-11;regional;mensual;CCAA_COMUNIDAD_FORAL_NAVARRA;101.49
2021-12;regional;mensual;CCAA_COMUNIDAD_FORAL_NAVARRA;101.94
2022-01;regional;mensual;CCAA_COMUNIDAD_FORAL_NAVARRA;101.0
2022-02;regional;mensual;CCAA_COMUNIDAD_FORAL_NAVARRA;101.66
2022-03;regional;mensual;CCAA_COMUNIDAD_FORAL_NAVARRA;102.1
2022-04;regional;mensual;CCAA_COMUNIDAD_FORAL_NAVARRA;104.43
2022-05;regional;mensual;CCAA_COMUNIDAD_FORAL_NAVARRA;104.75
2022-06;regional;mensual;CCAA_COMUNIDAD_FORAL_NAVARRA;105.4
2022-07;regional;mensual;CCAA_COMUNIDAD_FORAL_NAVARRA;105.77
2022-08;regional;mensual;CCAA_COMUNIDAD_FORAL_NAVARRA;106.04
2022-09;regional;mensual;CCAA_COMUNIDAD_FORAL_NAVARRA;106.52
2022-10;regional;mensual;CCAA_COMUNIDAD_FORAL_NAVARRA;107.56
2022-11;regional;mensual;CCAA_COMUNIDAD_FORAL_NAVARRA;108.25
2022-12;regional;mensual;CCAA_COMUNIDAD_FORAL_NAVARRA;109.36
2023-01;regional;mensual;CCAA_COMUNIDAD_FORAL_NAVARRA;108.66
2023-02;regional;mensual;CCAA_COMUNIDAD_FORAL_NAVARRA;109.45
2023-03;regional;mensual;CCAA_COMUNIDAD_FORAL_NAVARRA;109.92
2023-04;regional;mensual;CCAA_COMUNIDAD_FORAL_NAVARRA;111.53
2023-05;regional;mensual;CCAA_COMUNIDAD_FORAL_NAVARRA;111.68
2023-06;regional;mensual;CCAA_COMUNIDAD_FORAL_NAVARRA;112.13
2023-07;regional;mensual;CCAA_COMUNIDAD_FORAL_NAVARRA;112.75
2023-08;regional;mensual;CCAA_COMUNIDAD_FORAL_NAVARRA;112.78
2023-09;regional;mensual;CCAA_COMUNIDAD_FORAL_NAVARRA;112.56
2023-10;regional;mensual;CCAA_COMUNIDAD_FORAL_NAVARRA;112.98
2023-11;regional;mensual;CCAA_COMUNIDAD_FORAL_NAVARRA;113.05
2023-12;regional;mensual;CCAA_COMUNIDAD_FORAL_NAVARRA;113.24
2024-01;regional;mensual;CCAA_COMUNIDAD_FORAL_NAVARRA;112.02
2024-02;regional;mensual;CCAA_COMUNIDAD_FORAL_NAVARRA;112.71
2024-03;regional;mensual;CCAA_COMUNIDAD_FORAL_NAVARRA;113.85
2024-04;regional;mensual;CCAA_COMUNIDAD_FORAL_NAVARRA;114.22
2024-05;regional;mensual;CCAA_COMUNIDAD_FORAL_NAVARRA;114.88
2024-06;regional;mensual;CCAA_COMUNIDAD_FORAL_NAVARRA;115.48
2024-07;regional;mensual;CCAA_COMUNIDAD_FORAL_NAVARRA;115.59
2024-08;regional;mensual;CCAA_COMUNIDAD_FORAL_NAVARRA;115.75
2002-01;regional;mensual;CCAA_EXTREMADURA;76.3
2002-02;regional;mensual;CCAA_EXTREMADURA;76.44
2002-03;regional;mensual;CCAA_EXTREMADURA;77.03
2002-04;regional;mensual;CCAA_EXTREMADURA;78.06
2002-05;regional;mensual;CCAA_EXTREMADURA;78.26
2002-06;regional;mensual;CCAA_EXTREMADURA;78.33
2002-07;regional;mensual;CCAA_EXTREMADURA;77.66
2002-08;regional;mensual;CCAA_EXTREMADURA;77.75
2002-09;regional;mensual;CCAA_EXTREMADURA;77.94
2002-10;regional;mensual;CCAA_EXTREMADURA;79.09
2002-11;regional;mensual;CCAA_EXTREMADURA;79.16
2002-12;regional;mensual;CCAA_EXTREMADURA;79.25
2003-01;regional;mensual;CCAA_EXTREMADURA;78.5
2003-02;regional;mensual;CCAA_EXTREMADURA;78.69
2003-03;regional;mensual;CCAA_EXTREMADURA;79.02
2003-04;regional;mensual;CCAA_EXTREMADURA;80.33
2003-05;regional;mensual;CCAA_EXTREMADURA;80.35
2003-06;regional;mensual;CCAA_EXTREMADURA;80.32
2003-07;regional;mensual;CCAA_EXTREMADURA;79.27
2003-08;regional;mensual;CCAA_EXTREMADURA;79.45
2003-09;regional;mensual;CCAA_EXTREMADURA;79.88
2003-10;regional;mensual;CCAA_EXTREMADURA;80.71
2003-11;regional;mensual;CCAA_EXTREMADURA;80.75
2003-12;regional;mensual;CCAA_EXTREMADURA;80.82
2004-01;regional;mensual;CCAA_EXTREMADURA;79.89
2004-02;regional;mensual;CCAA_EXTREMADURA;80.04
2004-03;regional;mensual;CCAA_EXTREMADURA;80.44
2004-04;regional;mensual;CCAA_EXTREMADURA;81.87
2004-05;regional;mensual;CCAA_EXTREMADURA;82.18
2004-06;regional;mensual;CCAA_EXTREMADURA;82.24
2004-07;regional;mensual;CCAA_EXTREMADURA;81.22
2004-08;regional;mensual;CCAA_EXTREMADURA;81.34
2004-09;regional;mensual;CCAA_EXTREMADURA;81.68
2004-10;regional;mensual;CCAA_EXTREMADURA;82.69
2004-11;regional;mensual;CCAA_EXTREMADURA;82.82
2004-12;regional;mensual;CCAA_EXTREMADURA;82.88
2005-01;regional;mensual;CCAA_EXTREMADURA;81.77
2005-02;regional;mensual;CCAA_EXTREMADURA;81.88
2005-03;regional;mensual;CCAA_EXTREMADURA;82.42
2005-04;regional;mensual;CCAA_EXTREMADURA;83.81
2005-05;regional;mensual;CCAA_EXTREMADURA;83.85
2005-06;regional;mensual;CCAA_EXTREMADURA;83.85
2005-07;regional;mensual;CCAA_EXTREMADURA;82.69
2005-08;regional;mensual;CCAA_EXTREMADURA;82.81
2005-09;regional;mensual;CCAA_EXTREMADURA;83.18
2005-10;regional;mensual;CCAA_EXTREMADURA;84.36
2005-11;regional;mensual;CCAA_EXTREMADURA;84.65
2005-12;regional;mensual;CCAA_EXTREMADURA;84.8
2006-01;regional;mensual;CCAA_EXTREMADURA;83.69
2006-02;regional;mensual;CCAA_EXTREMADURA;83.75
2006-03;regional;mensual;CCAA_EXTREMADURA;84.48
2006-04;regional;mensual;CCAA_EXTREMADURA;85.83
2006-05;regional;mensual;CCAA_EXTREMADURA;85.88
2006-06;regional;mensual;CCAA_EXTREMADURA;85.89
2006-07;regional;mensual;CCAA_EXTREMADURA;84.75
2006-08;regional;mensual;CCAA_EXTREMADURA;84.91
2006-09;regional;mensual;CCAA_EXTREMADURA;85.22
2006-10;regional;mensual;CCAA_EXTREMADURA;86.26
2006-11;regional;mensual;CCAA_EXTREMADURA;86.48
2006-12;regional;mensual;CCAA_EXTREMADURA;86.58
2007-01;regional;mensual;CCAA_EXTREMADURA;85.63
2007-02;regional;mensual;CCAA_EXTREMADURA;85.7
2007-03;regional;mensual;CCAA_EXTREMADURA;86.26
2007-04;regional;mensual;CCAA_EXTREMADURA;87.89
2007-05;regional;mensual;CCAA_EXTREMADURA;87.89
2007-06;regional;mensual;CCAA_EXTREMADURA;87.9
2007-07;regional;mensual;CCAA_EXTREMADURA;86.77
2007-08;regional;mensual;CCAA_EXTREMADURA;86.98
2007-09;regional;mensual;CCAA_EXTREMADURA;87.45
2007-10;regional;mensual;CCAA_EXTREMADURA;89.29
2007-11;regional;mensual;CCAA_EXTREMADURA;89.51
2007-12;regional;mensual;CCAA_EXTREMADURA;89.56
2008-01;regional;mensual;CCAA_EXTREMADURA;88.43
2008-02;regional;mensual;CCAA_EXTREMADURA;88.68
2008-03;regional;mensual;CCAA_EXTREMADURA;89.23
2008-04;regional;mensual;CCAA_EXTREMADURA;90.63
2008-05;regional;mensual;CCAA_EXTREMADURA;90.8
2008-06;regional;mensual;CCAA_EXTREMADURA;90.95
2008-07;regional;mensual;CCAA_EXTREMADURA;89.84
2008-08;regional;mensual;CCAA_EXTREMADURA;90.03
2008-09;regional;mensual;CCAA_EXTREMADURA;90.26
2008-10;regional;mensual;CCAA_EXTREMADURA;91.29
2008-11;regional;mensual;CCAA_EXTREMADURA;91.38
2008-12;regional;mensual;CCAA_EXTREMADURA;91.27
2009-01;regional;mensual;CCAA_EXTREMADURA;89.72
2009-02;regional;mensual;CCAA_EXTREMADURA;89.65
2009-03;regional;mensual;CCAA_EXTREMADURA;90.06
2009-04;regional;mensual;CCAA_EXTREMADURA;91.47
2009-05;regional;mensual;CCAA_EXTREMADURA;91.27
2009-06;regional;mensual;CCAA_EXTREMADURA;91.28
2009-07;regional;mensual;CCAA_EXTREMADURA;90.1
2009-08;regional;mensual;CCAA_EXTREMADURA;90.2
2009-09;regional;mensual;CCAA_EXTREMADURA;90.27
2009-10;regional;mensual;CCAA_EXTREMADURA;91.37
2009-11;regional;mensual;CCAA_EXTREMADURA;91.59
2009-12;regional;mensual;CCAA_EXTREMADURA;91.46
2010-01;regional;mensual;CCAA_EXTREMADURA;89.88
2010-02;regional;mensual;CCAA_EXTREMADURA;89.87
2010-03;regional;mensual;CCAA_EXTREMADURA;90.34
2010-04;regional;mensual;CCAA_EXTREMADURA;91.52
2010-05;regional;mensual;CCAA_EXTREMADURA;91.51
2010-06;regional;mensual;CCAA_EXTREMADURA;91.8
2010-07;regional;mensual;CCAA_EXTREMADURA;90.83
2010-08;regional;mensual;CCAA_EXTREMADURA;91.0
2010-09;regional;mensual;CCAA_EXTREMADURA;91.12
2010-10;regional;mensual;CCAA_EXTREMADURA;92.23
2010-11;regional;mensual;CCAA_EXTREMADURA;92.43
2010-12;regional;mensual;CCAA_EXTREMADURA;92.74
2011-01;regional;mensual;CCAA_EXTREMADURA;91.29
2011-02;regional;mensual;CCAA_EXTREMADURA;91.3
2011-03;regional;mensual;CCAA_EXTREMADURA;91.86
2011-04;regional;mensual;CCAA_EXTREMADURA;93.32
2011-05;regional;mensual;CCAA_EXTREMADURA;93.27
2011-06;regional;mensual;CCAA_EXTREMADURA;93.14
2011-07;regional;mensual;CCAA_EXTREMADURA;92.0
2011-08;regional;mensual;CCAA_EXTREMADURA;92.2
2011-09;regional;mensual;CCAA_EXTREMADURA;92.45
2011-10;regional;mensual;CCAA_EXTREMADURA;93.67
2011-11;regional;mensual;CCAA_EXTREMADURA;93.87
2011-12;regional;mensual;CCAA_EXTREMADURA;93.99
2012-01;regional;mensual;CCAA_EXTREMADURA;92.15
2012-02;regional;mensual;CCAA_EXTREMADURA;92.09
2012-03;regional;mensual;CCAA_EXTREMADURA;92.83
2012-04;regional;mensual;CCAA_EXTREMADURA;94.3
2012-05;regional;mensual;CCAA_EXTREMADURA;94.29
2012-06;regional;mensual;CCAA_EXTREMADURA;94.26
2012-07;regional;mensual;CCAA_EXTREMADURA;93.21
2012-08;regional;mensual;CCAA_EXTREMADURA;93.34
2012-09;regional;mensual;CCAA_EXTREMADURA;94.28
2012-10;regional;mensual;CCAA_EXTREMADURA;95.71
2012-11;regional;mensual;CCAA_EXTREMADURA;95.79
2012-12;regional;mensual;CCAA_EXTREMADURA;95.71
2013-01;regional;mensual;CCAA_EXTREMADURA;93.99
2013-02;regional;mensual;CCAA_EXTREMADURA;94.07
2013-03;regional;mensual;CCAA_EXTREMADURA;94.67
2013-04;regional;mensual;CCAA_EXTREMADURA;95.88
2013-05;regional;mensual;CCAA_EXTREMADURA;95.96
2013-06;regional;mensual;CCAA_EXTREMADURA;95.98
2013-07;regional;mensual;CCAA_EXTREMADURA;94.46
2013-08;regional;mensual;CCAA_EXTREMADURA;94.47
2013-09;regional;mensual;CCAA_EXTREMADURA;94.7
2013-10;regional;mensual;CCAA_EXTREMADURA;95.74
2013-11;regional;mensual;CCAA_EXTREMADURA;95.85
2013-12;regional;mensual;CCAA_EXTREMADURA;95.72
2014-01;regional;mensual;CCAA_EXTREMADURA;93.95
2014-02;regional;mensual;CCAA_EXTREMADURA;93.89
2014-03;regional;mensual;CCAA_EXTREMADURA;94.35
2014-04;regional;mensual;CCAA_EXTREMADURA;95.66
2014-05;regional;mensual;CCAA_EXTREMADURA;95.58
2014-06;regional;mensual;CCAA_EXTREMADURA;95.54
2014-07;regional;mensual;CCAA_EXTREMADURA;94.16
2014-08;regional;mensual;CCAA_EXTREMADURA;94.26
2014-09;regional;mensual;CCAA_EXTREMADURA;94.49
2014-10;regional;mensual;CCAA_EXTREMADURA;95.51
2014-11;regional;mensual;CCAA_EXTREMADURA;95.69
2014-12;regional;mensual;CCAA_EXTREMADURA;95.64
2015-01;regional;mensual;CCAA_EXTREMADURA;93.9
2015-02;regional;mensual;CCAA_EXTREMADURA;93.84
2015-03;regional;mensual;CCAA_EXTREMADURA;94.39
2015-04;regional;mensual;CCAA_EXTREMADURA;95.77
2015-05;regional;mensual;CCAA_EXTREMADURA;95.86
2015-06;regional;mensual;CCAA_EXTREMADURA;95.88
2015-07;regional;mensual;CCAA_EXTREMADURA;94.53
2015-08;regional;mensual;CCAA_EXTREMADURA;94.67
2015-09;regional;mensual;CCAA_EXTREMADURA;94.91
2015-10;regional;mensual;CCAA_EXTREMADURA;96.17
2015-11;regional;mensual;CCAA_EXTREMADURA;96.41
2015-12;regional;mensual;CCAA_EXTREMADURA;96.35
2016-01;regional;mensual;CCAA_EXTREMADURA;94.61
2016-02;regional;mensual;CCAA_EXTREMADURA;94.62
2016-03;regional;mensual;CCAA_EXTREMADURA;95.3
2016-04;regional;mensual;CCAA_EXTREMADURA;96.47
2016-05;regional;mensual;CCAA_EXTREMADURA;96.65
2016-06;regional;mensual;CCAA_EXTREMADURA;96.53
2016-07;regional;mensual;CCAA_EXTREMADURA;95.2
2016-08;regional;mensual;CCAA_EXTREMADURA;95.4
2016-09;regional;mensual;CCAA_EXTREMADURA;95.75
2016-10;regional;mensual;CCAA_EXTREMADURA;96.84
2016-11;regional;mensual;CCAA_EXTREMADURA;97.17
2016-12;regional;mensual;CCAA_EXTREMADURA;97.27
2017-01;regional;mensual;CCAA_EXTREMADURA;95.64
2017-02;regional;mensual;CCAA_EXTREMADURA;95.46
2017-03;regional;mensual;CCAA_EXTREMADURA;95.9
2017-04;regional;mensual;CCAA_EXTREMADURA;97.25
2017-05;regional;mensual;CCAA_EXTREMADURA;97.35
2017-06;regional;mensual;CCAA_EXTREMADURA;97.48
2017-07;regional;mensual;CCAA_EXTREMADURA;96.33
2017-08;regional;mensual;CCAA_EXTREMADURA;96.44
2017-09;regional;mensual;CCAA_EXTREMADURA;96.55
2017-10;regional;mensual;CCAA_EXTREMADURA;97.36
2017-11;regional;mensual;CCAA_EXTREMADURA;97.69
2017-12;regional;mensual;CCAA_EXTREMADURA;97.72
2018-01;regional;mensual;CCAA_EXTREMADURA;96.13
2018-02;regional;mensual;CCAA_EXTREMADURA;96.28
2018-03;regional;mensual;CCAA_EXTREMADURA;96.94
2018-04;regional;mensual;CCAA_EXTREMADURA;98.09
2018-05;regional;mensual;CCAA_EXTREMADURA;98.28
2018-06;regional;mensual;CCAA_EXTREMADURA;98.25
2018-07;regional;mensual;CCAA_EXTREMADURA;97.03
2018-08;regional;mensual;CCAA_EXTREMADURA;97.14
2018-09;regional;mensual;CCAA_EXTREMADURA;97.46
2018-10;regional;mensual;CCAA_EXTREMADURA;98.54
2018-11;regional;mensual;CCAA_EXTREMADURA;98.78
2018-12;regional;mensual;CCAA_EXTREMADURA;98.58
2019-01;regional;mensual;CCAA_EXTREMADURA;96.97
2019-02;regional;mensual;CCAA_EXTREMADURA;96.92
2019-03;regional;mensual;CCAA_EXTREMADURA;97.62
2019-04;regional;mensual;CCAA_EXTREMADURA;99.11
2019-05;regional;mensual;CCAA_EXTREMADURA;98.98
2019-06;regional;mensual;CCAA_EXTREMADURA;99.1
2019-07;regional;mensual;CCAA_EXTREMADURA;97.77
2019-08;regional;mensual;CCAA_EXTREMADURA;97.88
2019-09;regional;mensual;CCAA_EXTREMADURA;98.06
2019-10;regional;mensual;CCAA_EXTREMADURA;99.38
2019-11;regional;mensual;CCAA_EXTREMADURA;99.64
2019-12;regional;mensual;CCAA_EXTREMADURA;99.44
2020-01;regional;mensual;CCAA_EXTREMADURA;97.84
2020-02;regional;mensual;CCAA_EXTREMADURA;98.04
2020-03;regional;mensual;CCAA_EXTREMADURA;98.55
2020-04;regional;mensual;CCAA_EXTREMADURA;100.03
2020-05;regional;mensual;CCAA_EXTREMADURA;100.03
2020-06;regional;mensual;CCAA_EXTREMADURA;100.07
2020-07;regional;mensual;CCAA_EXTREMADURA;98.6
2020-08;regional;mensual;CCAA_EXTREMADURA;98.63
2020-09;regional;mensual;CCAA_EXTREMADURA;98.88
2020-10;regional;mensual;CCAA_EXTREMADURA;99.95
2020-11;regional;mensual;CCAA_EXTREMADURA;99.92
2020-12;regional;mensual;CCAA_EXTREMADURA;99.68
2021-01;regional;mensual;CCAA_EXTREMADURA;98.45
2021-02;regional;mensual;CCAA_EXTREMADURA;98.48
2021-03;regional;mensual;CCAA_EXTREMADURA;98.92
2021-04;regional;mensual;CCAA_EXTREMADURA;100.14
2021-05;regional;mensual;CCAA_EXTREMADURA;100.25
2021-06;regional;mensual;CCAA_EXTREMADURA;100.45
2021-07;regional;mensual;CCAA_EXTREMADURA;99.3
2021-08;regional;mensual;CCAA_EXTREMADURA;99.5
2021-09;regional;mensual;CCAA_EXTREMADURA;99.94
2021-10;regional;mensual;CCAA_EXTREMADURA;101.17
2021-11;regional;mensual;CCAA_EXTREMADURA;101.65
2021-12;regional;mensual;CCAA_EXTREMADURA;101.75
2022-01;regional;mensual;CCAA_EXTREMADURA;100.84
2022-02;regional;mensual;CCAA_EXTREMADURA;101.52
2022-03;regional;mensual;CCAA_EXTREMADURA;102.33
2022-04;regional;mensual;CCAA_EXTREMADURA;104.62
2022-05;regional;mensual;CCAA_EXTREMADURA;105.42
2022-06;regional;mensual;CCAA_EXTREMADURA;105.75
2022-07;regional;mensual;CCAA_EXTREMADURA;105.53
2022-08;regional;mensual;CCAA_EXTREMADURA;105.93
2022-09;regional;mensual;CCAA_EXTREMADURA;106.06
2022-10;regional;mensual;CCAA_EXTREMADURA;107.49
2022-11;regional;mensual;CCAA_EXTREMADURA;108.55
2022-12;regional;mensual;CCAA_EXTREMADURA;109.54
2023-01;regional;mensual;CCAA_EXTREMADURA;109.31
2023-02;regional;mensual;CCAA_EXTREMADURA;108.67
2023-03;regional;mensual;CCAA_EXTREMADURA;109.41
2023-04;regional;mensual;CCAA_EXTREMADURA;111.01
2023-05;regional;mensual;CCAA_EXTREMADURA;111.43
2023-06;regional;mensual;CCAA_EXTREMADURA;111.81
2023-07;regional;mensual;CCAA_EXTREMADURA;111.5
2023-08;regional;mensual;CCAA_EXTREMADURA;111.73
2023-09;regional;mensual;CCAA_EXTREMADURA;111.8
2023-10;regional;mensual;CCAA_EXTREMADURA;112.75
2023-11;regional;mensual;CCAA_EXTREMADURA;112.72
2023-12;regional;mensual;CCAA_EXTREMADURA;112.9
2024-01;regional;mensual;CCAA_EXTREMADURA;112.55
2024-02;regional;mensual;CCAA_EXTREMADURA;113.19
2024-03;regional;mensual;CCAA_EXTREMADURA;113.59
2024-04;regional;mensual;CCAA_EXTREMADURA;114.4
2024-05;regional;mensual;CCAA_EXTREMADURA;114.67
2024-06;regional;mensual;CCAA_EXTREMADURA;115.03
2024-07;regional;mensual;CCAA_EXTREMADURA;114.28
2024-08;regional;mensual;CCAA_EXTREMADURA;114.7
2002-01;regional;mensual;CCAA_ANDALUCIA;74.52
2002-02;regional;mensual;CCAA_ANDALUCIA;74.58
2002-03;regional;mensual;CCAA_ANDALUCIA;75.08
2002-04;regional;mensual;CCAA_ANDALUCIA;76.16
2002-05;regional;mensual;CCAA_ANDALUCIA;76.45
2002-06;regional;mensual;CCAA_ANDALUCIA;76.53
2002-07;regional;mensual;CCAA_ANDALUCIA;75.56
2002-08;regional;mensual;CCAA_ANDALUCIA;75.74
2002-09;regional;mensual;CCAA_ANDALUCIA;75.99
2002-10;regional;mensual;CCAA_ANDALUCIA;77.07
2002-11;regional;mensual;CCAA_ANDALUCIA;77.41
2002-12;regional;mensual;CCAA_ANDALUCIA;77.55
2003-01;regional;mensual;CCAA_ANDALUCIA;76.85
2003-02;regional;mensual;CCAA_ANDALUCIA;77.09
2003-03;regional;mensual;CCAA_ANDALUCIA;77.56
2003-04;regional;mensual;CCAA_ANDALUCIA;78.64
2003-05;regional;mensual;CCAA_ANDALUCIA;78.77
2003-06;regional;mensual;CCAA_ANDALUCIA;78.82
2003-07;regional;mensual;CCAA_ANDALUCIA;77.72
2003-08;regional;mensual;CCAA_ANDALUCIA;77.86
2003-09;regional;mensual;CCAA_ANDALUCIA;78.08
2003-10;regional;mensual;CCAA_ANDALUCIA;78.92
2003-11;regional;mensual;CCAA_ANDALUCIA;79.27
2003-12;regional;mensual;CCAA_ANDALUCIA;79.35
2004-01;regional;mensual;CCAA_ANDALUCIA;78.42
2004-02;regional;mensual;CCAA_ANDALUCIA;78.63
2004-03;regional;mensual;CCAA_ANDALUCIA;79.16
2004-04;regional;mensual;CCAA_ANDALUCIA;80.5
2004-05;regional;mensual;CCAA_ANDALUCIA;80.85
2004-06;regional;mensual;CCAA_ANDALUCIA;81.0
2004-07;regional;mensual;CCAA_ANDALUCIA;79.93
2004-08;regional;mensual;CCAA_ANDALUCIA;80.16
2004-09;regional;mensual;CCAA_ANDALUCIA;80.45
2004-10;regional;mensual;CCAA_ANDALUCIA;81.19
2004-11;regional;mensual;CCAA_ANDALUCIA;81.57
2004-12;regional;mensual;CCAA_ANDALUCIA;81.64
2005-01;regional;mensual;CCAA_ANDALUCIA;80.61
2005-02;regional;mensual;CCAA_ANDALUCIA;80.78
2005-03;regional;mensual;CCAA_ANDALUCIA;81.47
2005-04;regional;mensual;CCAA_ANDALUCIA;82.76
2005-05;regional;mensual;CCAA_ANDALUCIA;82.97
2005-06;regional;mensual;CCAA_ANDALUCIA;83.06
2005-07;regional;mensual;CCAA_ANDALUCIA;81.9
2005-08;regional;mensual;CCAA_ANDALUCIA;82.05
2005-09;regional;mensual;CCAA_ANDALUCIA;82.38
2005-10;regional;mensual;CCAA_ANDALUCIA;83.27
2005-11;regional;mensual;CCAA_ANDALUCIA;83.74
2005-12;regional;mensual;CCAA_ANDALUCIA;83.96
2006-01;regional;mensual;CCAA_ANDALUCIA;82.92
2006-02;regional;mensual;CCAA_ANDALUCIA;83.09
2006-03;regional;mensual;CCAA_ANDALUCIA;84.06
2006-04;regional;mensual;CCAA_ANDALUCIA;85.34
2006-05;regional;mensual;CCAA_ANDALUCIA;85.52
2006-06;regional;mensual;CCAA_ANDALUCIA;85.59
2006-07;regional;mensual;CCAA_ANDALUCIA;84.51
2006-08;regional;mensual;CCAA_ANDALUCIA;84.6
2006-09;regional;mensual;CCAA_ANDALUCIA;84.89
2006-10;regional;mensual;CCAA_ANDALUCIA;85.75
2006-11;regional;mensual;CCAA_ANDALUCIA;86.08
2006-12;regional;mensual;CCAA_ANDALUCIA;86.17
2007-01;regional;mensual;CCAA_ANDALUCIA;85.36
2007-02;regional;mensual;CCAA_ANDALUCIA;85.61
2007-03;regional;mensual;CCAA_ANDALUCIA;86.12
2007-04;regional;mensual;CCAA_ANDALUCIA;87.31
2007-05;regional;mensual;CCAA_ANDALUCIA;87.4
2007-06;regional;mensual;CCAA_ANDALUCIA;87.5
2007-07;regional;mensual;CCAA_ANDALUCIA;86.41
2007-08;regional;mensual;CCAA_ANDALUCIA;86.63
2007-09;regional;mensual;CCAA_ANDALUCIA;86.98
2007-10;regional;mensual;CCAA_ANDALUCIA;88.28
2007-11;regional;mensual;CCAA_ANDALUCIA;88.86
2007-12;regional;mensual;CCAA_ANDALUCIA;89.01
2008-01;regional;mensual;CCAA_ANDALUCIA;88.07
2008-02;regional;mensual;CCAA_ANDALUCIA;88.42
2008-03;regional;mensual;CCAA_ANDALUCIA;89.09
2008-04;regional;mensual;CCAA_ANDALUCIA;90.21
2008-05;regional;mensual;CCAA_ANDALUCIA;90.41
2008-06;regional;mensual;CCAA_ANDALUCIA;90.5
2008-07;regional;mensual;CCAA_ANDALUCIA;89.44
2008-08;regional;mensual;CCAA_ANDALUCIA;89.66
2008-09;regional;mensual;CCAA_ANDALUCIA;89.94
2008-10;regional;mensual;CCAA_ANDALUCIA;90.84
2008-11;regional;mensual;CCAA_ANDALUCIA;91.19
2008-12;regional;mensual;CCAA_ANDALUCIA;91.07
2009-01;regional;mensual;CCAA_ANDALUCIA;89.58
2009-02;regional;mensual;CCAA_ANDALUCIA;89.53
2009-03;regional;mensual;CCAA_ANDALUCIA;89.98
2009-04;regional;mensual;CCAA_ANDALUCIA;91.05
2009-05;regional;mensual;CCAA_ANDALUCIA;90.98
2009-06;regional;mensual;CCAA_ANDALUCIA;90.96
2009-07;regional;mensual;CCAA_ANDALUCIA;89.8
2009-08;regional;mensual;CCAA_ANDALUCIA;89.83
2009-09;regional;mensual;CCAA_ANDALUCIA;89.89
2009-10;regional;mensual;CCAA_ANDALUCIA;90.68
2009-11;regional;mensual;CCAA_ANDALUCIA;91.12
2009-12;regional;mensual;CCAA_ANDALUCIA;91.08
2010-01;regional;mensual;CCAA_ANDALUCIA;89.52
2010-02;regional;mensual;CCAA_ANDALUCIA;89.45
2010-03;regional;mensual;CCAA_ANDALUCIA;89.98
2010-04;regional;mensual;CCAA_ANDALUCIA;90.89
2010-05;regional;mensual;CCAA_ANDALUCIA;91.07
2010-06;regional;mensual;CCAA_ANDALUCIA;91.27
2010-07;regional;mensual;CCAA_ANDALUCIA;90.35
2010-08;regional;mensual;CCAA_ANDALUCIA;90.55
2010-09;regional;mensual;CCAA_ANDALUCIA;90.75
2010-10;regional;mensual;CCAA_ANDALUCIA;91.66
2010-11;regional;mensual;CCAA_ANDALUCIA;92.2
2010-12;regional;mensual;CCAA_ANDALUCIA;92.47
2011-01;regional;mensual;CCAA_ANDALUCIA;90.98
2011-02;regional;mensual;CCAA_ANDALUCIA;91.02
2011-03;regional;mensual;CCAA_ANDALUCIA;91.65
2011-04;regional;mensual;CCAA_ANDALUCIA;92.92
2011-05;regional;mensual;CCAA_ANDALUCIA;93.06
2011-06;regional;mensual;CCAA_ANDALUCIA;92.87
2011-07;regional;mensual;CCAA_ANDALUCIA;91.77
2011-08;regional;mensual;CCAA_ANDALUCIA;91.98
2011-09;regional;mensual;CCAA_ANDALUCIA;92.31
2011-10;regional;mensual;CCAA_ANDALUCIA;93.24
2011-11;regional;mensual;CCAA_ANDALUCIA;93.63
2011-12;regional;mensual;CCAA_ANDALUCIA;93.7
2012-01;regional;mensual;CCAA_ANDALUCIA;91.94
2012-02;regional;mensual;CCAA_ANDALUCIA;91.93
2012-03;regional;mensual;CCAA_ANDALUCIA;92.45
2012-04;regional;mensual;CCAA_ANDALUCIA;93.73
2012-05;regional;mensual;CCAA_ANDALUCIA;93.91
2012-06;regional;mensual;CCAA_ANDALUCIA;93.85
2012-07;regional;mensual;CCAA_ANDALUCIA;92.85
2012-08;regional;mensual;CCAA_ANDALUCIA;92.95
2012-09;regional;mensual;CCAA_ANDALUCIA;93.89
2012-10;regional;mensual;CCAA_ANDALUCIA;95.08
2012-11;regional;mensual;CCAA_ANDALUCIA;95.42
2012-12;regional;mensual;CCAA_ANDALUCIA;95.33
2013-01;regional;mensual;CCAA_ANDALUCIA;93.66
2013-02;regional;mensual;CCAA_ANDALUCIA;93.8
2013-03;regional;mensual;CCAA_ANDALUCIA;94.27
2013-04;regional;mensual;CCAA_ANDALUCIA;95.19
2013-05;regional;mensual;CCAA_ANDALUCIA;95.41
2013-06;regional;mensual;CCAA_ANDALUCIA;95.39
2013-07;regional;mensual;CCAA_ANDALUCIA;94.14
2013-08;regional;mensual;CCAA_ANDALUCIA;94.29
2013-09;regional;mensual;CCAA_ANDALUCIA;94.48
2013-10;regional;mensual;CCAA_ANDALUCIA;95.22
2013-11;regional;mensual;CCAA_ANDALUCIA;95.67
2013-12;regional;mensual;CCAA_ANDALUCIA;95.51
2014-01;regional;mensual;CCAA_ANDALUCIA;93.69
2014-02;regional;mensual;CCAA_ANDALUCIA;93.74
2014-03;regional;mensual;CCAA_ANDALUCIA;94.3
2014-04;regional;mensual;CCAA_ANDALUCIA;95.32
2014-05;regional;mensual;CCAA_ANDALUCIA;95.38
2014-06;regional;mensual;CCAA_ANDALUCIA;95.27
2014-07;regional;mensual;CCAA_ANDALUCIA;93.97
2014-08;regional;mensual;CCAA_ANDALUCIA;94.08
2014-09;regional;mensual;CCAA_ANDALUCIA;94.26
2014-10;regional;mensual;CCAA_ANDALUCIA;95.03
2014-11;regional;mensual;CCAA_ANDALUCIA;95.49
2014-12;regional;mensual;CCAA_ANDALUCIA;95.4
2015-01;regional;mensual;CCAA_ANDALUCIA;93.82
2015-02;regional;mensual;CCAA_ANDALUCIA;93.86
2015-03;regional;mensual;CCAA_ANDALUCIA;94.41
2015-04;regional;mensual;CCAA_ANDALUCIA;95.53
2015-05;regional;mensual;CCAA_ANDALUCIA;95.88
2015-06;regional;mensual;CCAA_ANDALUCIA;95.93
2015-07;regional;mensual;CCAA_ANDALUCIA;94.72
2015-08;regional;mensual;CCAA_ANDALUCIA;94.81
2015-09;regional;mensual;CCAA_ANDALUCIA;95.04
2015-10;regional;mensual;CCAA_ANDALUCIA;95.91
2015-11;regional;mensual;CCAA_ANDALUCIA;96.39
2015-12;regional;mensual;CCAA_ANDALUCIA;96.28
2016-01;regional;mensual;CCAA_ANDALUCIA;94.67
2016-02;regional;mensual;CCAA_ANDALUCIA;94.74
2016-03;regional;mensual;CCAA_ANDALUCIA;95.39
2016-04;regional;mensual;CCAA_ANDALUCIA;96.27
2016-05;regional;mensual;CCAA_ANDALUCIA;96.59
2016-06;regional;mensual;CCAA_ANDALUCIA;96.55
2016-07;regional;mensual;CCAA_ANDALUCIA;95.41
2016-08;regional;mensual;CCAA_ANDALUCIA;95.69
2016-09;regional;mensual;CCAA_ANDALUCIA;95.91
2016-10;regional;mensual;CCAA_ANDALUCIA;96.76
2016-11;regional;mensual;CCAA_ANDALUCIA;97.22
2016-12;regional;mensual;CCAA_ANDALUCIA;97.21
2017-01;regional;mensual;CCAA_ANDALUCIA;95.67
2017-02;regional;mensual;CCAA_ANDALUCIA;95.66
2017-03;regional;mensual;CCAA_ANDALUCIA;96.22
2017-04;regional;mensual;CCAA_ANDALUCIA;97.28
2017-05;regional;mensual;CCAA_ANDALUCIA;97.41
2017-06;regional;mensual;CCAA_ANDALUCIA;97.46
2017-07;regional;mensual;CCAA_ANDALUCIA;96.49
2017-08;regional;mensual;CCAA_ANDALUCIA;96.69
2017-09;regional;mensual;CCAA_ANDALUCIA;96.9
2017-10;regional;mensual;CCAA_ANDALUCIA;97.52
2017-11;regional;mensual;CCAA_ANDALUCIA;97.95
2017-12;regional;mensual;CCAA_ANDALUCIA;97.9
2018-01;regional;mensual;CCAA_ANDALUCIA;96.41
2018-02;regional;mensual;CCAA_ANDALUCIA;96.69
2018-03;regional;mensual;CCAA_ANDALUCIA;97.2
2018-04;regional;mensual;CCAA_ANDALUCIA;98.1
2018-05;regional;mensual;CCAA_ANDALUCIA;98.4
2018-06;regional;mensual;CCAA_ANDALUCIA;98.38
2018-07;regional;mensual;CCAA_ANDALUCIA;97.32
2018-08;regional;mensual;CCAA_ANDALUCIA;97.39
2018-09;regional;mensual;CCAA_ANDALUCIA;97.64
2018-10;regional;mensual;CCAA_ANDALUCIA;98.41
2018-11;regional;mensual;CCAA_ANDALUCIA;98.66
2018-12;regional;mensual;CCAA_ANDALUCIA;98.7
2019-01;regional;mensual;CCAA_ANDALUCIA;97.02
2019-02;regional;mensual;CCAA_ANDALUCIA;97.23
2019-03;regional;mensual;CCAA_ANDALUCIA;97.88
2019-04;regional;mensual;CCAA_ANDALUCIA;98.9
2019-05;regional;mensual;CCAA_ANDALUCIA;99.1
2019-06;regional;mensual;CCAA_ANDALUCIA;99.14
2019-07;regional;mensual;CCAA_ANDALUCIA;98.08
2019-08;regional;mensual;CCAA_ANDALUCIA;98.24
2019-09;regional;mensual;CCAA_ANDALUCIA;98.55
2019-10;regional;mensual;CCAA_ANDALUCIA;99.37
2019-11;regional;mensual;CCAA_ANDALUCIA;99.66
2019-12;regional;mensual;CCAA_ANDALUCIA;99.56
2020-01;regional;mensual;CCAA_ANDALUCIA;97.96
2020-02;regional;mensual;CCAA_ANDALUCIA;98.27
2020-03;regional;mensual;CCAA_ANDALUCIA;98.8
2020-04;regional;mensual;CCAA_ANDALUCIA;99.95
2020-05;regional;mensual;CCAA_ANDALUCIA;100.14
2020-06;regional;mensual;CCAA_ANDALUCIA;100.19
2020-07;regional;mensual;CCAA_ANDALUCIA;98.76
2020-08;regional;mensual;CCAA_ANDALUCIA;98.76
2020-09;regional;mensual;CCAA_ANDALUCIA;98.95
2020-10;regional;mensual;CCAA_ANDALUCIA;99.66
2020-11;regional;mensual;CCAA_ANDALUCIA;99.9
2020-12;regional;mensual;CCAA_ANDALUCIA;99.78
2021-01;regional;mensual;CCAA_ANDALUCIA;98.64
2021-02;regional;mensual;CCAA_ANDALUCIA;98.62
2021-03;regional;mensual;CCAA_ANDALUCIA;99.12
2021-04;regional;mensual;CCAA_ANDALUCIA;100.04
2021-05;regional;mensual;CCAA_ANDALUCIA;100.3
2021-06;regional;mensual;CCAA_ANDALUCIA;100.37
2021-07;regional;mensual;CCAA_ANDALUCIA;99.31
2021-08;regional;mensual;CCAA_ANDALUCIA;99.44
2021-09;regional;mensual;CCAA_ANDALUCIA;99.94
2021-10;regional;mensual;CCAA_ANDALUCIA;100.96
2021-11;regional;mensual;CCAA_ANDALUCIA;101.48
2021-12;regional;mensual;CCAA_ANDALUCIA;101.78
2022-01;regional;mensual;CCAA_ANDALUCIA;100.98
2022-02;regional;mensual;CCAA_ANDALUCIA;101.59
2022-03;regional;mensual;CCAA_ANDALUCIA;102.43
2022-04;regional;mensual;CCAA_ANDALUCIA;104.58
2022-05;regional;mensual;CCAA_ANDALUCIA;105.4
2022-06;regional;mensual;CCAA_ANDALUCIA;106.08
2022-07;regional;mensual;CCAA_ANDALUCIA;105.7
2022-08;regional;mensual;CCAA_ANDALUCIA;106.11
2022-09;regional;mensual;CCAA_ANDALUCIA;106.53
2022-10;regional;mensual;CCAA_ANDALUCIA;107.83
2022-11;regional;mensual;CCAA_ANDALUCIA;108.62
2022-12;regional;mensual;CCAA_ANDALUCIA;109.57
2023-01;regional;mensual;CCAA_ANDALUCIA;109.34
2023-02;regional;mensual;CCAA_ANDALUCIA;110.17
2023-03;regional;mensual;CCAA_ANDALUCIA;111.03
2023-04;regional;mensual;CCAA_ANDALUCIA;112.13
2023-05;regional;mensual;CCAA_ANDALUCIA;112.42
2023-06;regional;mensual;CCAA_ANDALUCIA;112.81
2023-07;regional;mensual;CCAA_ANDALUCIA;112.44
2023-08;regional;mensual;CCAA_ANDALUCIA;112.8
2023-09;regional;mensual;CCAA_ANDALUCIA;112.85
2023-10;regional;mensual;CCAA_ANDALUCIA;113.6
2023-11;regional;mensual;CCAA_ANDALUCIA;113.64
2023-12;regional;mensual;CCAA_ANDALUCIA;113.83
2024-01;regional;mensual;CCAA_ANDALUCIA;113.46
2024-02;regional;mensual;CCAA_ANDALUCIA;113.97
2024-03;regional;mensual;CCAA_ANDALUCIA;114.47
2024-04;regional;mensual;CCAA_ANDALUCIA;115.26
2024-05;regional;mensual;CCAA_ANDALUCIA;115.6
2024-06;regional;mensual;CCAA_ANDALUCIA;115.93
2024-07;regional;mensual;CCAA_ANDALUCIA;115.48
2024-08;regional;mensual;CCAA_ANDALUCIA;115.72
2002-01;regional;mensual;CCAA_PAIS_VASCO;72.51
2002-02;regional;mensual;CCAA_PAIS_VASCO;72.53
2002-03;regional;mensual;CCAA_PAIS_VASCO;73.23
2002-04;regional;mensual;CCAA_PAIS_VASCO;73.98
2002-05;regional;mensual;CCAA_PAIS_VASCO;74.17
2002-06;regional;mensual;CCAA_PAIS_VASCO;74.3
2002-07;regional;mensual;CCAA_PAIS_VASCO;73.73
2002-08;regional;mensual;CCAA_PAIS_VASCO;73.98
2002-09;regional;mensual;CCAA_PAIS_VASCO;74.31
2002-10;regional;mensual;CCAA_PAIS_VASCO;74.96
2002-11;regional;mensual;CCAA_PAIS_VASCO;75.11
2002-12;regional;mensual;CCAA_PAIS_VASCO;75.14
2003-01;regional;mensual;CCAA_PAIS_VASCO;74.78
2003-02;regional;mensual;CCAA_PAIS_VASCO;74.9
2003-03;regional;mensual;CCAA_PAIS_VASCO;75.41
2003-04;regional;mensual;CCAA_PAIS_VASCO;76.16
2003-05;regional;mensual;CCAA_PAIS_VASCO;76.17
2003-06;regional;mensual;CCAA_PAIS_VASCO;76.2
2003-07;regional;mensual;CCAA_PAIS_VASCO;75.52
2003-08;regional;mensual;CCAA_PAIS_VASCO;75.76
2003-09;regional;mensual;CCAA_PAIS_VASCO;75.96
2003-10;regional;mensual;CCAA_PAIS_VASCO;76.73
2003-11;regional;mensual;CCAA_PAIS_VASCO;76.96
2003-12;regional;mensual;CCAA_PAIS_VASCO;76.97
2004-01;regional;mensual;CCAA_PAIS_VASCO;76.46
2004-02;regional;mensual;CCAA_PAIS_VASCO;76.52
2004-03;regional;mensual;CCAA_PAIS_VASCO;77.06
2004-04;regional;mensual;CCAA_PAIS_VASCO;78.06
2004-05;regional;mensual;CCAA_PAIS_VASCO;78.21
2004-06;regional;mensual;CCAA_PAIS_VASCO;78.37
2004-07;regional;mensual;CCAA_PAIS_VASCO;77.64
2004-08;regional;mensual;CCAA_PAIS_VASCO;77.88
2004-09;regional;mensual;CCAA_PAIS_VASCO;78.25
2004-10;regional;mensual;CCAA_PAIS_VASCO;79.21
2004-11;regional;mensual;CCAA_PAIS_VASCO;79.28
2004-12;regional;mensual;CCAA_PAIS_VASCO;79.26
2005-01;regional;mensual;CCAA_PAIS_VASCO;78.51
2005-02;regional;mensual;CCAA_PAIS_VASCO;78.61
2005-03;regional;mensual;CCAA_PAIS_VASCO;79.3
2005-04;regional;mensual;CCAA_PAIS_VASCO;80.25
2005-05;regional;mensual;CCAA_PAIS_VASCO;80.34
2005-06;regional;mensual;CCAA_PAIS_VASCO;80.41
2005-07;regional;mensual;CCAA_PAIS_VASCO;79.54
2005-08;regional;mensual;CCAA_PAIS_VASCO;79.75
2005-09;regional;mensual;CCAA_PAIS_VASCO;80.18
2005-10;regional;mensual;CCAA_PAIS_VASCO;81.21
2005-11;regional;mensual;CCAA_PAIS_VASCO;81.48
2005-12;regional;mensual;CCAA_PAIS_VASCO;81.58
2006-01;regional;mensual;CCAA_PAIS_VASCO;80.85
2006-02;regional;mensual;CCAA_PAIS_VASCO;80.89
2006-03;regional;mensual;CCAA_PAIS_VASCO;81.68
2006-04;regional;mensual;CCAA_PAIS_VASCO;82.63
2006-05;regional;mensual;CCAA_PAIS_VASCO;82.7
2006-06;regional;mensual;CCAA_PAIS_VASCO;82.75
2006-07;regional;mensual;CCAA_PAIS_VASCO;82.03
2006-08;regional;mensual;CCAA_PAIS_VASCO;82.16
2006-09;regional;mensual;CCAA_PAIS_VASCO;82.46
2006-10;regional;mensual;CCAA_PAIS_VASCO;83.42
2006-11;regional;mensual;CCAA_PAIS_VASCO;83.55
2006-12;regional;mensual;CCAA_PAIS_VASCO;83.57
2007-01;regional;mensual;CCAA_PAIS_VASCO;83.05
2007-02;regional;mensual;CCAA_PAIS_VASCO;83.06
2007-03;regional;mensual;CCAA_PAIS_VASCO;83.68
2007-04;regional;mensual;CCAA_PAIS_VASCO;84.83
2007-05;regional;mensual;CCAA_PAIS_VASCO;84.93
2007-06;regional;mensual;CCAA_PAIS_VASCO;84.91
2007-07;regional;mensual;CCAA_PAIS_VASCO;84.05
2007-08;regional;mensual;CCAA_PAIS_VASCO;84.36
2007-09;regional;mensual;CCAA_PAIS_VASCO;84.72
2007-10;regional;mensual;CCAA_PAIS_VASCO;86.04
2007-11;regional;mensual;CCAA_PAIS_VASCO;86.44
2007-12;regional;mensual;CCAA_PAIS_VASCO;86.42
2008-01;regional;mensual;CCAA_PAIS_VASCO;85.57
2008-02;regional;mensual;CCAA_PAIS_VASCO;85.81
2008-03;regional;mensual;CCAA_PAIS_VASCO;86.62
2008-04;regional;mensual;CCAA_PAIS_VASCO;87.5
2008-05;regional;mensual;CCAA_PAIS_VASCO;87.66
2008-06;regional;mensual;CCAA_PAIS_VASCO;87.81
2008-07;regional;mensual;CCAA_PAIS_VASCO;87.02
2008-08;regional;mensual;CCAA_PAIS_VASCO;87.33
2008-09;regional;mensual;CCAA_PAIS_VASCO;87.6
2008-10;regional;mensual;CCAA_PAIS_VASCO;88.69
2008-11;regional;mensual;CCAA_PAIS_VASCO;88.88
2008-12;regional;mensual;CCAA_PAIS_VASCO;88.77
2009-01;regional;mensual;CCAA_PAIS_VASCO;87.52
2009-02;regional;mensual;CCAA_PAIS_VASCO;87.35
2009-03;regional;mensual;CCAA_PAIS_VASCO;87.86
2009-04;regional;mensual;CCAA_PAIS_VASCO;88.93
2009-05;regional;mensual;CCAA_PAIS_VASCO;88.72
2009-06;regional;mensual;CCAA_PAIS_VASCO;88.77
2009-07;regional;mensual;CCAA_PAIS_VASCO;87.84
2009-08;regional;mensual;CCAA_PAIS_VASCO;88.03
2009-09;regional;mensual;CCAA_PAIS_VASCO;88.05
2009-10;regional;mensual;CCAA_PAIS_VASCO;88.99
2009-11;regional;mensual;CCAA_PAIS_VASCO;89.29
2009-12;regional;mensual;CCAA_PAIS_VASCO;89.21
2010-01;regional;mensual;CCAA_PAIS_VASCO;87.64
2010-02;regional;mensual;CCAA_PAIS_VASCO;87.48
2010-03;regional;mensual;CCAA_PAIS_VASCO;88.1
2010-04;regional;mensual;CCAA_PAIS_VASCO;88.92
2010-05;regional;mensual;CCAA_PAIS_VASCO;89.09
2010-06;regional;mensual;CCAA_PAIS_VASCO;89.28
2010-07;regional;mensual;CCAA_PAIS_VASCO;88.67
2010-08;regional;mensual;CCAA_PAIS_VASCO;88.97
2010-09;regional;mensual;CCAA_PAIS_VASCO;89.13
2010-10;regional;mensual;CCAA_PAIS_VASCO;90.12
2010-11;regional;mensual;CCAA_PAIS_VASCO;90.51
2010-12;regional;mensual;CCAA_PAIS_VASCO;90.62
2011-01;regional;mensual;CCAA_PAIS_VASCO;89.18
2011-02;regional;mensual;CCAA_PAIS_VASCO;89.19
2011-03;regional;mensual;CCAA_PAIS_VASCO;89.78
2011-04;regional;mensual;CCAA_PAIS_VASCO;91.05
2011-05;regional;mensual;CCAA_PAIS_VASCO;91.08
2011-06;regional;mensual;CCAA_PAIS_VASCO;90.94
2011-07;regional;mensual;CCAA_PAIS_VASCO;90.18
2011-08;regional;mensual;CCAA_PAIS_VASCO;90.38
2011-09;regional;mensual;CCAA_PAIS_VASCO;90.65
2011-10;regional;mensual;CCAA_PAIS_VASCO;91.73
2011-11;regional;mensual;CCAA_PAIS_VASCO;92.07
2011-12;regional;mensual;CCAA_PAIS_VASCO;92.02
2012-01;regional;mensual;CCAA_PAIS_VASCO;90.39
2012-02;regional;mensual;CCAA_PAIS_VASCO;90.29
2012-03;regional;mensual;CCAA_PAIS_VASCO;90.86
2012-04;regional;mensual;CCAA_PAIS_VASCO;92.02
2012-05;regional;mensual;CCAA_PAIS_VASCO;92.09
2012-06;regional;mensual;CCAA_PAIS_VASCO;92.11
2012-07;regional;mensual;CCAA_PAIS_VASCO;91.31
2012-08;regional;mensual;CCAA_PAIS_VASCO;91.58
2012-09;regional;mensual;CCAA_PAIS_VASCO;92.46
2012-10;regional;mensual;CCAA_PAIS_VASCO;93.76
2012-11;regional;mensual;CCAA_PAIS_VASCO;93.99
2012-12;regional;mensual;CCAA_PAIS_VASCO;93.92
2013-01;regional;mensual;CCAA_PAIS_VASCO;92.22
2013-02;regional;mensual;CCAA_PAIS_VASCO;92.19
2013-03;regional;mensual;CCAA_PAIS_VASCO;92.95
2013-04;regional;mensual;CCAA_PAIS_VASCO;93.82
2013-05;regional;mensual;CCAA_PAIS_VASCO;93.97
2013-06;regional;mensual;CCAA_PAIS_VASCO;93.87
2013-07;regional;mensual;CCAA_PAIS_VASCO;93.29
2013-08;regional;mensual;CCAA_PAIS_VASCO;93.45
2013-09;regional;mensual;CCAA_PAIS_VASCO;93.42
2013-10;regional;mensual;CCAA_PAIS_VASCO;94.4
2013-11;regional;mensual;CCAA_PAIS_VASCO;94.7
2013-12;regional;mensual;CCAA_PAIS_VASCO;94.45
2014-01;regional;mensual;CCAA_PAIS_VASCO;92.74
2014-02;regional;mensual;CCAA_PAIS_VASCO;92.76
2014-03;regional;mensual;CCAA_PAIS_VASCO;93.27
2014-04;regional;mensual;CCAA_PAIS_VASCO;94.32
2014-05;regional;mensual;CCAA_PAIS_VASCO;94.27
2014-06;regional;mensual;CCAA_PAIS_VASCO;94.36
2014-07;regional;mensual;CCAA_PAIS_VASCO;93.38
2014-08;regional;mensual;CCAA_PAIS_VASCO;93.55
2014-09;regional;mensual;CCAA_PAIS_VASCO;93.64
2014-10;regional;mensual;CCAA_PAIS_VASCO;94.54
2014-11;regional;mensual;CCAA_PAIS_VASCO;94.85
2014-12;regional;mensual;CCAA_PAIS_VASCO;94.7
2015-01;regional;mensual;CCAA_PAIS_VASCO;93.05
2015-02;regional;mensual;CCAA_PAIS_VASCO;93.03
2015-03;regional;mensual;CCAA_PAIS_VASCO;93.58
2015-04;regional;mensual;CCAA_PAIS_VASCO;94.63
2015-05;regional;mensual;CCAA_PAIS_VASCO;94.87
2015-06;regional;mensual;CCAA_PAIS_VASCO;95.01
2015-07;regional;mensual;CCAA_PAIS_VASCO;94.15
2015-08;regional;mensual;CCAA_PAIS_VASCO;94.26
2015-09;regional;mensual;CCAA_PAIS_VASCO;94.45
2015-10;regional;mensual;CCAA_PAIS_VASCO;95.46
2015-11;regional;mensual;CCAA_PAIS_VASCO;95.82
2015-12;regional;mensual;CCAA_PAIS_VASCO;95.69
2016-01;regional;mensual;CCAA_PAIS_VASCO;94.08
2016-02;regional;mensual;CCAA_PAIS_VASCO;94.11
2016-03;regional;mensual;CCAA_PAIS_VASCO;94.74
2016-04;regional;mensual;CCAA_PAIS_VASCO;95.49
2016-05;regional;mensual;CCAA_PAIS_VASCO;95.63
2016-06;regional;mensual;CCAA_PAIS_VASCO;95.72
2016-07;regional;mensual;CCAA_PAIS_VASCO;94.9
2016-08;regional;mensual;CCAA_PAIS_VASCO;95.25
2016-09;regional;mensual;CCAA_PAIS_VASCO;95.28
2016-10;regional;mensual;CCAA_PAIS_VASCO;96.22
2016-11;regional;mensual;CCAA_PAIS_VASCO;96.63
2016-12;regional;mensual;CCAA_PAIS_VASCO;96.66
2017-01;regional;mensual;CCAA_PAIS_VASCO;95.19
2017-02;regional;mensual;CCAA_PAIS_VASCO;95.03
2017-03;regional;mensual;CCAA_PAIS_VASCO;95.61
2017-04;regional;mensual;CCAA_PAIS_VASCO;96.66
2017-05;regional;mensual;CCAA_PAIS_VASCO;96.61
2017-06;regional;mensual;CCAA_PAIS_VASCO;96.79
2017-07;regional;mensual;CCAA_PAIS_VASCO;96.27
2017-08;regional;mensual;CCAA_PAIS_VASCO;96.49
2017-09;regional;mensual;CCAA_PAIS_VASCO;96.39
2017-10;regional;mensual;CCAA_PAIS_VASCO;97.1
2017-11;regional;mensual;CCAA_PAIS_VASCO;97.4
2017-12;regional;mensual;CCAA_PAIS_VASCO;97.35
2018-01;regional;mensual;CCAA_PAIS_VASCO;95.77
2018-02;regional;mensual;CCAA_PAIS_VASCO;95.99
2018-03;regional;mensual;CCAA_PAIS_VASCO;96.61
2018-04;regional;mensual;CCAA_PAIS_VASCO;97.42
2018-05;regional;mensual;CCAA_PAIS_VASCO;97.79
2018-06;regional;mensual;CCAA_PAIS_VASCO;97.84
2018-07;regional;mensual;CCAA_PAIS_VASCO;97.26
2018-08;regional;mensual;CCAA_PAIS_VASCO;97.31
2018-09;regional;mensual;CCAA_PAIS_VASCO;97.22
2018-10;regional;mensual;CCAA_PAIS_VASCO;98.22
2018-11;regional;mensual;CCAA_PAIS_VASCO;98.3
2018-12;regional;mensual;CCAA_PAIS_VASCO;98.05
2019-01;regional;mensual;CCAA_PAIS_VASCO;96.39
2019-02;regional;mensual;CCAA_PAIS_VASCO;96.69
2019-03;regional;mensual;CCAA_PAIS_VASCO;97.36
2019-04;regional;mensual;CCAA_PAIS_VASCO;98.45
2019-05;regional;mensual;CCAA_PAIS_VASCO;98.69
2019-06;regional;mensual;CCAA_PAIS_VASCO;98.89
2019-07;regional;mensual;CCAA_PAIS_VASCO;98.24
2019-08;regional;mensual;CCAA_PAIS_VASCO;98.4
2019-09;regional;mensual;CCAA_PAIS_VASCO;98.39
2019-10;regional;mensual;CCAA_PAIS_VASCO;99.29
2019-11;regional;mensual;CCAA_PAIS_VASCO;99.52
2019-12;regional;mensual;CCAA_PAIS_VASCO;99.33
2020-01;regional;mensual;CCAA_PAIS_VASCO;97.78
2020-02;regional;mensual;CCAA_PAIS_VASCO;98.0
2020-03;regional;mensual;CCAA_PAIS_VASCO;98.56
2020-04;regional;mensual;CCAA_PAIS_VASCO;99.55
2020-05;regional;mensual;CCAA_PAIS_VASCO;99.7
2020-06;regional;mensual;CCAA_PAIS_VASCO;99.82
2020-07;regional;mensual;CCAA_PAIS_VASCO;98.59
2020-08;regional;mensual;CCAA_PAIS_VASCO;98.72
2020-09;regional;mensual;CCAA_PAIS_VASCO;98.87
2020-10;regional;mensual;CCAA_PAIS_VASCO;99.74
2020-11;regional;mensual;CCAA_PAIS_VASCO;99.77
2020-12;regional;mensual;CCAA_PAIS_VASCO;99.52
2021-01;regional;mensual;CCAA_PAIS_VASCO;98.35
2021-02;regional;mensual;CCAA_PAIS_VASCO;98.54
2021-03;regional;mensual;CCAA_PAIS_VASCO;99.05
2021-04;regional;mensual;CCAA_PAIS_VASCO;99.99
2021-05;regional;mensual;CCAA_PAIS_VASCO;100.16
2021-06;regional;mensual;CCAA_PAIS_VASCO;100.37
2021-07;regional;mensual;CCAA_PAIS_VASCO;99.46
2021-08;regional;mensual;CCAA_PAIS_VASCO;99.68
2021-09;regional;mensual;CCAA_PAIS_VASCO;100.08
2021-10;regional;mensual;CCAA_PAIS_VASCO;101.11
2021-11;regional;mensual;CCAA_PAIS_VASCO;101.47
2021-12;regional;mensual;CCAA_PAIS_VASCO;101.74
2022-01;regional;mensual;CCAA_PAIS_VASCO;100.92
2022-02;regional;mensual;CCAA_PAIS_VASCO;101.56
2022-03;regional;mensual;CCAA_PAIS_VASCO;102.6
2022-04;regional;mensual;CCAA_PAIS_VASCO;104.25
2022-05;regional;mensual;CCAA_PAIS_VASCO;104.89
2022-06;regional;mensual;CCAA_PAIS_VASCO;105.8
2022-07;regional;mensual;CCAA_PAIS_VASCO;105.66
2022-08;regional;mensual;CCAA_PAIS_VASCO;106.07
2022-09;regional;mensual;CCAA_PAIS_VASCO;106.16
2022-10;regional;mensual;CCAA_PAIS_VASCO;107.12
2022-11;regional;mensual;CCAA_PAIS_VASCO;107.68
2022-12;regional;mensual;CCAA_PAIS_VASCO;108.52
2023-01;regional;mensual;CCAA_PAIS_VASCO;108.32
2023-02;regional;mensual;CCAA_PAIS_VASCO;109.11
2023-03;regional;mensual;CCAA_PAIS_VASCO;110.19
2023-04;regional;mensual;CCAA_PAIS_VASCO;111.32
2023-05;regional;mensual;CCAA_PAIS_VASCO;111.59
2023-06;regional;mensual;CCAA_PAIS_VASCO;112.36
2023-07;regional;mensual;CCAA_PAIS_VASCO;112.42
2023-08;regional;mensual;CCAA_PAIS_VASCO;112.72
2023-09;regional;mensual;CCAA_PAIS_VASCO;112.59
2023-10;regional;mensual;CCAA_PAIS_VASCO;112.86
2023-11;regional;mensual;CCAA_PAIS_VASCO;112.83
2023-12;regional;mensual;CCAA_PAIS_VASCO;112.81
2024-01;regional;mensual;CCAA_PAIS_VASCO;112.41
2024-02;regional;mensual;CCAA_PAIS_VASCO;113.38
2024-03;regional;mensual;CCAA_PAIS_VASCO;113.96
2024-04;regional;mensual;CCAA_PAIS_VASCO;114.76
2024-05;regional;mensual;CCAA_PAIS_VASCO;115.29
2024-06;regional;mensual;CCAA_PAIS_VASCO;115.77
2024-07;regional;mensual;CCAA_PAIS_VASCO;115.66
2024-08;regional;mensual;CCAA_PAIS_VASCO;116.06
2002-01;regional;mensual;CCAA_RIOJA;72.53
2002-02;regional;mensual;CCAA_RIOJA;72.62
2002-03;regional;mensual;CCAA_RIOJA;73.08
2002-04;regional;mensual;CCAA_RIOJA;74.17
2002-05;regional;mensual;CCAA_RIOJA;74.57
2002-06;regional;mensual;CCAA_RIOJA;74.81
2002-07;regional;mensual;CCAA_RIOJA;73.78
2002-08;regional;mensual;CCAA_RIOJA;73.98
2002-09;regional;mensual;CCAA_RIOJA;74.03
2002-10;regional;mensual;CCAA_RIOJA;75.46
2002-11;regional;mensual;CCAA_RIOJA;75.82
2002-12;regional;mensual;CCAA_RIOJA;76.0
2003-01;regional;mensual;CCAA_RIOJA;75.02
2003-02;regional;mensual;CCAA_RIOJA;75.25
2003-03;regional;mensual;CCAA_RIOJA;75.57
2003-04;regional;mensual;CCAA_RIOJA;77.17
2003-05;regional;mensual;CCAA_RIOJA;77.23
2003-06;regional;mensual;CCAA_RIOJA;77.41
2003-07;regional;mensual;CCAA_RIOJA;76.31
2003-08;regional;mensual;CCAA_RIOJA;76.57
2003-09;regional;mensual;CCAA_RIOJA;76.42
2003-10;regional;mensual;CCAA_RIOJA;77.69
2003-11;regional;mensual;CCAA_RIOJA;77.8
2003-12;regional;mensual;CCAA_RIOJA;77.93
2004-01;regional;mensual;CCAA_RIOJA;76.84
2004-02;regional;mensual;CCAA_RIOJA;77.0
2004-03;regional;mensual;CCAA_RIOJA;77.27
2004-04;regional;mensual;CCAA_RIOJA;79.19
2004-05;regional;mensual;CCAA_RIOJA;79.34
2004-06;regional;mensual;CCAA_RIOJA;79.56
2004-07;regional;mensual;CCAA_RIOJA;78.16
2004-08;regional;mensual;CCAA_RIOJA;78.44
2004-09;regional;mensual;CCAA_RIOJA;78.45
2004-10;regional;mensual;CCAA_RIOJA;79.68
2004-11;regional;mensual;CCAA_RIOJA;80.08
2004-12;regional;mensual;CCAA_RIOJA;80.19
2005-01;regional;mensual;CCAA_RIOJA;79.03
2005-02;regional;mensual;CCAA_RIOJA;79.19
2005-03;regional;mensual;CCAA_RIOJA;79.62
2005-04;regional;mensual;CCAA_RIOJA;81.47
2005-05;regional;mensual;CCAA_RIOJA;81.77
2005-06;regional;mensual;CCAA_RIOJA;81.91
2005-07;regional;mensual;CCAA_RIOJA;80.38
2005-08;regional;mensual;CCAA_RIOJA;80.47
2005-09;regional;mensual;CCAA_RIOJA;80.52
2005-10;regional;mensual;CCAA_RIOJA;81.88
2005-11;regional;mensual;CCAA_RIOJA;82.62
2005-12;regional;mensual;CCAA_RIOJA;82.91
2006-01;regional;mensual;CCAA_RIOJA;81.46
2006-02;regional;mensual;CCAA_RIOJA;81.67
2006-03;regional;mensual;CCAA_RIOJA;82.22
2006-04;regional;mensual;CCAA_RIOJA;84.09
2006-05;regional;mensual;CCAA_RIOJA;84.46
2006-06;regional;mensual;CCAA_RIOJA;84.63
2006-07;regional;mensual;CCAA_RIOJA;83.13
2006-08;regional;mensual;CCAA_RIOJA;83.35
2006-09;regional;mensual;CCAA_RIOJA;83.27
2006-10;regional;mensual;CCAA_RIOJA;84.47
2006-11;regional;mensual;CCAA_RIOJA;85.12
2006-12;regional;mensual;CCAA_RIOJA;85.36
2007-01;regional;mensual;CCAA_RIOJA;83.99
2007-02;regional;mensual;CCAA_RIOJA;84.15
2007-03;regional;mensual;CCAA_RIOJA;84.44
2007-04;regional;mensual;CCAA_RIOJA;86.37
2007-05;regional;mensual;CCAA_RIOJA;86.68
2007-06;regional;mensual;CCAA_RIOJA;86.84
2007-07;regional;mensual;CCAA_RIOJA;85.33
2007-08;regional;mensual;CCAA_RIOJA;85.63
2007-09;regional;mensual;CCAA_RIOJA;85.59
2007-10;regional;mensual;CCAA_RIOJA;87.18
2007-11;regional;mensual;CCAA_RIOJA;87.81
2007-12;regional;mensual;CCAA_RIOJA;88.04
2008-01;regional;mensual;CCAA_RIOJA;86.55
2008-02;regional;mensual;CCAA_RIOJA;86.89
2008-03;regional;mensual;CCAA_RIOJA;87.38
2008-04;regional;mensual;CCAA_RIOJA;89.11
2008-05;regional;mensual;CCAA_RIOJA;89.55
2008-06;regional;mensual;CCAA_RIOJA;89.83
2008-07;regional;mensual;CCAA_RIOJA;88.37
2008-08;regional;mensual;CCAA_RIOJA;88.61
2008-09;regional;mensual;CCAA_RIOJA;88.59
2008-10;regional;mensual;CCAA_RIOJA;89.86
2008-11;regional;mensual;CCAA_RIOJA;90.34
2008-12;regional;mensual;CCAA_RIOJA;90.29
2009-01;regional;mensual;CCAA_RIOJA;88.33
2009-02;regional;mensual;CCAA_RIOJA;88.24
2009-03;regional;mensual;CCAA_RIOJA;88.48
2009-04;regional;mensual;CCAA_RIOJA;90.2
2009-05;regional;mensual;CCAA_RIOJA;90.22
2009-06;regional;mensual;CCAA_RIOJA;90.41
2009-07;regional;mensual;CCAA_RIOJA;88.81
2009-08;regional;mensual;CCAA_RIOJA;88.91
2009-09;regional;mensual;CCAA_RIOJA;88.59
2009-10;regional;mensual;CCAA_RIOJA;89.61
2009-11;regional;mensual;CCAA_RIOJA;90.26
2009-12;regional;mensual;CCAA_RIOJA;90.43
2010-01;regional;mensual;CCAA_RIOJA;88.28
2010-02;regional;mensual;CCAA_RIOJA;88.35
2010-03;regional;mensual;CCAA_RIOJA;88.62
2010-04;regional;mensual;CCAA_RIOJA;90.14
2010-05;regional;mensual;CCAA_RIOJA;90.4
2010-06;regional;mensual;CCAA_RIOJA;90.81
2010-07;regional;mensual;CCAA_RIOJA;89.46
2010-08;regional;mensual;CCAA_RIOJA;89.73
2010-09;regional;mensual;CCAA_RIOJA;89.56
2010-10;regional;mensual;CCAA_RIOJA;90.75
2010-11;regional;mensual;CCAA_RIOJA;91.48
2010-12;regional;mensual;CCAA_RIOJA;91.91
2011-01;regional;mensual;CCAA_RIOJA;89.87
2011-02;regional;mensual;CCAA_RIOJA;90.0
2011-03;regional;mensual;CCAA_RIOJA;90.28
2011-04;regional;mensual;CCAA_RIOJA;92.29
2011-05;regional;mensual;CCAA_RIOJA;92.47
2011-06;regional;mensual;CCAA_RIOJA;92.62
2011-07;regional;mensual;CCAA_RIOJA;91.18
2011-08;regional;mensual;CCAA_RIOJA;91.43
2011-09;regional;mensual;CCAA_RIOJA;91.49
2011-10;regional;mensual;CCAA_RIOJA;92.65
2011-11;regional;mensual;CCAA_RIOJA;93.34
2011-12;regional;mensual;CCAA_RIOJA;93.65
2012-01;regional;mensual;CCAA_RIOJA;91.34
2012-02;regional;mensual;CCAA_RIOJA;91.37
2012-03;regional;mensual;CCAA_RIOJA;91.71
2012-04;regional;mensual;CCAA_RIOJA;93.43
2012-05;regional;mensual;CCAA_RIOJA;93.78
2012-06;regional;mensual;CCAA_RIOJA;93.91
2012-07;regional;mensual;CCAA_RIOJA;92.62
2012-08;regional;mensual;CCAA_RIOJA;92.8
2012-09;regional;mensual;CCAA_RIOJA;93.39
2012-10;regional;mensual;CCAA_RIOJA;94.94
2012-11;regional;mensual;CCAA_RIOJA;95.44
2012-12;regional;mensual;CCAA_RIOJA;95.64
2013-01;regional;mensual;CCAA_RIOJA;93.42
2013-02;regional;mensual;CCAA_RIOJA;93.45
2013-03;regional;mensual;CCAA_RIOJA;93.75
2013-04;regional;mensual;CCAA_RIOJA;95.31
2013-05;regional;mensual;CCAA_RIOJA;95.77
2013-06;regional;mensual;CCAA_RIOJA;95.74
2013-07;regional;mensual;CCAA_RIOJA;94.22
2013-08;regional;mensual;CCAA_RIOJA;94.45
2013-09;regional;mensual;CCAA_RIOJA;94.12
2013-10;regional;mensual;CCAA_RIOJA;95.1
2013-11;regional;mensual;CCAA_RIOJA;95.8
2013-12;regional;mensual;CCAA_RIOJA;95.78
2014-01;regional;mensual;CCAA_RIOJA;93.32
2014-02;regional;mensual;CCAA_RIOJA;93.38
2014-03;regional;mensual;CCAA_RIOJA;93.7
2014-04;regional;mensual;CCAA_RIOJA;95.33
2014-05;regional;mensual;CCAA_RIOJA;95.55
2014-06;regional;mensual;CCAA_RIOJA;95.56
2014-07;regional;mensual;CCAA_RIOJA;94.05
2014-08;regional;mensual;CCAA_RIOJA;94.16
2014-09;regional;mensual;CCAA_RIOJA;94.21
2014-10;regional;mensual;CCAA_RIOJA;95.22
2014-11;regional;mensual;CCAA_RIOJA;95.84
2014-12;regional;mensual;CCAA_RIOJA;95.81
2015-01;regional;mensual;CCAA_RIOJA;93.58
2015-02;regional;mensual;CCAA_RIOJA;93.73
2015-03;regional;mensual;CCAA_RIOJA;94.01
2015-04;regional;mensual;CCAA_RIOJA;95.75
2015-05;regional;mensual;CCAA_RIOJA;96.22
2015-06;regional;mensual;CCAA_RIOJA;96.42
2015-07;regional;mensual;CCAA_RIOJA;94.93
2015-08;regional;mensual;CCAA_RIOJA;95.08
2015-09;regional;mensual;CCAA_RIOJA;95.1
2015-10;regional;mensual;CCAA_RIOJA;96.21
2015-11;regional;mensual;CCAA_RIOJA;96.99
2015-12;regional;mensual;CCAA_RIOJA;96.8
2016-01;regional;mensual;CCAA_RIOJA;94.64
2016-02;regional;mensual;CCAA_RIOJA;94.84
2016-03;regional;mensual;CCAA_RIOJA;95.19
2016-04;regional;mensual;CCAA_RIOJA;96.42
2016-05;regional;mensual;CCAA_RIOJA;96.94
2016-06;regional;mensual;CCAA_RIOJA;96.96
2016-07;regional;mensual;CCAA_RIOJA;95.3
2016-08;regional;mensual;CCAA_RIOJA;95.69
2016-09;regional;mensual;CCAA_RIOJA;95.57
2016-10;regional;mensual;CCAA_RIOJA;96.54
2016-11;regional;mensual;CCAA_RIOJA;97.47
2016-12;regional;mensual;CCAA_RIOJA;97.75
2017-01;regional;mensual;CCAA_RIOJA;95.7
2017-02;regional;mensual;CCAA_RIOJA;95.69
2017-03;regional;mensual;CCAA_RIOJA;95.92
2017-04;regional;mensual;CCAA_RIOJA;97.59
2017-05;regional;mensual;CCAA_RIOJA;97.86
2017-06;regional;mensual;CCAA_RIOJA;98.05
2017-07;regional;mensual;CCAA_RIOJA;96.62
2017-08;regional;mensual;CCAA_RIOJA;96.75
2017-09;regional;mensual;CCAA_RIOJA;96.49
2017-10;regional;mensual;CCAA_RIOJA;97.38
2017-11;regional;mensual;CCAA_RIOJA;98.02
2017-12;regional;mensual;CCAA_RIOJA;98.03
2018-01;regional;mensual;CCAA_RIOJA;96.14
2018-02;regional;mensual;CCAA_RIOJA;96.6
2018-03;regional;mensual;CCAA_RIOJA;96.93
2018-04;regional;mensual;CCAA_RIOJA;98.15
2018-05;regional;mensual;CCAA_RIOJA;98.77
2018-06;regional;mensual;CCAA_RIOJA;98.88
2018-07;regional;mensual;CCAA_RIOJA;97.56
2018-08;regional;mensual;CCAA_RIOJA;97.6
2018-09;regional;mensual;CCAA_RIOJA;97.16
2018-10;regional;mensual;CCAA_RIOJA;98.24
2018-11;regional;mensual;CCAA_RIOJA;98.77
2018-12;regional;mensual;CCAA_RIOJA;98.88
2019-01;regional;mensual;CCAA_RIOJA;96.89
2019-02;regional;mensual;CCAA_RIOJA;97.07
2019-03;regional;mensual;CCAA_RIOJA;97.32
2019-04;regional;mensual;CCAA_RIOJA;99.06
2019-05;regional;mensual;CCAA_RIOJA;99.5
2019-06;regional;mensual;CCAA_RIOJA;99.71
2019-07;regional;mensual;CCAA_RIOJA;98.26
2019-08;regional;mensual;CCAA_RIOJA;98.39
2019-09;regional;mensual;CCAA_RIOJA;98.25
2019-10;regional;mensual;CCAA_RIOJA;99.13
2019-11;regional;mensual;CCAA_RIOJA;99.8
2019-12;regional;mensual;CCAA_RIOJA;99.93
2020-01;regional;mensual;CCAA_RIOJA;97.87
2020-02;regional;mensual;CCAA_RIOJA;98.18
2020-03;regional;mensual;CCAA_RIOJA;98.54
2020-04;regional;mensual;CCAA_RIOJA;100.1
2020-05;regional;mensual;CCAA_RIOJA;100.41
2020-06;regional;mensual;CCAA_RIOJA;100.5
2020-07;regional;mensual;CCAA_RIOJA;98.51
2020-08;regional;mensual;CCAA_RIOJA;98.73
2020-09;regional;mensual;CCAA_RIOJA;98.5
2020-10;regional;mensual;CCAA_RIOJA;99.47
2020-11;regional;mensual;CCAA_RIOJA;99.9
2020-12;regional;mensual;CCAA_RIOJA;100.03
2021-01;regional;mensual;CCAA_RIOJA;98.46
2021-02;regional;mensual;CCAA_RIOJA;98.45
2021-03;regional;mensual;CCAA_RIOJA;98.7
2021-04;regional;mensual;CCAA_RIOJA;100.19
2021-05;regional;mensual;CCAA_RIOJA;100.46
2021-06;regional;mensual;CCAA_RIOJA;100.7
2021-07;regional;mensual;CCAA_RIOJA;99.35
2021-08;regional;mensual;CCAA_RIOJA;99.58
2021-09;regional;mensual;CCAA_RIOJA;99.61
2021-10;regional;mensual;CCAA_RIOJA;100.92
2021-11;regional;mensual;CCAA_RIOJA;101.57
2021-12;regional;mensual;CCAA_RIOJA;102.02
2022-01;regional;mensual;CCAA_RIOJA;101.03
2022-02;regional;mensual;CCAA_RIOJA;101.66
2022-03;regional;mensual;CCAA_RIOJA;102.43
2022-04;regional;mensual;CCAA_RIOJA;104.9
2022-05;regional;mensual;CCAA_RIOJA;105.66
2022-06;regional;mensual;CCAA_RIOJA;106.39
2022-07;regional;mensual;CCAA_RIOJA;105.98
2022-08;regional;mensual;CCAA_RIOJA;106.48
2022-09;regional;mensual;CCAA_RIOJA;106.57
2022-10;regional;mensual;CCAA_RIOJA;107.72
2022-11;regional;mensual;CCAA_RIOJA;108.54
2022-12;regional;mensual;CCAA_RIOJA;109.59
2023-01;regional;mensual;CCAA_RIOJA;109.29
2023-02;regional;mensual;CCAA_RIOJA;110.27
2023-03;regional;mensual;CCAA_RIOJA;111.01
2023-04;regional;mensual;CCAA_RIOJA;112.25
2023-05;regional;mensual;CCAA_RIOJA;112.33
2023-06;regional;mensual;CCAA_RIOJA;112.78
2023-07;regional;mensual;CCAA_RIOJA;113.03
2023-08;regional;mensual;CCAA_RIOJA;113.43
2023-09;regional;mensual;CCAA_RIOJA;113.01
2023-10;regional;mensual;CCAA_RIOJA;113.53
2023-11;regional;mensual;CCAA_RIOJA;113.77
2023-12;regional;mensual;CCAA_RIOJA;113.99
2024-01;regional;mensual;CCAA_RIOJA;113.34
2024-02;regional;mensual;CCAA_RIOJA;113.82
2024-03;regional;mensual;CCAA_RIOJA;114.51
2024-04;regional;mensual;CCAA_RIOJA;115.22
2024-05;regional;mensual;CCAA_RIOJA;115.55
2024-06;regional;mensual;CCAA_RIOJA;116.03
2024-07;regional;mensual;CCAA_RIOJA;115.96
2024-08;regional;mensual;CCAA_RIOJA;116.26
2002-01;regional;mensual;CCAA_CATALUNIA;69.77
2002-02;regional;mensual;CCAA_CATALUNIA;69.8
2002-03;regional;mensual;CCAA_CATALUNIA;70.3
2002-04;regional;mensual;CCAA_CATALUNIA;71.16
2002-05;regional;mensual;CCAA_CATALUNIA;71.4
2002-06;regional;mensual;CCAA_CATALUNIA;71.67
2002-07;regional;mensual;CCAA_CATALUNIA;71.0
2002-08;regional;mensual;CCAA_CATALUNIA;71.17
2002-09;regional;mensual;CCAA_CATALUNIA;71.3
2002-10;regional;mensual;CCAA_CATALUNIA;72.1
2002-11;regional;mensual;CCAA_CATALUNIA;72.39
2002-12;regional;mensual;CCAA_CATALUNIA;72.69
2003-01;regional;mensual;CCAA_CATALUNIA;72.24
2003-02;regional;mensual;CCAA_CATALUNIA;72.46
2003-03;regional;mensual;CCAA_CATALUNIA;72.91
2003-04;regional;mensual;CCAA_CATALUNIA;73.91
2003-05;regional;mensual;CCAA_CATALUNIA;73.93
2003-06;regional;mensual;CCAA_CATALUNIA;74.1
2003-07;regional;mensual;CCAA_CATALUNIA;73.4
2003-08;regional;mensual;CCAA_CATALUNIA;73.63
2003-09;regional;mensual;CCAA_CATALUNIA;73.67
2003-10;regional;mensual;CCAA_CATALUNIA;74.47
2003-11;regional;mensual;CCAA_CATALUNIA;74.72
2003-12;regional;mensual;CCAA_CATALUNIA;74.98
2004-01;regional;mensual;CCAA_CATALUNIA;74.34
2004-02;regional;mensual;CCAA_CATALUNIA;74.47
2004-03;regional;mensual;CCAA_CATALUNIA;74.88
2004-04;regional;mensual;CCAA_CATALUNIA;76.02
2004-05;regional;mensual;CCAA_CATALUNIA;76.29
2004-06;regional;mensual;CCAA_CATALUNIA;76.56
2004-07;regional;mensual;CCAA_CATALUNIA;75.83
2004-08;regional;mensual;CCAA_CATALUNIA;76.08
2004-09;regional;mensual;CCAA_CATALUNIA;76.19
2004-10;regional;mensual;CCAA_CATALUNIA;76.89
2004-11;regional;mensual;CCAA_CATALUNIA;77.22
2004-12;regional;mensual;CCAA_CATALUNIA;77.41
2005-01;regional;mensual;CCAA_CATALUNIA;76.85
2005-02;regional;mensual;CCAA_CATALUNIA;76.93
2005-03;regional;mensual;CCAA_CATALUNIA;77.48
2005-04;regional;mensual;CCAA_CATALUNIA;78.53
2005-05;regional;mensual;CCAA_CATALUNIA;78.79
2005-06;regional;mensual;CCAA_CATALUNIA;78.93
2005-07;regional;mensual;CCAA_CATALUNIA;78.17
2005-08;regional;mensual;CCAA_CATALUNIA;78.35
2005-09;regional;mensual;CCAA_CATALUNIA;78.55
2005-10;regional;mensual;CCAA_CATALUNIA;79.35
2005-11;regional;mensual;CCAA_CATALUNIA;79.73
2005-12;regional;mensual;CCAA_CATALUNIA;80.06
2006-01;regional;mensual;CCAA_CATALUNIA;79.39
2006-02;regional;mensual;CCAA_CATALUNIA;79.39
2006-03;regional;mensual;CCAA_CATALUNIA;79.96
2006-04;regional;mensual;CCAA_CATALUNIA;81.07
2006-05;regional;mensual;CCAA_CATALUNIA;81.29
2006-06;regional;mensual;CCAA_CATALUNIA;81.5
2006-07;regional;mensual;CCAA_CATALUNIA;80.75
2006-08;regional;mensual;CCAA_CATALUNIA;80.88
2006-09;regional;mensual;CCAA_CATALUNIA;80.97
2006-10;regional;mensual;CCAA_CATALUNIA;81.65
2006-11;regional;mensual;CCAA_CATALUNIA;81.99
2006-12;regional;mensual;CCAA_CATALUNIA;82.26
2007-01;regional;mensual;CCAA_CATALUNIA;81.69
2007-02;regional;mensual;CCAA_CATALUNIA;81.77
2007-03;regional;mensual;CCAA_CATALUNIA;82.28
2007-04;regional;mensual;CCAA_CATALUNIA;83.42
2007-05;regional;mensual;CCAA_CATALUNIA;83.58
2007-06;regional;mensual;CCAA_CATALUNIA;83.78
2007-07;regional;mensual;CCAA_CATALUNIA;83.02
2007-08;regional;mensual;CCAA_CATALUNIA;83.18
2007-09;regional;mensual;CCAA_CATALUNIA;83.3
2007-10;regional;mensual;CCAA_CATALUNIA;84.45
2007-11;regional;mensual;CCAA_CATALUNIA;84.8
2007-12;regional;mensual;CCAA_CATALUNIA;85.16
2008-01;regional;mensual;CCAA_CATALUNIA;84.35
2008-02;regional;mensual;CCAA_CATALUNIA;84.55
2008-03;regional;mensual;CCAA_CATALUNIA;85.11
2008-04;regional;mensual;CCAA_CATALUNIA;85.98
2008-05;regional;mensual;CCAA_CATALUNIA;86.29
2008-06;regional;mensual;CCAA_CATALUNIA;86.54
2008-07;regional;mensual;CCAA_CATALUNIA;85.84
2008-08;regional;mensual;CCAA_CATALUNIA;86.08
2008-09;regional;mensual;CCAA_CATALUNIA;86.15
2008-10;regional;mensual;CCAA_CATALUNIA;86.93
2008-11;regional;mensual;CCAA_CATALUNIA;87.15
2008-12;regional;mensual;CCAA_CATALUNIA;87.3
2009-01;regional;mensual;CCAA_CATALUNIA;86.24
2009-02;regional;mensual;CCAA_CATALUNIA;86.16
2009-03;regional;mensual;CCAA_CATALUNIA;86.53
2009-04;regional;mensual;CCAA_CATALUNIA;87.58
2009-05;regional;mensual;CCAA_CATALUNIA;87.51
2009-06;regional;mensual;CCAA_CATALUNIA;87.57
2009-07;regional;mensual;CCAA_CATALUNIA;86.68
2009-08;regional;mensual;CCAA_CATALUNIA;86.76
2009-09;regional;mensual;CCAA_CATALUNIA;86.66
2009-10;regional;mensual;CCAA_CATALUNIA;87.38
2009-11;regional;mensual;CCAA_CATALUNIA;87.73
2009-12;regional;mensual;CCAA_CATALUNIA;87.93
2010-01;regional;mensual;CCAA_CATALUNIA;86.67
2010-02;regional;mensual;CCAA_CATALUNIA;86.57
2010-03;regional;mensual;CCAA_CATALUNIA;87.06
2010-04;regional;mensual;CCAA_CATALUNIA;87.76
2010-05;regional;mensual;CCAA_CATALUNIA;87.96
2010-06;regional;mensual;CCAA_CATALUNIA;88.19
2010-07;regional;mensual;CCAA_CATALUNIA;87.64
2010-08;regional;mensual;CCAA_CATALUNIA;87.9
2010-09;regional;mensual;CCAA_CATALUNIA;87.88
2010-10;regional;mensual;CCAA_CATALUNIA;88.63
2010-11;regional;mensual;CCAA_CATALUNIA;88.97
2010-12;regional;mensual;CCAA_CATALUNIA;89.32
2011-01;regional;mensual;CCAA_CATALUNIA;88.11
2011-02;regional;mensual;CCAA_CATALUNIA;88.16
2011-03;regional;mensual;CCAA_CATALUNIA;88.54
2011-04;regional;mensual;CCAA_CATALUNIA;89.7
2011-05;regional;mensual;CCAA_CATALUNIA;89.87
2011-06;regional;mensual;CCAA_CATALUNIA;89.84
2011-07;regional;mensual;CCAA_CATALUNIA;89.21
2011-08;regional;mensual;CCAA_CATALUNIA;89.39
2011-09;regional;mensual;CCAA_CATALUNIA;89.45
2011-10;regional;mensual;CCAA_CATALUNIA;90.21
2011-11;regional;mensual;CCAA_CATALUNIA;90.56
2011-12;regional;mensual;CCAA_CATALUNIA;90.8
2012-01;regional;mensual;CCAA_CATALUNIA;89.45
2012-02;regional;mensual;CCAA_CATALUNIA;89.44
2012-03;regional;mensual;CCAA_CATALUNIA;89.89
2012-04;regional;mensual;CCAA_CATALUNIA;90.98
2012-05;regional;mensual;CCAA_CATALUNIA;91.13
2012-06;regional;mensual;CCAA_CATALUNIA;91.2
2012-07;regional;mensual;CCAA_CATALUNIA;90.96
2012-08;regional;mensual;CCAA_CATALUNIA;91.14
2012-09;regional;mensual;CCAA_CATALUNIA;91.91
2012-10;regional;mensual;CCAA_CATALUNIA;93.27
2012-11;regional;mensual;CCAA_CATALUNIA;93.37
2012-12;regional;mensual;CCAA_CATALUNIA;93.59
2013-01;regional;mensual;CCAA_CATALUNIA;92.12
2013-02;regional;mensual;CCAA_CATALUNIA;92.08
2013-03;regional;mensual;CCAA_CATALUNIA;92.58
2013-04;regional;mensual;CCAA_CATALUNIA;93.27
2013-05;regional;mensual;CCAA_CATALUNIA;93.63
2013-06;regional;mensual;CCAA_CATALUNIA;93.67
2013-07;regional;mensual;CCAA_CATALUNIA;92.86
2013-08;regional;mensual;CCAA_CATALUNIA;93.0
2013-09;regional;mensual;CCAA_CATALUNIA;92.88
2013-10;regional;mensual;CCAA_CATALUNIA;93.56
2013-11;regional;mensual;CCAA_CATALUNIA;93.79
2013-12;regional;mensual;CCAA_CATALUNIA;93.85
2014-01;regional;mensual;CCAA_CATALUNIA;92.46
2014-02;regional;mensual;CCAA_CATALUNIA;92.53
2014-03;regional;mensual;CCAA_CATALUNIA;92.93
2014-04;regional;mensual;CCAA_CATALUNIA;93.94
2014-05;regional;mensual;CCAA_CATALUNIA;94.03
2014-06;regional;mensual;CCAA_CATALUNIA;94.03
2014-07;regional;mensual;CCAA_CATALUNIA;93.17
2014-08;regional;mensual;CCAA_CATALUNIA;93.36
2014-09;regional;mensual;CCAA_CATALUNIA;93.11
2014-10;regional;mensual;CCAA_CATALUNIA;93.7
2014-11;regional;mensual;CCAA_CATALUNIA;94.05
2014-12;regional;mensual;CCAA_CATALUNIA;94.22
2015-01;regional;mensual;CCAA_CATALUNIA;92.97
2015-02;regional;mensual;CCAA_CATALUNIA;92.9
2015-03;regional;mensual;CCAA_CATALUNIA;93.36
2015-04;regional;mensual;CCAA_CATALUNIA;94.35
2015-05;regional;mensual;CCAA_CATALUNIA;94.69
2015-06;regional;mensual;CCAA_CATALUNIA;94.84
2015-07;regional;mensual;CCAA_CATALUNIA;94.16
2015-08;regional;mensual;CCAA_CATALUNIA;94.24
2015-09;regional;mensual;CCAA_CATALUNIA;94.17
2015-10;regional;mensual;CCAA_CATALUNIA;94.88
2015-11;regional;mensual;CCAA_CATALUNIA;95.22
2015-12;regional;mensual;CCAA_CATALUNIA;95.33
2016-01;regional;mensual;CCAA_CATALUNIA;94.03
2016-02;regional;mensual;CCAA_CATALUNIA;94.11
2016-03;regional;mensual;CCAA_CATALUNIA;94.55
2016-04;regional;mensual;CCAA_CATALUNIA;95.28
2016-05;regional;mensual;CCAA_CATALUNIA;95.57
2016-06;regional;mensual;CCAA_CATALUNIA;95.68
2016-07;regional;mensual;CCAA_CATALUNIA;94.97
2016-08;regional;mensual;CCAA_CATALUNIA;95.32
2016-09;regional;mensual;CCAA_CATALUNIA;95.2
2016-10;regional;mensual;CCAA_CATALUNIA;95.9
2016-11;regional;mensual;CCAA_CATALUNIA;96.29
2016-12;regional;mensual;CCAA_CATALUNIA;96.64
2017-01;regional;mensual;CCAA_CATALUNIA;95.19
2017-02;regional;mensual;CCAA_CATALUNIA;95.19
2017-03;regional;mensual;CCAA_CATALUNIA;95.64
2017-04;regional;mensual;CCAA_CATALUNIA;96.73
2017-05;regional;mensual;CCAA_CATALUNIA;96.84
2017-06;regional;mensual;CCAA_CATALUNIA;97.12
2017-07;regional;mensual;CCAA_CATALUNIA;96.65
2017-08;regional;mensual;CCAA_CATALUNIA;96.89
2017-09;regional;mensual;CCAA_CATALUNIA;96.6
2017-10;regional;mensual;CCAA_CATALUNIA;97.08
2017-11;regional;mensual;CCAA_CATALUNIA;97.35
2017-12;regional;mensual;CCAA_CATALUNIA;97.48
2018-01;regional;mensual;CCAA_CATALUNIA;96.18
2018-02;regional;mensual;CCAA_CATALUNIA;96.47
2018-03;regional;mensual;CCAA_CATALUNIA;96.94
2018-04;regional;mensual;CCAA_CATALUNIA;97.65
2018-05;regional;mensual;CCAA_CATALUNIA;98.12
2018-06;regional;mensual;CCAA_CATALUNIA;98.25
2018-07;regional;mensual;CCAA_CATALUNIA;97.6
2018-08;regional;mensual;CCAA_CATALUNIA;97.73
2018-09;regional;mensual;CCAA_CATALUNIA;97.48
2018-10;regional;mensual;CCAA_CATALUNIA;98.15
2018-11;regional;mensual;CCAA_CATALUNIA;98.28
2018-12;regional;mensual;CCAA_CATALUNIA;98.5
2019-01;regional;mensual;CCAA_CATALUNIA;97.08
2019-02;regional;mensual;CCAA_CATALUNIA;97.25
2019-03;regional;mensual;CCAA_CATALUNIA;97.74
2019-04;regional;mensual;CCAA_CATALUNIA;98.84
2019-05;regional;mensual;CCAA_CATALUNIA;98.99
2019-06;regional;mensual;CCAA_CATALUNIA;99.37
2019-07;regional;mensual;CCAA_CATALUNIA;98.67
2019-08;regional;mensual;CCAA_CATALUNIA;98.91
2019-09;regional;mensual;CCAA_CATALUNIA;98.67
2019-10;regional;mensual;CCAA_CATALUNIA;99.34
2019-11;regional;mensual;CCAA_CATALUNIA;99.52
2019-12;regional;mensual;CCAA_CATALUNIA;99.74
2020-01;regional;mensual;CCAA_CATALUNIA;98.24
2020-02;regional;mensual;CCAA_CATALUNIA;98.56
2020-03;regional;mensual;CCAA_CATALUNIA;98.95
2020-04;regional;mensual;CCAA_CATALUNIA;99.98
2020-05;regional;mensual;CCAA_CATALUNIA;100.06
2020-06;regional;mensual;CCAA_CATALUNIA;100.19
2020-07;regional;mensual;CCAA_CATALUNIA;99.08
2020-08;regional;mensual;CCAA_CATALUNIA;99.1
2020-09;regional;mensual;CCAA_CATALUNIA;99.05
2020-10;regional;mensual;CCAA_CATALUNIA;99.37
2020-11;regional;mensual;CCAA_CATALUNIA;99.63
2020-12;regional;mensual;CCAA_CATALUNIA;99.78
2021-01;regional;mensual;CCAA_CATALUNIA;98.84
2021-02;regional;mensual;CCAA_CATALUNIA;98.82
2021-03;regional;mensual;CCAA_CATALUNIA;99.11
2021-04;regional;mensual;CCAA_CATALUNIA;99.88
2021-05;regional;mensual;CCAA_CATALUNIA;100.19
2021-06;regional;mensual;CCAA_CATALUNIA;100.34
2021-07;regional;mensual;CCAA_CATALUNIA;99.61
2021-08;regional;mensual;CCAA_CATALUNIA;99.73
2021-09;regional;mensual;CCAA_CATALUNIA;99.89
2021-10;regional;mensual;CCAA_CATALUNIA;100.73
2021-11;regional;mensual;CCAA_CATALUNIA;101.25
2021-12;regional;mensual;CCAA_CATALUNIA;101.62
2022-01;regional;mensual;CCAA_CATALUNIA;101.12
2022-02;regional;mensual;CCAA_CATALUNIA;101.73
2022-03;regional;mensual;CCAA_CATALUNIA;102.46
2022-04;regional;mensual;CCAA_CATALUNIA;104.03
2022-05;regional;mensual;CCAA_CATALUNIA;104.73
2022-06;regional;mensual;CCAA_CATALUNIA;105.51
2022-07;regional;mensual;CCAA_CATALUNIA;105.36
2022-08;regional;mensual;CCAA_CATALUNIA;105.88
2022-09;regional;mensual;CCAA_CATALUNIA;105.75
2022-10;regional;mensual;CCAA_CATALUNIA;106.52
2022-11;regional;mensual;CCAA_CATALUNIA;107.41
2022-12;regional;mensual;CCAA_CATALUNIA;108.25
2023-01;regional;mensual;CCAA_CATALUNIA;108.14
2023-02;regional;mensual;CCAA_CATALUNIA;108.98
2023-03;regional;mensual;CCAA_CATALUNIA;109.86
2023-04;regional;mensual;CCAA_CATALUNIA;110.79
2023-05;regional;mensual;CCAA_CATALUNIA;111.16
2023-06;regional;mensual;CCAA_CATALUNIA;111.71
2023-07;regional;mensual;CCAA_CATALUNIA;111.92
2023-08;regional;mensual;CCAA_CATALUNIA;112.22
2023-09;regional;mensual;CCAA_CATALUNIA;111.86
2023-10;regional;mensual;CCAA_CATALUNIA;112.16
2023-11;regional;mensual;CCAA_CATALUNIA;112.17
2023-12;regional;mensual;CCAA_CATALUNIA;112.58
2024-01;regional;mensual;CCAA_CATALUNIA;112.1
2024-02;regional;mensual;CCAA_CATALUNIA;112.72
2024-03;regional;mensual;CCAA_CATALUNIA;113.56
2024-04;regional;mensual;CCAA_CATALUNIA;114.12
2024-05;regional;mensual;CCAA_CATALUNIA;114.64
2024-06;regional;mensual;CCAA_CATALUNIA;115.36
2024-07;regional;mensual;CCAA_CATALUNIA;115.17
2024-08;regional;mensual;CCAA_CATALUNIA;115.46
2002-01;regional;mensual;CCAA_REGION_MURCIA;73.44
2002-02;regional;mensual;CCAA_REGION_MURCIA;73.69
2002-03;regional;mensual;CCAA_REGION_MURCIA;74.22
2002-04;regional;mensual;CCAA_REGION_MURCIA;75.38
2002-05;regional;mensual;CCAA_REGION_MURCIA;75.86
2002-06;regional;mensual;CCAA_REGION_MURCIA;75.97
2002-07;regional;mensual;CCAA_REGION_MURCIA;74.95
2002-08;regional;mensual;CCAA_REGION_MURCIA;75.23
2002-09;regional;mensual;CCAA_REGION_MURCIA;75.5
2002-10;regional;mensual;CCAA_REGION_MURCIA;76.21
2002-11;regional;mensual;CCAA_REGION_MURCIA;76.99
2002-12;regional;mensual;CCAA_REGION_MURCIA;77.01
2003-01;regional;mensual;CCAA_REGION_MURCIA;76.34
2003-02;regional;mensual;CCAA_REGION_MURCIA;76.69
2003-03;regional;mensual;CCAA_REGION_MURCIA;77.33
2003-04;regional;mensual;CCAA_REGION_MURCIA;78.46
2003-05;regional;mensual;CCAA_REGION_MURCIA;78.59
2003-06;regional;mensual;CCAA_REGION_MURCIA;78.6
2003-07;regional;mensual;CCAA_REGION_MURCIA;77.54
2003-08;regional;mensual;CCAA_REGION_MURCIA;77.7
2003-09;regional;mensual;CCAA_REGION_MURCIA;77.99
2003-10;regional;mensual;CCAA_REGION_MURCIA;79.06
2003-11;regional;mensual;CCAA_REGION_MURCIA;79.27
2003-12;regional;mensual;CCAA_REGION_MURCIA;79.35
2004-01;regional;mensual;CCAA_REGION_MURCIA;78.55
2004-02;regional;mensual;CCAA_REGION_MURCIA;78.76
2004-03;regional;mensual;CCAA_REGION_MURCIA;79.17
2004-04;regional;mensual;CCAA_REGION_MURCIA;80.45
2004-05;regional;mensual;CCAA_REGION_MURCIA;80.94
2004-06;regional;mensual;CCAA_REGION_MURCIA;81.09
2004-07;regional;mensual;CCAA_REGION_MURCIA;79.86
2004-08;regional;mensual;CCAA_REGION_MURCIA;80.04
2004-09;regional;mensual;CCAA_REGION_MURCIA;80.23
2004-10;regional;mensual;CCAA_REGION_MURCIA;81.33
2004-11;regional;mensual;CCAA_REGION_MURCIA;81.61
2004-12;regional;mensual;CCAA_REGION_MURCIA;81.7
2005-01;regional;mensual;CCAA_REGION_MURCIA;80.51
2005-02;regional;mensual;CCAA_REGION_MURCIA;80.69
2005-03;regional;mensual;CCAA_REGION_MURCIA;81.19
2005-04;regional;mensual;CCAA_REGION_MURCIA;82.78
2005-05;regional;mensual;CCAA_REGION_MURCIA;82.92
2005-06;regional;mensual;CCAA_REGION_MURCIA;83.08
2005-07;regional;mensual;CCAA_REGION_MURCIA;81.77
2005-08;regional;mensual;CCAA_REGION_MURCIA;82.02
2005-09;regional;mensual;CCAA_REGION_MURCIA;82.34
2005-10;regional;mensual;CCAA_REGION_MURCIA;83.82
2005-11;regional;mensual;CCAA_REGION_MURCIA;84.4
2005-12;regional;mensual;CCAA_REGION_MURCIA;84.43
2006-01;regional;mensual;CCAA_REGION_MURCIA;83.25
2006-02;regional;mensual;CCAA_REGION_MURCIA;83.49
2006-03;regional;mensual;CCAA_REGION_MURCIA;84.09
2006-04;regional;mensual;CCAA_REGION_MURCIA;85.57
2006-05;regional;mensual;CCAA_REGION_MURCIA;85.66
2006-06;regional;mensual;CCAA_REGION_MURCIA;85.8
2006-07;regional;mensual;CCAA_REGION_MURCIA;84.65
2006-08;regional;mensual;CCAA_REGION_MURCIA;84.79
2006-09;regional;mensual;CCAA_REGION_MURCIA;85.03
2006-10;regional;mensual;CCAA_REGION_MURCIA;86.07
2006-11;regional;mensual;CCAA_REGION_MURCIA;86.42
2006-12;regional;mensual;CCAA_REGION_MURCIA;86.38
2007-01;regional;mensual;CCAA_REGION_MURCIA;85.22
2007-02;regional;mensual;CCAA_REGION_MURCIA;85.61
2007-03;regional;mensual;CCAA_REGION_MURCIA;86.12
2007-04;regional;mensual;CCAA_REGION_MURCIA;87.71
2007-05;regional;mensual;CCAA_REGION_MURCIA;87.76
2007-06;regional;mensual;CCAA_REGION_MURCIA;87.74
2007-07;regional;mensual;CCAA_REGION_MURCIA;86.46
2007-08;regional;mensual;CCAA_REGION_MURCIA;86.71
2007-09;regional;mensual;CCAA_REGION_MURCIA;86.97
2007-10;regional;mensual;CCAA_REGION_MURCIA;88.55
2007-11;regional;mensual;CCAA_REGION_MURCIA;89.13
2007-12;regional;mensual;CCAA_REGION_MURCIA;89.22
2008-01;regional;mensual;CCAA_REGION_MURCIA;88.04
2008-02;regional;mensual;CCAA_REGION_MURCIA;88.46
2008-03;regional;mensual;CCAA_REGION_MURCIA;88.95
2008-04;regional;mensual;CCAA_REGION_MURCIA;90.35
2008-05;regional;mensual;CCAA_REGION_MURCIA;90.51
2008-06;regional;mensual;CCAA_REGION_MURCIA;90.56
2008-07;regional;mensual;CCAA_REGION_MURCIA;89.35
2008-08;regional;mensual;CCAA_REGION_MURCIA;89.59
2008-09;regional;mensual;CCAA_REGION_MURCIA;89.79
2008-10;regional;mensual;CCAA_REGION_MURCIA;91.12
2008-11;regional;mensual;CCAA_REGION_MURCIA;91.59
2008-12;regional;mensual;CCAA_REGION_MURCIA;91.37
2009-01;regional;mensual;CCAA_REGION_MURCIA;89.51
2009-02;regional;mensual;CCAA_REGION_MURCIA;89.54
2009-03;regional;mensual;CCAA_REGION_MURCIA;89.82
2009-04;regional;mensual;CCAA_REGION_MURCIA;91.34
2009-05;regional;mensual;CCAA_REGION_MURCIA;91.15
2009-06;regional;mensual;CCAA_REGION_MURCIA;91.03
2009-07;regional;mensual;CCAA_REGION_MURCIA;89.78
2009-08;regional;mensual;CCAA_REGION_MURCIA;89.77
2009-09;regional;mensual;CCAA_REGION_MURCIA;89.68
2009-10;regional;mensual;CCAA_REGION_MURCIA;90.64
2009-11;regional;mensual;CCAA_REGION_MURCIA;91.25
2009-12;regional;mensual;CCAA_REGION_MURCIA;91.21
2010-01;regional;mensual;CCAA_REGION_MURCIA;89.41
2010-02;regional;mensual;CCAA_REGION_MURCIA;89.33
2010-03;regional;mensual;CCAA_REGION_MURCIA;89.8
2010-04;regional;mensual;CCAA_REGION_MURCIA;91.01
2010-05;regional;mensual;CCAA_REGION_MURCIA;91.12
2010-06;regional;mensual;CCAA_REGION_MURCIA;91.43
2010-07;regional;mensual;CCAA_REGION_MURCIA;90.44
2010-08;regional;mensual;CCAA_REGION_MURCIA;90.66
2010-09;regional;mensual;CCAA_REGION_MURCIA;90.64
2010-10;regional;mensual;CCAA_REGION_MURCIA;91.75
2010-11;regional;mensual;CCAA_REGION_MURCIA;92.3
2010-12;regional;mensual;CCAA_REGION_MURCIA;92.52
2011-01;regional;mensual;CCAA_REGION_MURCIA;90.83
2011-02;regional;mensual;CCAA_REGION_MURCIA;90.96
2011-03;regional;mensual;CCAA_REGION_MURCIA;91.43
2011-04;regional;mensual;CCAA_REGION_MURCIA;92.85
2011-05;regional;mensual;CCAA_REGION_MURCIA;92.94
2011-06;regional;mensual;CCAA_REGION_MURCIA;92.74
2011-07;regional;mensual;CCAA_REGION_MURCIA;91.62
2011-08;regional;mensual;CCAA_REGION_MURCIA;91.84
2011-09;regional;mensual;CCAA_REGION_MURCIA;91.95
2011-10;regional;mensual;CCAA_REGION_MURCIA;93.15
2011-11;regional;mensual;CCAA_REGION_MURCIA;93.77
2011-12;regional;mensual;CCAA_REGION_MURCIA;93.78
2012-01;regional;mensual;CCAA_REGION_MURCIA;91.86
2012-02;regional;mensual;CCAA_REGION_MURCIA;91.79
2012-03;regional;mensual;CCAA_REGION_MURCIA;92.21
2012-04;regional;mensual;CCAA_REGION_MURCIA;93.82
2012-05;regional;mensual;CCAA_REGION_MURCIA;93.95
2012-06;regional;mensual;CCAA_REGION_MURCIA;93.98
2012-07;regional;mensual;CCAA_REGION_MURCIA;92.95
2012-08;regional;mensual;CCAA_REGION_MURCIA;93.18
2012-09;regional;mensual;CCAA_REGION_MURCIA;93.98
2012-10;regional;mensual;CCAA_REGION_MURCIA;95.61
2012-11;regional;mensual;CCAA_REGION_MURCIA;96.01
2012-12;regional;mensual;CCAA_REGION_MURCIA;95.94
2013-01;regional;mensual;CCAA_REGION_MURCIA;94.13
2013-02;regional;mensual;CCAA_REGION_MURCIA;94.18
2013-03;regional;mensual;CCAA_REGION_MURCIA;94.65
2013-04;regional;mensual;CCAA_REGION_MURCIA;95.84
2013-05;regional;mensual;CCAA_REGION_MURCIA;96.14
2013-06;regional;mensual;CCAA_REGION_MURCIA;96.12
2013-07;regional;mensual;CCAA_REGION_MURCIA;94.8
2013-08;regional;mensual;CCAA_REGION_MURCIA;94.96
2013-09;regional;mensual;CCAA_REGION_MURCIA;94.77
2013-10;regional;mensual;CCAA_REGION_MURCIA;95.88
2013-11;regional;mensual;CCAA_REGION_MURCIA;96.42
2013-12;regional;mensual;CCAA_REGION_MURCIA;96.26
2014-01;regional;mensual;CCAA_REGION_MURCIA;94.28
2014-02;regional;mensual;CCAA_REGION_MURCIA;94.34
2014-03;regional;mensual;CCAA_REGION_MURCIA;94.63
2014-04;regional;mensual;CCAA_REGION_MURCIA;96.08
2014-05;regional;mensual;CCAA_REGION_MURCIA;96.0
2014-06;regional;mensual;CCAA_REGION_MURCIA;95.99
2014-07;regional;mensual;CCAA_REGION_MURCIA;94.53
2014-08;regional;mensual;CCAA_REGION_MURCIA;94.64
2014-09;regional;mensual;CCAA_REGION_MURCIA;94.63
2014-10;regional;mensual;CCAA_REGION_MURCIA;95.64
2014-11;regional;mensual;CCAA_REGION_MURCIA;96.2
2014-12;regional;mensual;CCAA_REGION_MURCIA;96.09
2015-01;regional;mensual;CCAA_REGION_MURCIA;94.27
2015-02;regional;mensual;CCAA_REGION_MURCIA;94.26
2015-03;regional;mensual;CCAA_REGION_MURCIA;94.67
2015-04;regional;mensual;CCAA_REGION_MURCIA;96.09
2015-05;regional;mensual;CCAA_REGION_MURCIA;96.37
2015-06;regional;mensual;CCAA_REGION_MURCIA;96.39
2015-07;regional;mensual;CCAA_REGION_MURCIA;95.19
2015-08;regional;mensual;CCAA_REGION_MURCIA;95.27
2015-09;regional;mensual;CCAA_REGION_MURCIA;95.34
2015-10;regional;mensual;CCAA_REGION_MURCIA;96.45
2015-11;regional;mensual;CCAA_REGION_MURCIA;97.08
2015-12;regional;mensual;CCAA_REGION_MURCIA;96.9
2016-01;regional;mensual;CCAA_REGION_MURCIA;95.28
2016-02;regional;mensual;CCAA_REGION_MURCIA;95.3
2016-03;regional;mensual;CCAA_REGION_MURCIA;95.74
2016-04;regional;mensual;CCAA_REGION_MURCIA;96.79
2016-05;regional;mensual;CCAA_REGION_MURCIA;97.12
2016-06;regional;mensual;CCAA_REGION_MURCIA;97.08
2016-07;regional;mensual;CCAA_REGION_MURCIA;95.86
2016-08;regional;mensual;CCAA_REGION_MURCIA;96.27
2016-09;regional;mensual;CCAA_REGION_MURCIA;96.12
2016-10;regional;mensual;CCAA_REGION_MURCIA;97.21
2016-11;regional;mensual;CCAA_REGION_MURCIA;97.82
2016-12;regional;mensual;CCAA_REGION_MURCIA;97.81
2017-01;regional;mensual;CCAA_REGION_MURCIA;96.25
2017-02;regional;mensual;CCAA_REGION_MURCIA;96.13
2017-03;regional;mensual;CCAA_REGION_MURCIA;96.39
2017-04;regional;mensual;CCAA_REGION_MURCIA;97.8
2017-05;regional;mensual;CCAA_REGION_MURCIA;97.77
2017-06;regional;mensual;CCAA_REGION_MURCIA;97.83
2017-07;regional;mensual;CCAA_REGION_MURCIA;96.65
2017-08;regional;mensual;CCAA_REGION_MURCIA;96.92
2017-09;regional;mensual;CCAA_REGION_MURCIA;96.64
2017-10;regional;mensual;CCAA_REGION_MURCIA;97.56
2017-11;regional;mensual;CCAA_REGION_MURCIA;98.21
2017-12;regional;mensual;CCAA_REGION_MURCIA;98.12
2018-01;regional;mensual;CCAA_REGION_MURCIA;96.54
2018-02;regional;mensual;CCAA_REGION_MURCIA;96.77
2018-03;regional;mensual;CCAA_REGION_MURCIA;97.11
2018-04;regional;mensual;CCAA_REGION_MURCIA;98.25
2018-05;regional;mensual;CCAA_REGION_MURCIA;98.4
2018-06;regional;mensual;CCAA_REGION_MURCIA;98.47
2018-07;regional;mensual;CCAA_REGION_MURCIA;97.29
2018-08;regional;mensual;CCAA_REGION_MURCIA;97.4
2018-09;regional;mensual;CCAA_REGION_MURCIA;97.23
2018-10;regional;mensual;CCAA_REGION_MURCIA;98.28
2018-11;regional;mensual;CCAA_REGION_MURCIA;98.75
2018-12;regional;mensual;CCAA_REGION_MURCIA;98.72
2019-01;regional;mensual;CCAA_REGION_MURCIA;97.06
2019-02;regional;mensual;CCAA_REGION_MURCIA;97.11
2019-03;regional;mensual;CCAA_REGION_MURCIA;97.51
2019-04;regional;mensual;CCAA_REGION_MURCIA;98.84
2019-05;regional;mensual;CCAA_REGION_MURCIA;98.93
2019-06;regional;mensual;CCAA_REGION_MURCIA;99.17
2019-07;regional;mensual;CCAA_REGION_MURCIA;97.93
2019-08;regional;mensual;CCAA_REGION_MURCIA;98.17
2019-09;regional;mensual;CCAA_REGION_MURCIA;98.1
2019-10;regional;mensual;CCAA_REGION_MURCIA;99.05
2019-11;regional;mensual;CCAA_REGION_MURCIA;99.69
2019-12;regional;mensual;CCAA_REGION_MURCIA;99.47
2020-01;regional;mensual;CCAA_REGION_MURCIA;97.96
2020-02;regional;mensual;CCAA_REGION_MURCIA;98.22
2020-03;regional;mensual;CCAA_REGION_MURCIA;98.55
2020-04;regional;mensual;CCAA_REGION_MURCIA;99.89
2020-05;regional;mensual;CCAA_REGION_MURCIA;100.02
2020-06;regional;mensual;CCAA_REGION_MURCIA;100.11
2020-07;regional;mensual;CCAA_REGION_MURCIA;98.78
2020-08;regional;mensual;CCAA_REGION_MURCIA;98.82
2020-09;regional;mensual;CCAA_REGION_MURCIA;98.69
2020-10;regional;mensual;CCAA_REGION_MURCIA;99.67
2020-11;regional;mensual;CCAA_REGION_MURCIA;100.17
2020-12;regional;mensual;CCAA_REGION_MURCIA;99.98
2021-01;regional;mensual;CCAA_REGION_MURCIA;98.71
2021-02;regional;mensual;CCAA_REGION_MURCIA;98.63
2021-03;regional;mensual;CCAA_REGION_MURCIA;98.9
2021-04;regional;mensual;CCAA_REGION_MURCIA;100.09
2021-05;regional;mensual;CCAA_REGION_MURCIA;100.39
2021-06;regional;mensual;CCAA_REGION_MURCIA;100.35
2021-07;regional;mensual;CCAA_REGION_MURCIA;99.14
2021-08;regional;mensual;CCAA_REGION_MURCIA;99.42
2021-09;regional;mensual;CCAA_REGION_MURCIA;99.67
2021-10;regional;mensual;CCAA_REGION_MURCIA;100.99
2021-11;regional;mensual;CCAA_REGION_MURCIA;101.79
2021-12;regional;mensual;CCAA_REGION_MURCIA;101.9
2022-01;regional;mensual;CCAA_REGION_MURCIA;101.43
2022-02;regional;mensual;CCAA_REGION_MURCIA;101.85
2022-03;regional;mensual;CCAA_REGION_MURCIA;102.74
2022-04;regional;mensual;CCAA_REGION_MURCIA;104.51
2022-05;regional;mensual;CCAA_REGION_MURCIA;105.78
2022-06;regional;mensual;CCAA_REGION_MURCIA;106.44
2022-07;regional;mensual;CCAA_REGION_MURCIA;106.03
2022-08;regional;mensual;CCAA_REGION_MURCIA;106.52
2022-09;regional;mensual;CCAA_REGION_MURCIA;106.67
2022-10;regional;mensual;CCAA_REGION_MURCIA;107.67
2022-11;regional;mensual;CCAA_REGION_MURCIA;108.88
2022-12;regional;mensual;CCAA_REGION_MURCIA;109.71
2023-01;regional;mensual;CCAA_REGION_MURCIA;109.5
2023-02;regional;mensual;CCAA_REGION_MURCIA;110.4
2023-03;regional;mensual;CCAA_REGION_MURCIA;110.91
2023-04;regional;mensual;CCAA_REGION_MURCIA;111.98
2023-05;regional;mensual;CCAA_REGION_MURCIA;112.17
2023-06;regional;mensual;CCAA_REGION_MURCIA;112.75
2023-07;regional;mensual;CCAA_REGION_MURCIA;112.66
2023-08;regional;mensual;CCAA_REGION_MURCIA;112.98
2023-09;regional;mensual;CCAA_REGION_MURCIA;112.89
2023-10;regional;mensual;CCAA_REGION_MURCIA;113.15
2023-11;regional;mensual;CCAA_REGION_MURCIA;113.35
2023-12;regional;mensual;CCAA_REGION_MURCIA;113.63
2024-01;regional;mensual;CCAA_REGION_MURCIA;113.71
2024-02;regional;mensual;CCAA_REGION_MURCIA;114.13
2024-03;regional;mensual;CCAA_REGION_MURCIA;114.79
2024-04;regional;mensual;CCAA_REGION_MURCIA;115.28
2024-05;regional;mensual;CCAA_REGION_MURCIA;115.89
2024-06;regional;mensual;CCAA_REGION_MURCIA;116.22
2024-07;regional;mensual;CCAA_REGION_MURCIA;115.59
2024-08;regional;mensual;CCAA_REGION_MURCIA;115.81
2002-01;regional;mensual;CCAA_CEUTA;78.58
2002-02;regional;mensual;CCAA_CEUTA;78.53
2002-03;regional;mensual;CCAA_CEUTA;79.53
2002-04;regional;mensual;CCAA_CEUTA;80.36
2002-05;regional;mensual;CCAA_CEUTA;80.97
2002-06;regional;mensual;CCAA_CEUTA;81.14
2002-07;regional;mensual;CCAA_CEUTA;79.4
2002-08;regional;mensual;CCAA_CEUTA;79.54
2002-09;regional;mensual;CCAA_CEUTA;80.2
2002-10;regional;mensual;CCAA_CEUTA;80.99
2002-11;regional;mensual;CCAA_CEUTA;81.25
2002-12;regional;mensual;CCAA_CEUTA;81.45
2003-01;regional;mensual;CCAA_CEUTA;80.71
2003-02;regional;mensual;CCAA_CEUTA;80.79
2003-03;regional;mensual;CCAA_CEUTA;81.85
2003-04;regional;mensual;CCAA_CEUTA;83.17
2003-05;regional;mensual;CCAA_CEUTA;83.36
2003-06;regional;mensual;CCAA_CEUTA;83.31
2003-07;regional;mensual;CCAA_CEUTA;81.33
2003-08;regional;mensual;CCAA_CEUTA;81.41
2003-09;regional;mensual;CCAA_CEUTA;81.9
2003-10;regional;mensual;CCAA_CEUTA;82.86
2003-11;regional;mensual;CCAA_CEUTA;83.29
2003-12;regional;mensual;CCAA_CEUTA;83.37
2004-01;regional;mensual;CCAA_CEUTA;81.98
2004-02;regional;mensual;CCAA_CEUTA;82.29
2004-03;regional;mensual;CCAA_CEUTA;83.03
2004-04;regional;mensual;CCAA_CEUTA;84.83
2004-05;regional;mensual;CCAA_CEUTA;85.36
2004-06;regional;mensual;CCAA_CEUTA;85.51
2004-07;regional;mensual;CCAA_CEUTA;83.69
2004-08;regional;mensual;CCAA_CEUTA;83.94
2004-09;regional;mensual;CCAA_CEUTA;84.36
2004-10;regional;mensual;CCAA_CEUTA;85.27
2004-11;regional;mensual;CCAA_CEUTA;85.41
2004-12;regional;mensual;CCAA_CEUTA;85.53
2005-01;regional;mensual;CCAA_CEUTA;83.89
2005-02;regional;mensual;CCAA_CEUTA;84.04
2005-03;regional;mensual;CCAA_CEUTA;84.95
2005-04;regional;mensual;CCAA_CEUTA;86.54
2005-05;regional;mensual;CCAA_CEUTA;86.64
2005-06;regional;mensual;CCAA_CEUTA;86.75
2005-07;regional;mensual;CCAA_CEUTA;85.21
2005-08;regional;mensual;CCAA_CEUTA;85.31
2005-09;regional;mensual;CCAA_CEUTA;86.21
2005-10;regional;mensual;CCAA_CEUTA;87.42
2005-11;regional;mensual;CCAA_CEUTA;87.74
2005-12;regional;mensual;CCAA_CEUTA;87.98
2006-01;regional;mensual;CCAA_CEUTA;86.31
2006-02;regional;mensual;CCAA_CEUTA;86.46
2006-03;regional;mensual;CCAA_CEUTA;87.41
2006-04;regional;mensual;CCAA_CEUTA;88.99
2006-05;regional;mensual;CCAA_CEUTA;89.16
2006-06;regional;mensual;CCAA_CEUTA;89.34
2006-07;regional;mensual;CCAA_CEUTA;87.62
2006-08;regional;mensual;CCAA_CEUTA;87.69
2006-09;regional;mensual;CCAA_CEUTA;88.32
2006-10;regional;mensual;CCAA_CEUTA;89.22
2006-11;regional;mensual;CCAA_CEUTA;89.34
2006-12;regional;mensual;CCAA_CEUTA;89.48
2007-01;regional;mensual;CCAA_CEUTA;88.04
2007-02;regional;mensual;CCAA_CEUTA;87.91
2007-03;regional;mensual;CCAA_CEUTA;88.97
2007-04;regional;mensual;CCAA_CEUTA;90.57
2007-05;regional;mensual;CCAA_CEUTA;90.59
2007-06;regional;mensual;CCAA_CEUTA;90.78
2007-07;regional;mensual;CCAA_CEUTA;88.81
2007-08;regional;mensual;CCAA_CEUTA;89.03
2007-09;regional;mensual;CCAA_CEUTA;89.67
2007-10;regional;mensual;CCAA_CEUTA;90.91
2007-11;regional;mensual;CCAA_CEUTA;91.44
2007-12;regional;mensual;CCAA_CEUTA;91.7
2008-01;regional;mensual;CCAA_CEUTA;90.61
2008-02;regional;mensual;CCAA_CEUTA;90.53
2008-03;regional;mensual;CCAA_CEUTA;91.85
2008-04;regional;mensual;CCAA_CEUTA;93.56
2008-05;regional;mensual;CCAA_CEUTA;93.76
2008-06;regional;mensual;CCAA_CEUTA;93.94
2008-07;regional;mensual;CCAA_CEUTA;92.18
2008-08;regional;mensual;CCAA_CEUTA;92.26
2008-09;regional;mensual;CCAA_CEUTA;92.76
2008-10;regional;mensual;CCAA_CEUTA;93.84
2008-11;regional;mensual;CCAA_CEUTA;93.97
2008-12;regional;mensual;CCAA_CEUTA;94.1
2009-01;regional;mensual;CCAA_CEUTA;92.73
2009-02;regional;mensual;CCAA_CEUTA;92.54
2009-03;regional;mensual;CCAA_CEUTA;93.73
2009-04;regional;mensual;CCAA_CEUTA;95.23
2009-05;regional;mensual;CCAA_CEUTA;94.88
2009-06;regional;mensual;CCAA_CEUTA;94.88
2009-07;regional;mensual;CCAA_CEUTA;92.89
2009-08;regional;mensual;CCAA_CEUTA;92.86
2009-09;regional;mensual;CCAA_CEUTA;93.25
2009-10;regional;mensual;CCAA_CEUTA;94.44
2009-11;regional;mensual;CCAA_CEUTA;94.52
2009-12;regional;mensual;CCAA_CEUTA;94.61
2010-01;regional;mensual;CCAA_CEUTA;92.78
2010-02;regional;mensual;CCAA_CEUTA;92.67
2010-03;regional;mensual;CCAA_CEUTA;93.84
2010-04;regional;mensual;CCAA_CEUTA;94.94
2010-05;regional;mensual;CCAA_CEUTA;94.95
2010-06;regional;mensual;CCAA_CEUTA;95.12
2010-07;regional;mensual;CCAA_CEUTA;93.13
2010-08;regional;mensual;CCAA_CEUTA;93.44
2010-09;regional;mensual;CCAA_CEUTA;93.86
2010-10;regional;mensual;CCAA_CEUTA;94.77
2010-11;regional;mensual;CCAA_CEUTA;94.99
2010-12;regional;mensual;CCAA_CEUTA;95.43
2011-01;regional;mensual;CCAA_CEUTA;93.59
2011-02;regional;mensual;CCAA_CEUTA;93.64
2011-03;regional;mensual;CCAA_CEUTA;94.69
2011-04;regional;mensual;CCAA_CEUTA;96.37
2011-05;regional;mensual;CCAA_CEUTA;96.37
2011-06;regional;mensual;CCAA_CEUTA;96.29
2011-07;regional;mensual;CCAA_CEUTA;94.49
2011-08;regional;mensual;CCAA_CEUTA;94.62
2011-09;regional;mensual;CCAA_CEUTA;95.31
2011-10;regional;mensual;CCAA_CEUTA;96.54
2011-11;regional;mensual;CCAA_CEUTA;96.6
2011-12;regional;mensual;CCAA_CEUTA;96.69
2012-01;regional;mensual;CCAA_CEUTA;94.83
2012-02;regional;mensual;CCAA_CEUTA;94.72
2012-03;regional;mensual;CCAA_CEUTA;95.81
2012-04;regional;mensual;CCAA_CEUTA;97.13
2012-05;regional;mensual;CCAA_CEUTA;97.31
2012-06;regional;mensual;CCAA_CEUTA;97.47
2012-07;regional;mensual;CCAA_CEUTA;95.94
2012-08;regional;mensual;CCAA_CEUTA;95.94
2012-09;regional;mensual;CCAA_CEUTA;96.95
2012-10;regional;mensual;CCAA_CEUTA;98.44
2012-11;regional;mensual;CCAA_CEUTA;98.48
2012-12;regional;mensual;CCAA_CEUTA;98.53
2013-01;regional;mensual;CCAA_CEUTA;96.53
2013-02;regional;mensual;CCAA_CEUTA;96.17
2013-03;regional;mensual;CCAA_CEUTA;97.01
2013-04;regional;mensual;CCAA_CEUTA;98.15
2013-05;regional;mensual;CCAA_CEUTA;98.42
2013-06;regional;mensual;CCAA_CEUTA;98.65
2013-07;regional;mensual;CCAA_CEUTA;96.69
2013-08;regional;mensual;CCAA_CEUTA;96.8
2013-09;regional;mensual;CCAA_CEUTA;97.09
2013-10;regional;mensual;CCAA_CEUTA;98.02
2013-11;regional;mensual;CCAA_CEUTA;98.09
2013-12;regional;mensual;CCAA_CEUTA;98.31
2014-01;regional;mensual;CCAA_CEUTA;96.14
2014-02;regional;mensual;CCAA_CEUTA;96.05
2014-03;regional;mensual;CCAA_CEUTA;97.22
2014-04;regional;mensual;CCAA_CEUTA;98.68
2014-05;regional;mensual;CCAA_CEUTA;98.59
2014-06;regional;mensual;CCAA_CEUTA;98.6
2014-07;regional;mensual;CCAA_CEUTA;96.58
2014-08;regional;mensual;CCAA_CEUTA;96.72
2014-09;regional;mensual;CCAA_CEUTA;97.06
2014-10;regional;mensual;CCAA_CEUTA;97.91
2014-11;regional;mensual;CCAA_CEUTA;98.0
2014-12;regional;mensual;CCAA_CEUTA;98.16
2015-01;regional;mensual;CCAA_CEUTA;96.03
2015-02;regional;mensual;CCAA_CEUTA;96.07
2015-03;regional;mensual;CCAA_CEUTA;97.04
2015-04;regional;mensual;CCAA_CEUTA;98.48
2015-05;regional;mensual;CCAA_CEUTA;98.68
2015-06;regional;mensual;CCAA_CEUTA;98.71
2015-07;regional;mensual;CCAA_CEUTA;96.78
2015-08;regional;mensual;CCAA_CEUTA;96.88
2015-09;regional;mensual;CCAA_CEUTA;97.37
2015-10;regional;mensual;CCAA_CEUTA;98.46
2015-11;regional;mensual;CCAA_CEUTA;98.62
2015-12;regional;mensual;CCAA_CEUTA;98.66
2016-01;regional;mensual;CCAA_CEUTA;96.85
2016-02;regional;mensual;CCAA_CEUTA;96.66
2016-03;regional;mensual;CCAA_CEUTA;97.55
2016-04;regional;mensual;CCAA_CEUTA;98.76
2016-05;regional;mensual;CCAA_CEUTA;98.79
2016-06;regional;mensual;CCAA_CEUTA;98.88
2016-07;regional;mensual;CCAA_CEUTA;97.32
2016-08;regional;mensual;CCAA_CEUTA;97.34
2016-09;regional;mensual;CCAA_CEUTA;97.84
2016-10;regional;mensual;CCAA_CEUTA;98.81
2016-11;regional;mensual;CCAA_CEUTA;99.13
2016-12;regional;mensual;CCAA_CEUTA;99.44
2017-01;regional;mensual;CCAA_CEUTA;97.85
2017-02;regional;mensual;CCAA_CEUTA;97.46
2017-03;regional;mensual;CCAA_CEUTA;98.42
2017-04;regional;mensual;CCAA_CEUTA;99.84
2017-05;regional;mensual;CCAA_CEUTA;99.89
2017-06;regional;mensual;CCAA_CEUTA;99.95
2017-07;regional;mensual;CCAA_CEUTA;98.4
2017-08;regional;mensual;CCAA_CEUTA;98.36
2017-09;regional;mensual;CCAA_CEUTA;98.65
2017-10;regional;mensual;CCAA_CEUTA;99.47
2017-11;regional;mensual;CCAA_CEUTA;99.45
2017-12;regional;mensual;CCAA_CEUTA;99.53
2018-01;regional;mensual;CCAA_CEUTA;97.73
2018-02;regional;mensual;CCAA_CEUTA;97.88
2018-03;regional;mensual;CCAA_CEUTA;98.93
2018-04;regional;mensual;CCAA_CEUTA;99.96
2018-05;regional;mensual;CCAA_CEUTA;99.96
2018-06;regional;mensual;CCAA_CEUTA;100.09
2018-07;regional;mensual;CCAA_CEUTA;98.57
2018-08;regional;mensual;CCAA_CEUTA;98.52
2018-09;regional;mensual;CCAA_CEUTA;98.85
2018-10;regional;mensual;CCAA_CEUTA;99.8
2018-11;regional;mensual;CCAA_CEUTA;99.84
2018-12;regional;mensual;CCAA_CEUTA;100.01
2019-01;regional;mensual;CCAA_CEUTA;98.49
2019-02;regional;mensual;CCAA_CEUTA;98.22
2019-03;regional;mensual;CCAA_CEUTA;99.32
2019-04;regional;mensual;CCAA_CEUTA;100.72
2019-05;regional;mensual;CCAA_CEUTA;100.46
2019-06;regional;mensual;CCAA_CEUTA;100.45
2019-07;regional;mensual;CCAA_CEUTA;98.81
2019-08;regional;mensual;CCAA_CEUTA;98.72
2019-09;regional;mensual;CCAA_CEUTA;98.98
2019-10;regional;mensual;CCAA_CEUTA;100.1
2019-11;regional;mensual;CCAA_CEUTA;100.32
2019-12;regional;mensual;CCAA_CEUTA;100.48
2020-01;regional;mensual;CCAA_CEUTA;98.39
2020-02;regional;mensual;CCAA_CEUTA;98.45
2020-03;regional;mensual;CCAA_CEUTA;99.27
2020-04;regional;mensual;CCAA_CEUTA;100.57
2020-05;regional;mensual;CCAA_CEUTA;100.6
2020-06;regional;mensual;CCAA_CEUTA;100.6
2020-07;regional;mensual;CCAA_CEUTA;98.97
2020-08;regional;mensual;CCAA_CEUTA;98.74
2020-09;regional;mensual;CCAA_CEUTA;99.04
2020-10;regional;mensual;CCAA_CEUTA;100.07
2020-11;regional;mensual;CCAA_CEUTA;100.12
2020-12;regional;mensual;CCAA_CEUTA;100.0
2021-01;regional;mensual;CCAA_CEUTA;98.76
2021-02;regional;mensual;CCAA_CEUTA;98.54
2021-03;regional;mensual;CCAA_CEUTA;99.43
2021-04;regional;mensual;CCAA_CEUTA;100.54
2021-05;regional;mensual;CCAA_CEUTA;100.62
2021-06;regional;mensual;CCAA_CEUTA;100.45
2021-07;regional;mensual;CCAA_CEUTA;99.11
2021-08;regional;mensual;CCAA_CEUTA;98.97
2021-09;regional;mensual;CCAA_CEUTA;99.75
2021-10;regional;mensual;CCAA_CEUTA;100.89
2021-11;regional;mensual;CCAA_CEUTA;101.42
2021-12;regional;mensual;CCAA_CEUTA;101.52
2022-01;regional;mensual;CCAA_CEUTA;100.77
2022-02;regional;mensual;CCAA_CEUTA;101.19
2022-03;regional;mensual;CCAA_CEUTA;101.77
2022-04;regional;mensual;CCAA_CEUTA;104.66
2022-05;regional;mensual;CCAA_CEUTA;105.31
2022-06;regional;mensual;CCAA_CEUTA;105.76
2022-07;regional;mensual;CCAA_CEUTA;105.1
2022-08;regional;mensual;CCAA_CEUTA;105.36
2022-09;regional;mensual;CCAA_CEUTA;105.75
2022-10;regional;mensual;CCAA_CEUTA;107.03
2022-11;regional;mensual;CCAA_CEUTA;107.98
2022-12;regional;mensual;CCAA_CEUTA;108.91
2023-01;regional;mensual;CCAA_CEUTA;108.72
2023-02;regional;mensual;CCAA_CEUTA;109.3
2023-03;regional;mensual;CCAA_CEUTA;109.52
2023-04;regional;mensual;CCAA_CEUTA;110.66
2023-05;regional;mensual;CCAA_CEUTA;110.95
2023-06;regional;mensual;CCAA_CEUTA;111.55
2023-07;regional;mensual;CCAA_CEUTA;112.72
2023-08;regional;mensual;CCAA_CEUTA;111.97
2023-09;regional;mensual;CCAA_CEUTA;111.97
2023-10;regional;mensual;CCAA_CEUTA;112.39
2023-11;regional;mensual;CCAA_CEUTA;112.57
2023-12;regional;mensual;CCAA_CEUTA;112.46
2024-01;regional;mensual;CCAA_CEUTA;112.31
2024-02;regional;mensual;CCAA_CEUTA;112.25
2024-03;regional;mensual;CCAA_CEUTA;112.94
2024-04;regional;mensual;CCAA_CEUTA;113.67
2024-05;regional;mensual;CCAA_CEUTA;113.77
2024-06;regional;mensual;CCAA_CEUTA;114.39
2024-07;regional;mensual;CCAA_CEUTA;113.27
2024-08;regional;mensual;CCAA_CEUTA;113.56
2002-01;regional;mensual;CCAA_MADRID;73.73
2002-02;regional;mensual;CCAA_MADRID;73.86
2002-03;regional;mensual;CCAA_MADRID;74.25
2002-04;regional;mensual;CCAA_MADRID;75.09
2002-05;regional;mensual;CCAA_MADRID;75.38
2002-06;regional;mensual;CCAA_MADRID;75.51
2002-07;regional;mensual;CCAA_MADRID;75.0
2002-08;regional;mensual;CCAA_MADRID;75.21
2002-09;regional;mensual;CCAA_MADRID;75.33
2002-10;regional;mensual;CCAA_MADRID;76.06
2002-11;regional;mensual;CCAA_MADRID;76.23
2002-12;regional;mensual;CCAA_MADRID;76.34
2003-01;regional;mensual;CCAA_MADRID;75.92
2003-02;regional;mensual;CCAA_MADRID;76.12
2003-03;regional;mensual;CCAA_MADRID;76.61
2003-04;regional;mensual;CCAA_MADRID;77.48
2003-05;regional;mensual;CCAA_MADRID;77.47
2003-06;regional;mensual;CCAA_MADRID;77.6
2003-07;regional;mensual;CCAA_MADRID;77.12
2003-08;regional;mensual;CCAA_MADRID;77.36
2003-09;regional;mensual;CCAA_MADRID;77.41
2003-10;regional;mensual;CCAA_MADRID;78.0
2003-11;regional;mensual;CCAA_MADRID;78.19
2003-12;regional;mensual;CCAA_MADRID;78.3
2004-01;regional;mensual;CCAA_MADRID;77.76
2004-02;regional;mensual;CCAA_MADRID;77.93
2004-03;regional;mensual;CCAA_MADRID;78.41
2004-04;regional;mensual;CCAA_MADRID;79.45
2004-05;regional;mensual;CCAA_MADRID;79.62
2004-06;regional;mensual;CCAA_MADRID;79.78
2004-07;regional;mensual;CCAA_MADRID;79.22
2004-08;regional;mensual;CCAA_MADRID;79.52
2004-09;regional;mensual;CCAA_MADRID;79.58
2004-10;regional;mensual;CCAA_MADRID;80.13
2004-11;regional;mensual;CCAA_MADRID;80.32
2004-12;regional;mensual;CCAA_MADRID;80.47
2005-01;regional;mensual;CCAA_MADRID;79.82
2005-02;regional;mensual;CCAA_MADRID;80.0
2005-03;regional;mensual;CCAA_MADRID;80.54
2005-04;regional;mensual;CCAA_MADRID;81.32
2005-05;regional;mensual;CCAA_MADRID;81.47
2005-06;regional;mensual;CCAA_MADRID;81.69
2005-07;regional;mensual;CCAA_MADRID;81.19
2005-08;regional;mensual;CCAA_MADRID;81.47
2005-09;regional;mensual;CCAA_MADRID;81.6
2005-10;regional;mensual;CCAA_MADRID;82.25
2005-11;regional;mensual;CCAA_MADRID;82.5
2005-12;regional;mensual;CCAA_MADRID;82.82
2006-01;regional;mensual;CCAA_MADRID;82.24
2006-02;regional;mensual;CCAA_MADRID;82.39
2006-03;regional;mensual;CCAA_MADRID;83.1
2006-04;regional;mensual;CCAA_MADRID;84.06
2006-05;regional;mensual;CCAA_MADRID;84.12
2006-06;regional;mensual;CCAA_MADRID;84.2
2006-07;regional;mensual;CCAA_MADRID;83.73
2006-08;regional;mensual;CCAA_MADRID;83.89
2006-09;regional;mensual;CCAA_MADRID;84.0
2006-10;regional;mensual;CCAA_MADRID;84.63
2006-11;regional;mensual;CCAA_MADRID;84.73
2006-12;regional;mensual;CCAA_MADRID;84.93
2007-01;regional;mensual;CCAA_MADRID;84.57
2007-02;regional;mensual;CCAA_MADRID;84.85
2007-03;regional;mensual;CCAA_MADRID;85.38
2007-04;regional;mensual;CCAA_MADRID;86.23
2007-05;regional;mensual;CCAA_MADRID;86.29
2007-06;regional;mensual;CCAA_MADRID;86.37
2007-07;regional;mensual;CCAA_MADRID;85.85
2007-08;regional;mensual;CCAA_MADRID;86.06
2007-09;regional;mensual;CCAA_MADRID;86.2
2007-10;regional;mensual;CCAA_MADRID;87.19
2007-11;regional;mensual;CCAA_MADRID;87.4
2007-12;regional;mensual;CCAA_MADRID;87.66
2008-01;regional;mensual;CCAA_MADRID;87.09
2008-02;regional;mensual;CCAA_MADRID;87.43
2008-03;regional;mensual;CCAA_MADRID;88.1
2008-04;regional;mensual;CCAA_MADRID;88.8
2008-05;regional;mensual;CCAA_MADRID;88.96
2008-06;regional;mensual;CCAA_MADRID;89.15
2008-07;regional;mensual;CCAA_MADRID;88.66
2008-08;regional;mensual;CCAA_MADRID;88.96
2008-09;regional;mensual;CCAA_MADRID;89.07
2008-10;regional;mensual;CCAA_MADRID;89.73
2008-11;regional;mensual;CCAA_MADRID;89.78
2008-12;regional;mensual;CCAA_MADRID;89.89
2009-01;regional;mensual;CCAA_MADRID;88.92
2009-02;regional;mensual;CCAA_MADRID;88.92
2009-03;regional;mensual;CCAA_MADRID;89.16
2009-04;regional;mensual;CCAA_MADRID;90.05
2009-05;regional;mensual;CCAA_MADRID;89.81
2009-06;regional;mensual;CCAA_MADRID;90.0
2009-07;regional;mensual;CCAA_MADRID;89.42
2009-08;regional;mensual;CCAA_MADRID;89.49
2009-09;regional;mensual;CCAA_MADRID;89.42
2009-10;regional;mensual;CCAA_MADRID;89.97
2009-11;regional;mensual;CCAA_MADRID;90.18
2009-12;regional;mensual;CCAA_MADRID;90.29
2010-01;regional;mensual;CCAA_MADRID;89.24
2010-02;regional;mensual;CCAA_MADRID;89.21
2010-03;regional;mensual;CCAA_MADRID;89.67
2010-04;regional;mensual;CCAA_MADRID;90.26
2010-05;regional;mensual;CCAA_MADRID;90.32
2010-06;regional;mensual;CCAA_MADRID;90.54
2010-07;regional;mensual;CCAA_MADRID;90.18
2010-08;regional;mensual;CCAA_MADRID;90.45
2010-09;regional;mensual;CCAA_MADRID;90.48
2010-10;regional;mensual;CCAA_MADRID;91.03
2010-11;regional;mensual;CCAA_MADRID;91.38
2010-12;regional;mensual;CCAA_MADRID;91.81
2011-01;regional;mensual;CCAA_MADRID;90.68
2011-02;regional;mensual;CCAA_MADRID;90.82
2011-03;regional;mensual;CCAA_MADRID;91.28
2011-04;regional;mensual;CCAA_MADRID;92.22
2011-05;regional;mensual;CCAA_MADRID;92.19
2011-06;regional;mensual;CCAA_MADRID;92.08
2011-07;regional;mensual;CCAA_MADRID;91.58
2011-08;regional;mensual;CCAA_MADRID;91.94
2011-09;regional;mensual;CCAA_MADRID;92.07
2011-10;regional;mensual;CCAA_MADRID;92.73
2011-11;regional;mensual;CCAA_MADRID;92.99
2011-12;regional;mensual;CCAA_MADRID;93.41
2012-01;regional;mensual;CCAA_MADRID;91.89
2012-02;regional;mensual;CCAA_MADRID;91.95
2012-03;regional;mensual;CCAA_MADRID;92.36
2012-04;regional;mensual;CCAA_MADRID;93.31
2012-05;regional;mensual;CCAA_MADRID;93.41
2012-06;regional;mensual;CCAA_MADRID;93.47
2012-07;regional;mensual;CCAA_MADRID;93.02
2012-08;regional;mensual;CCAA_MADRID;93.16
2012-09;regional;mensual;CCAA_MADRID;93.97
2012-10;regional;mensual;CCAA_MADRID;95.11
2012-11;regional;mensual;CCAA_MADRID;95.07
2012-12;regional;mensual;CCAA_MADRID;95.18
2013-01;regional;mensual;CCAA_MADRID;93.72
2013-02;regional;mensual;CCAA_MADRID;93.88
2013-03;regional;mensual;CCAA_MADRID;94.49
2013-04;regional;mensual;CCAA_MADRID;94.95
2013-05;regional;mensual;CCAA_MADRID;95.1
2013-06;regional;mensual;CCAA_MADRID;95.13
2013-07;regional;mensual;CCAA_MADRID;94.42
2013-08;regional;mensual;CCAA_MADRID;94.49
2013-09;regional;mensual;CCAA_MADRID;94.61
2013-10;regional;mensual;CCAA_MADRID;95.13
2013-11;regional;mensual;CCAA_MADRID;95.3
2013-12;regional;mensual;CCAA_MADRID;95.26
2014-01;regional;mensual;CCAA_MADRID;93.87
2014-02;regional;mensual;CCAA_MADRID;93.91
2014-03;regional;mensual;CCAA_MADRID;94.33
2014-04;regional;mensual;CCAA_MADRID;95.05
2014-05;regional;mensual;CCAA_MADRID;95.06
2014-06;regional;mensual;CCAA_MADRID;95.1
2014-07;regional;mensual;CCAA_MADRID;94.41
2014-08;regional;mensual;CCAA_MADRID;94.55
2014-09;regional;mensual;CCAA_MADRID;94.56
2014-10;regional;mensual;CCAA_MADRID;95.09
2014-11;regional;mensual;CCAA_MADRID;95.13
2014-12;regional;mensual;CCAA_MADRID;95.21
2015-01;regional;mensual;CCAA_MADRID;94.02
2015-02;regional;mensual;CCAA_MADRID;94.1
2015-03;regional;mensual;CCAA_MADRID;94.52
2015-04;regional;mensual;CCAA_MADRID;95.32
2015-05;regional;mensual;CCAA_MADRID;95.53
2015-06;regional;mensual;CCAA_MADRID;95.64
2015-07;regional;mensual;CCAA_MADRID;94.99
2015-08;regional;mensual;CCAA_MADRID;95.1
2015-09;regional;mensual;CCAA_MADRID;95.15
2015-10;regional;mensual;CCAA_MADRID;95.72
2015-11;regional;mensual;CCAA_MADRID;95.98
2015-12;regional;mensual;CCAA_MADRID;95.97
2016-01;regional;mensual;CCAA_MADRID;94.73
2016-02;regional;mensual;CCAA_MADRID;94.95
2016-03;regional;mensual;CCAA_MADRID;95.42
2016-04;regional;mensual;CCAA_MADRID;95.86
2016-05;regional;mensual;CCAA_MADRID;96.03
2016-06;regional;mensual;CCAA_MADRID;96.06
2016-07;regional;mensual;CCAA_MADRID;95.49
2016-08;regional;mensual;CCAA_MADRID;95.73
2016-09;regional;mensual;CCAA_MADRID;95.73
2016-10;regional;mensual;CCAA_MADRID;96.3
2016-11;regional;mensual;CCAA_MADRID;96.69
2016-12;regional;mensual;CCAA_MADRID;96.83
2017-01;regional;mensual;CCAA_MADRID;95.65
2017-02;regional;mensual;CCAA_MADRID;95.7
2017-03;regional;mensual;CCAA_MADRID;96.02
2017-04;regional;mensual;CCAA_MADRID;97.19
2017-05;regional;mensual;CCAA_MADRID;97.03
2017-06;regional;mensual;CCAA_MADRID;97.36
2017-07;regional;mensual;CCAA_MADRID;96.78
2017-08;regional;mensual;CCAA_MADRID;96.93
2017-09;regional;mensual;CCAA_MADRID;97.1
2017-10;regional;mensual;CCAA_MADRID;97.38
2017-11;regional;mensual;CCAA_MADRID;97.59
2017-12;regional;mensual;CCAA_MADRID;97.77
2018-01;regional;mensual;CCAA_MADRID;96.6
2018-02;regional;mensual;CCAA_MADRID;96.86
2018-03;regional;mensual;CCAA_MADRID;97.36
2018-04;regional;mensual;CCAA_MADRID;97.92
2018-05;regional;mensual;CCAA_MADRID;98.16
2018-06;regional;mensual;CCAA_MADRID;98.19
2018-07;regional;mensual;CCAA_MADRID;97.69
2018-08;regional;mensual;CCAA_MADRID;97.61
2018-09;regional;mensual;CCAA_MADRID;97.85
2018-10;regional;mensual;CCAA_MADRID;98.38
2018-11;regional;mensual;CCAA_MADRID;98.59
2018-12;regional;mensual;CCAA_MADRID;98.74
2019-01;regional;mensual;CCAA_MADRID;97.52
2019-02;regional;mensual;CCAA_MADRID;97.7
2019-03;regional;mensual;CCAA_MADRID;98.08
2019-04;regional;mensual;CCAA_MADRID;98.91
2019-05;regional;mensual;CCAA_MADRID;98.93
2019-06;regional;mensual;CCAA_MADRID;99.14
2019-07;regional;mensual;CCAA_MADRID;98.6
2019-08;regional;mensual;CCAA_MADRID;98.64
2019-09;regional;mensual;CCAA_MADRID;98.85
2019-10;regional;mensual;CCAA_MADRID;99.42
2019-11;regional;mensual;CCAA_MADRID;99.62
2019-12;regional;mensual;CCAA_MADRID;99.69
2020-01;regional;mensual;CCAA_MADRID;98.33
2020-02;regional;mensual;CCAA_MADRID;98.67
2020-03;regional;mensual;CCAA_MADRID;99.26
2020-04;regional;mensual;CCAA_MADRID;100.14
2020-05;regional;mensual;CCAA_MADRID;100.12
2020-06;regional;mensual;CCAA_MADRID;100.25
2020-07;regional;mensual;CCAA_MADRID;99.07
2020-08;regional;mensual;CCAA_MADRID;99.01
2020-09;regional;mensual;CCAA_MADRID;99.14
2020-10;regional;mensual;CCAA_MADRID;99.39
2020-11;regional;mensual;CCAA_MADRID;99.55
2020-12;regional;mensual;CCAA_MADRID;99.6
2021-01;regional;mensual;CCAA_MADRID;98.8
2021-02;regional;mensual;CCAA_MADRID;98.75
2021-03;regional;mensual;CCAA_MADRID;99.18
2021-04;regional;mensual;CCAA_MADRID;99.83
2021-05;regional;mensual;CCAA_MADRID;99.95
2021-06;regional;mensual;CCAA_MADRID;100.1
2021-07;regional;mensual;CCAA_MADRID;99.53
2021-08;regional;mensual;CCAA_MADRID;99.63
2021-09;regional;mensual;CCAA_MADRID;100.07
2021-10;regional;mensual;CCAA_MADRID;100.9
2021-11;regional;mensual;CCAA_MADRID;101.47
2021-12;regional;mensual;CCAA_MADRID;101.8
2022-01;regional;mensual;CCAA_MADRID;101.08
2022-02;regional;mensual;CCAA_MADRID;101.55
2022-03;regional;mensual;CCAA_MADRID;102.42
2022-04;regional;mensual;CCAA_MADRID;104.05
2022-05;regional;mensual;CCAA_MADRID;104.75
2022-06;regional;mensual;CCAA_MADRID;105.26
2022-07;regional;mensual;CCAA_MADRID;104.84
2022-08;regional;mensual;CCAA_MADRID;105.03
2022-09;regional;mensual;CCAA_MADRID;105.41
2022-10;regional;mensual;CCAA_MADRID;106.19
2022-11;regional;mensual;CCAA_MADRID;106.78
2022-12;regional;mensual;CCAA_MADRID;107.87
2023-01;regional;mensual;CCAA_MADRID;107.75
2023-02;regional;mensual;CCAA_MADRID;108.04
2023-03;regional;mensual;CCAA_MADRID;108.73
2023-04;regional;mensual;CCAA_MADRID;109.79
2023-05;regional;mensual;CCAA_MADRID;109.89
2023-06;regional;mensual;CCAA_MADRID;110.44
2023-07;regional;mensual;CCAA_MADRID;110.47
2023-08;regional;mensual;CCAA_MADRID;110.62
2023-09;regional;mensual;CCAA_MADRID;110.94
2023-10;regional;mensual;CCAA_MADRID;111.26
2023-11;regional;mensual;CCAA_MADRID;111.25
2023-12;regional;mensual;CCAA_MADRID;111.52
2024-01;regional;mensual;CCAA_MADRID;111.0
2024-02;regional;mensual;CCAA_MADRID;111.6
2024-03;regional;mensual;CCAA_MADRID;112.44
2024-04;regional;mensual;CCAA_MADRID;112.94
2024-05;regional;mensual;CCAA_MADRID;113.25
2024-06;regional;mensual;CCAA_MADRID;113.84
2024-07;regional;mensual;CCAA_MADRID;113.5
2024-08;regional;mensual;CCAA_MADRID;113.6
2002-01;regional;mensual;CCAA_ARAGON;73.76
2002-02;regional;mensual;CCAA_ARAGON;73.78
2002-03;regional;mensual;CCAA_ARAGON;74.47
2002-04;regional;mensual;CCAA_ARAGON;75.45
2002-05;regional;mensual;CCAA_ARAGON;75.69
2002-06;regional;mensual;CCAA_ARAGON;75.86
2002-07;regional;mensual;CCAA_ARAGON;74.99
2002-08;regional;mensual;CCAA_ARAGON;75.22
2002-09;regional;mensual;CCAA_ARAGON;75.32
2002-10;regional;mensual;CCAA_ARAGON;76.34
2002-11;regional;mensual;CCAA_ARAGON;76.65
2002-12;regional;mensual;CCAA_ARAGON;76.63
2003-01;regional;mensual;CCAA_ARAGON;75.94
2003-02;regional;mensual;CCAA_ARAGON;76.12
2003-03;regional;mensual;CCAA_ARAGON;76.8
2003-04;regional;mensual;CCAA_ARAGON;77.89
2003-05;regional;mensual;CCAA_ARAGON;77.99
2003-06;regional;mensual;CCAA_ARAGON;77.93
2003-07;regional;mensual;CCAA_ARAGON;77.16
2003-08;regional;mensual;CCAA_ARAGON;77.39
2003-09;regional;mensual;CCAA_ARAGON;77.52
2003-10;regional;mensual;CCAA_ARAGON;78.26
2003-11;regional;mensual;CCAA_ARAGON;78.48
2003-12;regional;mensual;CCAA_ARAGON;78.49
2004-01;regional;mensual;CCAA_ARAGON;77.67
2004-02;regional;mensual;CCAA_ARAGON;77.84
2004-03;regional;mensual;CCAA_ARAGON;78.35
2004-04;regional;mensual;CCAA_ARAGON;79.56
2004-05;regional;mensual;CCAA_ARAGON;79.78
2004-06;regional;mensual;CCAA_ARAGON;80.0
2004-07;regional;mensual;CCAA_ARAGON;78.96
2004-08;regional;mensual;CCAA_ARAGON;79.3
2004-09;regional;mensual;CCAA_ARAGON;79.41
2004-10;regional;mensual;CCAA_ARAGON;80.38
2004-11;regional;mensual;CCAA_ARAGON;80.77
2004-12;regional;mensual;CCAA_ARAGON;80.83
2005-01;regional;mensual;CCAA_ARAGON;79.84
2005-02;regional;mensual;CCAA_ARAGON;80.15
2005-03;regional;mensual;CCAA_ARAGON;80.79
2005-04;regional;mensual;CCAA_ARAGON;81.92
2005-05;regional;mensual;CCAA_ARAGON;81.96
2005-06;regional;mensual;CCAA_ARAGON;81.98
2005-07;regional;mensual;CCAA_ARAGON;80.98
2005-08;regional;mensual;CCAA_ARAGON;81.14
2005-09;regional;mensual;CCAA_ARAGON;81.37
2005-10;regional;mensual;CCAA_ARAGON;82.51
2005-11;regional;mensual;CCAA_ARAGON;82.94
2005-12;regional;mensual;CCAA_ARAGON;83.04
2006-01;regional;mensual;CCAA_ARAGON;82.08
2006-02;regional;mensual;CCAA_ARAGON;82.19
2006-03;regional;mensual;CCAA_ARAGON;83.2
2006-04;regional;mensual;CCAA_ARAGON;84.62
2006-05;regional;mensual;CCAA_ARAGON;84.67
2006-06;regional;mensual;CCAA_ARAGON;84.83
2006-07;regional;mensual;CCAA_ARAGON;83.9
2006-08;regional;mensual;CCAA_ARAGON;84.05
2006-09;regional;mensual;CCAA_ARAGON;84.22
2006-10;regional;mensual;CCAA_ARAGON;85.23
2006-11;regional;mensual;CCAA_ARAGON;85.49
2006-12;regional;mensual;CCAA_ARAGON;85.5
2007-01;regional;mensual;CCAA_ARAGON;84.73
2007-02;regional;mensual;CCAA_ARAGON;85.08
2007-03;regional;mensual;CCAA_ARAGON;85.6
2007-04;regional;mensual;CCAA_ARAGON;86.86
2007-05;regional;mensual;CCAA_ARAGON;86.94
2007-06;regional;mensual;CCAA_ARAGON;86.99
2007-07;regional;mensual;CCAA_ARAGON;86.04
2007-08;regional;mensual;CCAA_ARAGON;86.33
2007-09;regional;mensual;CCAA_ARAGON;86.44
2007-10;regional;mensual;CCAA_ARAGON;87.9
2007-11;regional;mensual;CCAA_ARAGON;88.28
2007-12;regional;mensual;CCAA_ARAGON;88.35
2008-01;regional;mensual;CCAA_ARAGON;87.42
2008-02;regional;mensual;CCAA_ARAGON;87.79
2008-03;regional;mensual;CCAA_ARAGON;88.5
2008-04;regional;mensual;CCAA_ARAGON;89.5
2008-05;regional;mensual;CCAA_ARAGON;89.83
2008-06;regional;mensual;CCAA_ARAGON;90.13
2008-07;regional;mensual;CCAA_ARAGON;89.48
2008-08;regional;mensual;CCAA_ARAGON;89.73
2008-09;regional;mensual;CCAA_ARAGON;89.74
2008-10;regional;mensual;CCAA_ARAGON;90.61
2008-11;regional;mensual;CCAA_ARAGON;90.76
2008-12;regional;mensual;CCAA_ARAGON;90.57
2009-01;regional;mensual;CCAA_ARAGON;89.33
2009-02;regional;mensual;CCAA_ARAGON;89.35
2009-03;regional;mensual;CCAA_ARAGON;89.73
2009-04;regional;mensual;CCAA_ARAGON;90.81
2009-05;regional;mensual;CCAA_ARAGON;90.73
2009-06;regional;mensual;CCAA_ARAGON;90.62
2009-07;regional;mensual;CCAA_ARAGON;89.69
2009-08;regional;mensual;CCAA_ARAGON;89.75
2009-09;regional;mensual;CCAA_ARAGON;89.65
2009-10;regional;mensual;CCAA_ARAGON;90.85
2009-11;regional;mensual;CCAA_ARAGON;91.03
2009-12;regional;mensual;CCAA_ARAGON;90.9
2010-01;regional;mensual;CCAA_ARAGON;89.55
2010-02;regional;mensual;CCAA_ARAGON;89.56
2010-03;regional;mensual;CCAA_ARAGON;90.0
2010-04;regional;mensual;CCAA_ARAGON;90.81
2010-05;regional;mensual;CCAA_ARAGON;90.98
2010-06;regional;mensual;CCAA_ARAGON;91.1
2010-07;regional;mensual;CCAA_ARAGON;90.43
2010-08;regional;mensual;CCAA_ARAGON;90.66
2010-09;regional;mensual;CCAA_ARAGON;90.68
2010-10;regional;mensual;CCAA_ARAGON;91.75
2010-11;regional;mensual;CCAA_ARAGON;91.97
2010-12;regional;mensual;CCAA_ARAGON;92.24
2011-01;regional;mensual;CCAA_ARAGON;90.74
2011-02;regional;mensual;CCAA_ARAGON;90.88
2011-03;regional;mensual;CCAA_ARAGON;91.36
2011-04;regional;mensual;CCAA_ARAGON;92.65
2011-05;regional;mensual;CCAA_ARAGON;92.78
2011-06;regional;mensual;CCAA_ARAGON;92.67
2011-07;regional;mensual;CCAA_ARAGON;91.75
2011-08;regional;mensual;CCAA_ARAGON;92.03
2011-09;regional;mensual;CCAA_ARAGON;92.15
2011-10;regional;mensual;CCAA_ARAGON;93.2
2011-11;regional;mensual;CCAA_ARAGON;93.48
2011-12;regional;mensual;CCAA_ARAGON;93.45
2012-01;regional;mensual;CCAA_ARAGON;91.94
2012-02;regional;mensual;CCAA_ARAGON;91.95
2012-03;regional;mensual;CCAA_ARAGON;92.32
2012-04;regional;mensual;CCAA_ARAGON;93.64
2012-05;regional;mensual;CCAA_ARAGON;93.81
2012-06;regional;mensual;CCAA_ARAGON;93.83
2012-07;regional;mensual;CCAA_ARAGON;92.98
2012-08;regional;mensual;CCAA_ARAGON;93.22
2012-09;regional;mensual;CCAA_ARAGON;93.91
2012-10;regional;mensual;CCAA_ARAGON;95.22
2012-11;regional;mensual;CCAA_ARAGON;95.47
2012-12;regional;mensual;CCAA_ARAGON;95.42
2013-01;regional;mensual;CCAA_ARAGON;93.91
2013-02;regional;mensual;CCAA_ARAGON;94.02
2013-03;regional;mensual;CCAA_ARAGON;94.52
2013-04;regional;mensual;CCAA_ARAGON;95.4
2013-05;regional;mensual;CCAA_ARAGON;95.56
2013-06;regional;mensual;CCAA_ARAGON;95.45
2013-07;regional;mensual;CCAA_ARAGON;94.49
2013-08;regional;mensual;CCAA_ARAGON;94.59
2013-09;regional;mensual;CCAA_ARAGON;94.61
2013-10;regional;mensual;CCAA_ARAGON;95.6
2013-11;regional;mensual;CCAA_ARAGON;95.86
2013-12;regional;mensual;CCAA_ARAGON;95.57
2014-01;regional;mensual;CCAA_ARAGON;93.89
2014-02;regional;mensual;CCAA_ARAGON;93.88
2014-03;regional;mensual;CCAA_ARAGON;94.27
2014-04;regional;mensual;CCAA_ARAGON;95.41
2014-05;regional;mensual;CCAA_ARAGON;95.44
2014-06;regional;mensual;CCAA_ARAGON;95.39
2014-07;regional;mensual;CCAA_ARAGON;94.34
2014-08;regional;mensual;CCAA_ARAGON;94.47
2014-09;regional;mensual;CCAA_ARAGON;94.29
2014-10;regional;mensual;CCAA_ARAGON;95.15
2014-11;regional;mensual;CCAA_ARAGON;95.56
2014-12;regional;mensual;CCAA_ARAGON;95.46
2015-01;regional;mensual;CCAA_ARAGON;93.85
2015-02;regional;mensual;CCAA_ARAGON;93.86
2015-03;regional;mensual;CCAA_ARAGON;94.33
2015-04;regional;mensual;CCAA_ARAGON;95.43
2015-05;regional;mensual;CCAA_ARAGON;95.68
2015-06;regional;mensual;CCAA_ARAGON;95.77
2015-07;regional;mensual;CCAA_ARAGON;94.76
2015-08;regional;mensual;CCAA_ARAGON;95.0
2015-09;regional;mensual;CCAA_ARAGON;95.0
2015-10;regional;mensual;CCAA_ARAGON;95.99
2015-11;regional;mensual;CCAA_ARAGON;96.35
2015-12;regional;mensual;CCAA_ARAGON;96.2
2016-01;regional;mensual;CCAA_ARAGON;94.73
2016-02;regional;mensual;CCAA_ARAGON;94.83
2016-03;regional;mensual;CCAA_ARAGON;95.29
2016-04;regional;mensual;CCAA_ARAGON;95.92
2016-05;regional;mensual;CCAA_ARAGON;96.29
2016-06;regional;mensual;CCAA_ARAGON;96.21
2016-07;regional;mensual;CCAA_ARAGON;95.25
2016-08;regional;mensual;CCAA_ARAGON;95.61
2016-09;regional;mensual;CCAA_ARAGON;95.69
2016-10;regional;mensual;CCAA_ARAGON;96.69
2016-11;regional;mensual;CCAA_ARAGON;96.94
2016-12;regional;mensual;CCAA_ARAGON;96.95
2017-01;regional;mensual;CCAA_ARAGON;95.42
2017-02;regional;mensual;CCAA_ARAGON;95.47
2017-03;regional;mensual;CCAA_ARAGON;95.88
2017-04;regional;mensual;CCAA_ARAGON;96.86
2017-05;regional;mensual;CCAA_ARAGON;96.89
2017-06;regional;mensual;CCAA_ARAGON;97.11
2017-07;regional;mensual;CCAA_ARAGON;96.24
2017-08;regional;mensual;CCAA_ARAGON;96.48
2017-09;regional;mensual;CCAA_ARAGON;96.49
2017-10;regional;mensual;CCAA_ARAGON;97.38
2017-11;regional;mensual;CCAA_ARAGON;97.6
2017-12;regional;mensual;CCAA_ARAGON;97.45
2018-01;regional;mensual;CCAA_ARAGON;96.16
2018-02;regional;mensual;CCAA_ARAGON;96.55
2018-03;regional;mensual;CCAA_ARAGON;96.93
2018-04;regional;mensual;CCAA_ARAGON;97.63
2018-05;regional;mensual;CCAA_ARAGON;98.04
2018-06;regional;mensual;CCAA_ARAGON;98.01
2018-07;regional;mensual;CCAA_ARAGON;97.21
2018-08;regional;mensual;CCAA_ARAGON;97.29
2018-09;regional;mensual;CCAA_ARAGON;97.22
2018-10;regional;mensual;CCAA_ARAGON;98.14
2018-11;regional;mensual;CCAA_ARAGON;98.36
2018-12;regional;mensual;CCAA_ARAGON;98.33
2019-01;regional;mensual;CCAA_ARAGON;96.88
2019-02;regional;mensual;CCAA_ARAGON;97.03
2019-03;regional;mensual;CCAA_ARAGON;97.4
2019-04;regional;mensual;CCAA_ARAGON;98.58
2019-05;regional;mensual;CCAA_ARAGON;98.66
2019-06;regional;mensual;CCAA_ARAGON;98.83
2019-07;regional;mensual;CCAA_ARAGON;97.94
2019-08;regional;mensual;CCAA_ARAGON;98.21
2019-09;regional;mensual;CCAA_ARAGON;98.26
2019-10;regional;mensual;CCAA_ARAGON;99.05
2019-11;regional;mensual;CCAA_ARAGON;99.36
2019-12;regional;mensual;CCAA_ARAGON;99.41
2020-01;regional;mensual;CCAA_ARAGON;97.87
2020-02;regional;mensual;CCAA_ARAGON;98.23
2020-03;regional;mensual;CCAA_ARAGON;98.57
2020-04;regional;mensual;CCAA_ARAGON;99.55
2020-05;regional;mensual;CCAA_ARAGON;99.78
2020-06;regional;mensual;CCAA_ARAGON;99.86
2020-07;regional;mensual;CCAA_ARAGON;98.74
2020-08;regional;mensual;CCAA_ARAGON;98.83
2020-09;regional;mensual;CCAA_ARAGON;98.84
2020-10;regional;mensual;CCAA_ARAGON;99.69
2020-11;regional;mensual;CCAA_ARAGON;99.87
2020-12;regional;mensual;CCAA_ARAGON;99.58
2021-01;regional;mensual;CCAA_ARAGON;98.62
2021-02;regional;mensual;CCAA_ARAGON;98.49
2021-03;regional;mensual;CCAA_ARAGON;99.0
2021-04;regional;mensual;CCAA_ARAGON;99.76
2021-05;regional;mensual;CCAA_ARAGON;100.26
2021-06;regional;mensual;CCAA_ARAGON;100.28
2021-07;regional;mensual;CCAA_ARAGON;99.36
2021-08;regional;mensual;CCAA_ARAGON;99.63
2021-09;regional;mensual;CCAA_ARAGON;99.95
2021-10;regional;mensual;CCAA_ARAGON;101.08
2021-11;regional;mensual;CCAA_ARAGON;101.74
2021-12;regional;mensual;CCAA_ARAGON;101.82
2022-01;regional;mensual;CCAA_ARAGON;101.03
2022-02;regional;mensual;CCAA_ARAGON;101.8
2022-03;regional;mensual;CCAA_ARAGON;102.6
2022-04;regional;mensual;CCAA_ARAGON;104.59
2022-05;regional;mensual;CCAA_ARAGON;105.16
2022-06;regional;mensual;CCAA_ARAGON;105.87
2022-07;regional;mensual;CCAA_ARAGON;105.47
2022-08;regional;mensual;CCAA_ARAGON;105.92
2022-09;regional;mensual;CCAA_ARAGON;106.06
2022-10;regional;mensual;CCAA_ARAGON;107.4
2022-11;regional;mensual;CCAA_ARAGON;108.0
2022-12;regional;mensual;CCAA_ARAGON;108.95
2023-01;regional;mensual;CCAA_ARAGON;108.56
2023-02;regional;mensual;CCAA_ARAGON;109.45
2023-03;regional;mensual;CCAA_ARAGON;109.98
2023-04;regional;mensual;CCAA_ARAGON;110.88
2023-05;regional;mensual;CCAA_ARAGON;111.14
2023-06;regional;mensual;CCAA_ARAGON;111.64
2023-07;regional;mensual;CCAA_ARAGON;111.75
2023-08;regional;mensual;CCAA_ARAGON;112.1
2023-09;regional;mensual;CCAA_ARAGON;111.77
2023-10;regional;mensual;CCAA_ARAGON;112.13
2023-11;regional;mensual;CCAA_ARAGON;112.44
2023-12;regional;mensual;CCAA_ARAGON;112.52
2024-01;regional;mensual;CCAA_ARAGON;112.15
2024-02;regional;mensual;CCAA_ARAGON;113.1
2024-03;regional;mensual;CCAA_ARAGON;113.63
2024-04;regional;mensual;CCAA_ARAGON;114.06
2024-05;regional;mensual;CCAA_ARAGON;114.5
2024-06;regional;mensual;CCAA_ARAGON;114.97
2024-07;regional;mensual;CCAA_ARAGON;114.72
2024-08;regional;mensual;CCAA_ARAGON;115.11
2002-01;regional;mensual;CCAA_COMUNIDAD_VALENCIANA;74.29
2002-02;regional;mensual;CCAA_COMUNIDAD_VALENCIANA;74.39
2002-03;regional;mensual;CCAA_COMUNIDAD_VALENCIANA;74.99
2002-04;regional;mensual;CCAA_COMUNIDAD_VALENCIANA;76.05
2002-05;regional;mensual;CCAA_COMUNIDAD_VALENCIANA;76.33
2002-06;regional;mensual;CCAA_COMUNIDAD_VALENCIANA;76.46
2002-07;regional;mensual;CCAA_COMUNIDAD_VALENCIANA;75.57
2002-08;regional;mensual;CCAA_COMUNIDAD_VALENCIANA;75.71
2002-09;regional;mensual;CCAA_COMUNIDAD_VALENCIANA;75.85
2002-10;regional;mensual;CCAA_COMUNIDAD_VALENCIANA;76.5
2002-11;regional;mensual;CCAA_COMUNIDAD_VALENCIANA;77.09
2002-12;regional;mensual;CCAA_COMUNIDAD_VALENCIANA;77.17
2003-01;regional;mensual;CCAA_COMUNIDAD_VALENCIANA;76.54
2003-02;regional;mensual;CCAA_COMUNIDAD_VALENCIANA;76.75
2003-03;regional;mensual;CCAA_COMUNIDAD_VALENCIANA;77.18
2003-04;regional;mensual;CCAA_COMUNIDAD_VALENCIANA;78.21
2003-05;regional;mensual;CCAA_COMUNIDAD_VALENCIANA;78.47
2003-06;regional;mensual;CCAA_COMUNIDAD_VALENCIANA;78.54
2003-07;regional;mensual;CCAA_COMUNIDAD_VALENCIANA;77.63
2003-08;regional;mensual;CCAA_COMUNIDAD_VALENCIANA;77.75
2003-09;regional;mensual;CCAA_COMUNIDAD_VALENCIANA;77.89
2003-10;regional;mensual;CCAA_COMUNIDAD_VALENCIANA;78.64
2003-11;regional;mensual;CCAA_COMUNIDAD_VALENCIANA;78.97
2003-12;regional;mensual;CCAA_COMUNIDAD_VALENCIANA;79.02
2004-01;regional;mensual;CCAA_COMUNIDAD_VALENCIANA;78.29
2004-02;regional;mensual;CCAA_COMUNIDAD_VALENCIANA;78.52
2004-03;regional;mensual;CCAA_COMUNIDAD_VALENCIANA;78.92
2004-04;regional;mensual;CCAA_COMUNIDAD_VALENCIANA;80.19
2004-05;regional;mensual;CCAA_COMUNIDAD_VALENCIANA;80.63
2004-06;regional;mensual;CCAA_COMUNIDAD_VALENCIANA;80.77
2004-07;regional;mensual;CCAA_COMUNIDAD_VALENCIANA;79.83
2004-08;regional;mensual;CCAA_COMUNIDAD_VALENCIANA;80.06
2004-09;regional;mensual;CCAA_COMUNIDAD_VALENCIANA;80.22
2004-10;regional;mensual;CCAA_COMUNIDAD_VALENCIANA;80.95
2004-11;regional;mensual;CCAA_COMUNIDAD_VALENCIANA;81.31
2004-12;regional;mensual;CCAA_COMUNIDAD_VALENCIANA;81.47
2005-01;regional;mensual;CCAA_COMUNIDAD_VALENCIANA;80.66
2005-02;regional;mensual;CCAA_COMUNIDAD_VALENCIANA;80.83
2005-03;regional;mensual;CCAA_COMUNIDAD_VALENCIANA;81.32
2005-04;regional;mensual;CCAA_COMUNIDAD_VALENCIANA;82.53
2005-05;regional;mensual;CCAA_COMUNIDAD_VALENCIANA;82.84
2005-06;regional;mensual;CCAA_COMUNIDAD_VALENCIANA;82.85
2005-07;regional;mensual;CCAA_COMUNIDAD_VALENCIANA;81.77
2005-08;regional;mensual;CCAA_COMUNIDAD_VALENCIANA;81.97
2005-09;regional;mensual;CCAA_COMUNIDAD_VALENCIANA;82.14
2005-10;regional;mensual;CCAA_COMUNIDAD_VALENCIANA;83.04
2005-11;regional;mensual;CCAA_COMUNIDAD_VALENCIANA;83.45
2005-12;regional;mensual;CCAA_COMUNIDAD_VALENCIANA;83.66
2006-01;regional;mensual;CCAA_COMUNIDAD_VALENCIANA;82.89
2006-02;regional;mensual;CCAA_COMUNIDAD_VALENCIANA;83.0
2006-03;regional;mensual;CCAA_COMUNIDAD_VALENCIANA;83.68
2006-04;regional;mensual;CCAA_COMUNIDAD_VALENCIANA;84.94
2006-05;regional;mensual;CCAA_COMUNIDAD_VALENCIANA;85.16
2006-06;regional;mensual;CCAA_COMUNIDAD_VALENCIANA;85.2
2006-07;regional;mensual;CCAA_COMUNIDAD_VALENCIANA;84.19
2006-08;regional;mensual;CCAA_COMUNIDAD_VALENCIANA;84.32
2006-09;regional;mensual;CCAA_COMUNIDAD_VALENCIANA;84.45
2006-10;regional;mensual;CCAA_COMUNIDAD_VALENCIANA;85.27
2006-11;regional;mensual;CCAA_COMUNIDAD_VALENCIANA;85.54
2006-12;regional;mensual;CCAA_COMUNIDAD_VALENCIANA;85.56
2007-01;regional;mensual;CCAA_COMUNIDAD_VALENCIANA;85.11
2007-02;regional;mensual;CCAA_COMUNIDAD_VALENCIANA;85.19
2007-03;regional;mensual;CCAA_COMUNIDAD_VALENCIANA;85.66
2007-04;regional;mensual;CCAA_COMUNIDAD_VALENCIANA;86.99
2007-05;regional;mensual;CCAA_COMUNIDAD_VALENCIANA;87.21
2007-06;regional;mensual;CCAA_COMUNIDAD_VALENCIANA;87.2
2007-07;regional;mensual;CCAA_COMUNIDAD_VALENCIANA;86.19
2007-08;regional;mensual;CCAA_COMUNIDAD_VALENCIANA;86.45
2007-09;regional;mensual;CCAA_COMUNIDAD_VALENCIANA;86.66
2007-10;regional;mensual;CCAA_COMUNIDAD_VALENCIANA;87.87
2007-11;regional;mensual;CCAA_COMUNIDAD_VALENCIANA;88.17
2007-12;regional;mensual;CCAA_COMUNIDAD_VALENCIANA;88.33
2008-01;regional;mensual;CCAA_COMUNIDAD_VALENCIANA;87.66
2008-02;regional;mensual;CCAA_COMUNIDAD_VALENCIANA;87.99
2008-03;regional;mensual;CCAA_COMUNIDAD_VALENCIANA;88.56
2008-04;regional;mensual;CCAA_COMUNIDAD_VALENCIANA;89.74
2008-05;regional;mensual;CCAA_COMUNIDAD_VALENCIANA;90.04
2008-06;regional;mensual;CCAA_COMUNIDAD_VALENCIANA;90.14
2008-07;regional;mensual;CCAA_COMUNIDAD_VALENCIANA;89.22
2008-08;regional;mensual;CCAA_COMUNIDAD_VALENCIANA;89.47
2008-09;regional;mensual;CCAA_COMUNIDAD_VALENCIANA;89.56
2008-10;regional;mensual;CCAA_COMUNIDAD_VALENCIANA;90.4
2008-11;regional;mensual;CCAA_COMUNIDAD_VALENCIANA;90.61
2008-12;regional;mensual;CCAA_COMUNIDAD_VALENCIANA;90.53
2009-01;regional;mensual;CCAA_COMUNIDAD_VALENCIANA;89.34
2009-02;regional;mensual;CCAA_COMUNIDAD_VALENCIANA;89.3
2009-03;regional;mensual;CCAA_COMUNIDAD_VALENCIANA;89.62
2009-04;regional;mensual;CCAA_COMUNIDAD_VALENCIANA;90.84
2009-05;regional;mensual;CCAA_COMUNIDAD_VALENCIANA;90.82
2009-06;regional;mensual;CCAA_COMUNIDAD_VALENCIANA;90.78
2009-07;regional;mensual;CCAA_COMUNIDAD_VALENCIANA;89.69
2009-08;regional;mensual;CCAA_COMUNIDAD_VALENCIANA;89.85
2009-09;regional;mensual;CCAA_COMUNIDAD_VALENCIANA;89.65
2009-10;regional;mensual;CCAA_COMUNIDAD_VALENCIANA;90.5
2009-11;regional;mensual;CCAA_COMUNIDAD_VALENCIANA;90.79
2009-12;regional;mensual;CCAA_COMUNIDAD_VALENCIANA;90.78
2010-01;regional;mensual;CCAA_COMUNIDAD_VALENCIANA;89.43
2010-02;regional;mensual;CCAA_COMUNIDAD_VALENCIANA;89.32
2010-03;regional;mensual;CCAA_COMUNIDAD_VALENCIANA;89.7
2010-04;regional;mensual;CCAA_COMUNIDAD_VALENCIANA;90.67
2010-05;regional;mensual;CCAA_COMUNIDAD_VALENCIANA;90.81
2010-06;regional;mensual;CCAA_COMUNIDAD_VALENCIANA;91.05
2010-07;regional;mensual;CCAA_COMUNIDAD_VALENCIANA;90.3
2010-08;regional;mensual;CCAA_COMUNIDAD_VALENCIANA;90.59
2010-09;regional;mensual;CCAA_COMUNIDAD_VALENCIANA;90.47
2010-10;regional;mensual;CCAA_COMUNIDAD_VALENCIANA;91.33
2010-11;regional;mensual;CCAA_COMUNIDAD_VALENCIANA;91.8
2010-12;regional;mensual;CCAA_COMUNIDAD_VALENCIANA;92.06
2011-01;regional;mensual;CCAA_COMUNIDAD_VALENCIANA;90.87
2011-02;regional;mensual;CCAA_COMUNIDAD_VALENCIANA;90.86
2011-03;regional;mensual;CCAA_COMUNIDAD_VALENCIANA;91.3
2011-04;regional;mensual;CCAA_COMUNIDAD_VALENCIANA;92.58
2011-05;regional;mensual;CCAA_COMUNIDAD_VALENCIANA;92.69
2011-06;regional;mensual;CCAA_COMUNIDAD_VALENCIANA;92.6
2011-07;regional;mensual;CCAA_COMUNIDAD_VALENCIANA;91.72
2011-08;regional;mensual;CCAA_COMUNIDAD_VALENCIANA;91.93
2011-09;regional;mensual;CCAA_COMUNIDAD_VALENCIANA;91.94
2011-10;regional;mensual;CCAA_COMUNIDAD_VALENCIANA;92.81
2011-11;regional;mensual;CCAA_COMUNIDAD_VALENCIANA;93.24
2011-12;regional;mensual;CCAA_COMUNIDAD_VALENCIANA;93.24
2012-01;regional;mensual;CCAA_COMUNIDAD_VALENCIANA;91.92
2012-02;regional;mensual;CCAA_COMUNIDAD_VALENCIANA;91.86
2012-03;regional;mensual;CCAA_COMUNIDAD_VALENCIANA;92.27
2012-04;regional;mensual;CCAA_COMUNIDAD_VALENCIANA;93.45
2012-05;regional;mensual;CCAA_COMUNIDAD_VALENCIANA;93.67
2012-06;regional;mensual;CCAA_COMUNIDAD_VALENCIANA;93.67
2012-07;regional;mensual;CCAA_COMUNIDAD_VALENCIANA;92.86
2012-08;regional;mensual;CCAA_COMUNIDAD_VALENCIANA;93.11
2012-09;regional;mensual;CCAA_COMUNIDAD_VALENCIANA;93.76
2012-10;regional;mensual;CCAA_COMUNIDAD_VALENCIANA;94.94
2012-11;regional;mensual;CCAA_COMUNIDAD_VALENCIANA;95.19
2012-12;regional;mensual;CCAA_COMUNIDAD_VALENCIANA;95.2
2013-01;regional;mensual;CCAA_COMUNIDAD_VALENCIANA;93.81
2013-02;regional;mensual;CCAA_COMUNIDAD_VALENCIANA;93.87
2013-03;regional;mensual;CCAA_COMUNIDAD_VALENCIANA;94.27
2013-04;regional;mensual;CCAA_COMUNIDAD_VALENCIANA;95.12
2013-05;regional;mensual;CCAA_COMUNIDAD_VALENCIANA;95.39
2013-06;regional;mensual;CCAA_COMUNIDAD_VALENCIANA;95.31
2013-07;regional;mensual;CCAA_COMUNIDAD_VALENCIANA;94.17
2013-08;regional;mensual;CCAA_COMUNIDAD_VALENCIANA;94.38
2013-09;regional;mensual;CCAA_COMUNIDAD_VALENCIANA;94.38
2013-10;regional;mensual;CCAA_COMUNIDAD_VALENCIANA;95.09
2013-11;regional;mensual;CCAA_COMUNIDAD_VALENCIANA;95.45
2013-12;regional;mensual;CCAA_COMUNIDAD_VALENCIANA;95.36
2014-01;regional;mensual;CCAA_COMUNIDAD_VALENCIANA;93.82
2014-02;regional;mensual;CCAA_COMUNIDAD_VALENCIANA;93.81
2014-03;regional;mensual;CCAA_COMUNIDAD_VALENCIANA;94.17
2014-04;regional;mensual;CCAA_COMUNIDAD_VALENCIANA;95.21
2014-05;regional;mensual;CCAA_COMUNIDAD_VALENCIANA;95.4
2014-06;regional;mensual;CCAA_COMUNIDAD_VALENCIANA;95.34
2014-07;regional;mensual;CCAA_COMUNIDAD_VALENCIANA;94.17
2014-08;regional;mensual;CCAA_COMUNIDAD_VALENCIANA;94.32
2014-09;regional;mensual;CCAA_COMUNIDAD_VALENCIANA;94.22
2014-10;regional;mensual;CCAA_COMUNIDAD_VALENCIANA;94.93
2014-11;regional;mensual;CCAA_COMUNIDAD_VALENCIANA;95.34
2014-12;regional;mensual;CCAA_COMUNIDAD_VALENCIANA;95.25
2015-01;regional;mensual;CCAA_COMUNIDAD_VALENCIANA;93.94
2015-02;regional;mensual;CCAA_COMUNIDAD_VALENCIANA;93.95
2015-03;regional;mensual;CCAA_COMUNIDAD_VALENCIANA;94.37
2015-04;regional;mensual;CCAA_COMUNIDAD_VALENCIANA;95.48
2015-05;regional;mensual;CCAA_COMUNIDAD_VALENCIANA;95.82
2015-06;regional;mensual;CCAA_COMUNIDAD_VALENCIANA;95.95
2015-07;regional;mensual;CCAA_COMUNIDAD_VALENCIANA;94.92
2015-08;regional;mensual;CCAA_COMUNIDAD_VALENCIANA;95.01
2015-09;regional;mensual;CCAA_COMUNIDAD_VALENCIANA;95.01
2015-10;regional;mensual;CCAA_COMUNIDAD_VALENCIANA;95.87
2015-11;regional;mensual;CCAA_COMUNIDAD_VALENCIANA;96.25
2015-12;regional;mensual;CCAA_COMUNIDAD_VALENCIANA;96.19
2016-01;regional;mensual;CCAA_COMUNIDAD_VALENCIANA;94.56
2016-02;regional;mensual;CCAA_COMUNIDAD_VALENCIANA;94.63
2016-03;regional;mensual;CCAA_COMUNIDAD_VALENCIANA;95.04
2016-04;regional;mensual;CCAA_COMUNIDAD_VALENCIANA;95.96
2016-05;regional;mensual;CCAA_COMUNIDAD_VALENCIANA;96.33
2016-06;regional;mensual;CCAA_COMUNIDAD_VALENCIANA;96.33
2016-07;regional;mensual;CCAA_COMUNIDAD_VALENCIANA;95.34
2016-08;regional;mensual;CCAA_COMUNIDAD_VALENCIANA;95.7
2016-09;regional;mensual;CCAA_COMUNIDAD_VALENCIANA;95.5
2016-10;regional;mensual;CCAA_COMUNIDAD_VALENCIANA;96.33
2016-11;regional;mensual;CCAA_COMUNIDAD_VALENCIANA;96.79
2016-12;regional;mensual;CCAA_COMUNIDAD_VALENCIANA;96.82
2017-01;regional;mensual;CCAA_COMUNIDAD_VALENCIANA;95.55
2017-02;regional;mensual;CCAA_COMUNIDAD_VALENCIANA;95.46
2017-03;regional;mensual;CCAA_COMUNIDAD_VALENCIANA;95.82
2017-04;regional;mensual;CCAA_COMUNIDAD_VALENCIANA;96.97
2017-05;regional;mensual;CCAA_COMUNIDAD_VALENCIANA;97.14
2017-06;regional;mensual;CCAA_COMUNIDAD_VALENCIANA;97.37
2017-07;regional;mensual;CCAA_COMUNIDAD_VALENCIANA;96.61
2017-08;regional;mensual;CCAA_COMUNIDAD_VALENCIANA;96.83
2017-09;regional;mensual;CCAA_COMUNIDAD_VALENCIANA;96.65
2017-10;regional;mensual;CCAA_COMUNIDAD_VALENCIANA;97.19
2017-11;regional;mensual;CCAA_COMUNIDAD_VALENCIANA;97.62
2017-12;regional;mensual;CCAA_COMUNIDAD_VALENCIANA;97.62
2018-01;regional;mensual;CCAA_COMUNIDAD_VALENCIANA;96.34
2018-02;regional;mensual;CCAA_COMUNIDAD_VALENCIANA;96.6
2018-03;regional;mensual;CCAA_COMUNIDAD_VALENCIANA;97.07
2018-04;regional;mensual;CCAA_COMUNIDAD_VALENCIANA;97.96
2018-05;regional;mensual;CCAA_COMUNIDAD_VALENCIANA;98.34
2018-06;regional;mensual;CCAA_COMUNIDAD_VALENCIANA;98.44
2018-07;regional;mensual;CCAA_COMUNIDAD_VALENCIANA;97.55
2018-08;regional;mensual;CCAA_COMUNIDAD_VALENCIANA;97.72
2018-09;regional;mensual;CCAA_COMUNIDAD_VALENCIANA;97.63
2018-10;regional;mensual;CCAA_COMUNIDAD_VALENCIANA;98.34
2018-11;regional;mensual;CCAA_COMUNIDAD_VALENCIANA;98.56
2018-12;regional;mensual;CCAA_COMUNIDAD_VALENCIANA;98.58
2019-01;regional;mensual;CCAA_COMUNIDAD_VALENCIANA;97.21
2019-02;regional;mensual;CCAA_COMUNIDAD_VALENCIANA;97.29
2019-03;regional;mensual;CCAA_COMUNIDAD_VALENCIANA;97.78
2019-04;regional;mensual;CCAA_COMUNIDAD_VALENCIANA;98.93
2019-05;regional;mensual;CCAA_COMUNIDAD_VALENCIANA;99.13
2019-06;regional;mensual;CCAA_COMUNIDAD_VALENCIANA;99.2
2019-07;regional;mensual;CCAA_COMUNIDAD_VALENCIANA;98.28
2019-08;regional;mensual;CCAA_COMUNIDAD_VALENCIANA;98.52
2019-09;regional;mensual;CCAA_COMUNIDAD_VALENCIANA;98.49
2019-10;regional;mensual;CCAA_COMUNIDAD_VALENCIANA;99.21
2019-11;regional;mensual;CCAA_COMUNIDAD_VALENCIANA;99.48
2019-12;regional;mensual;CCAA_COMUNIDAD_VALENCIANA;99.57
2020-01;regional;mensual;CCAA_COMUNIDAD_VALENCIANA;98.16
2020-02;regional;mensual;CCAA_COMUNIDAD_VALENCIANA;98.28
2020-03;regional;mensual;CCAA_COMUNIDAD_VALENCIANA;98.66
2020-04;regional;mensual;CCAA_COMUNIDAD_VALENCIANA;99.86
2020-05;regional;mensual;CCAA_COMUNIDAD_VALENCIANA;99.98
2020-06;regional;mensual;CCAA_COMUNIDAD_VALENCIANA;100.02
2020-07;regional;mensual;CCAA_COMUNIDAD_VALENCIANA;98.89
2020-08;regional;mensual;CCAA_COMUNIDAD_VALENCIANA;98.86
2020-09;regional;mensual;CCAA_COMUNIDAD_VALENCIANA;98.9
2020-10;regional;mensual;CCAA_COMUNIDAD_VALENCIANA;99.44
2020-11;regional;mensual;CCAA_COMUNIDAD_VALENCIANA;99.79
2020-12;regional;mensual;CCAA_COMUNIDAD_VALENCIANA;99.71
2021-01;regional;mensual;CCAA_COMUNIDAD_VALENCIANA;98.69
2021-02;regional;mensual;CCAA_COMUNIDAD_VALENCIANA;98.72
2021-03;regional;mensual;CCAA_COMUNIDAD_VALENCIANA;99.04
2021-04;regional;mensual;CCAA_COMUNIDAD_VALENCIANA;99.97
2021-05;regional;mensual;CCAA_COMUNIDAD_VALENCIANA;100.37
2021-06;regional;mensual;CCAA_COMUNIDAD_VALENCIANA;100.34
2021-07;regional;mensual;CCAA_COMUNIDAD_VALENCIANA;99.46
2021-08;regional;mensual;CCAA_COMUNIDAD_VALENCIANA;99.54
2021-09;regional;mensual;CCAA_COMUNIDAD_VALENCIANA;99.84
2021-10;regional;mensual;CCAA_COMUNIDAD_VALENCIANA;100.83
2021-11;regional;mensual;CCAA_COMUNIDAD_VALENCIANA;101.44
2021-12;regional;mensual;CCAA_COMUNIDAD_VALENCIANA;101.75
2022-01;regional;mensual;CCAA_COMUNIDAD_VALENCIANA;101.02
2022-02;regional;mensual;CCAA_COMUNIDAD_VALENCIANA;101.68
2022-03;regional;mensual;CCAA_COMUNIDAD_VALENCIANA;102.63
2022-04;regional;mensual;CCAA_COMUNIDAD_VALENCIANA;104.53
2022-05;regional;mensual;CCAA_COMUNIDAD_VALENCIANA;105.13
2022-06;regional;mensual;CCAA_COMUNIDAD_VALENCIANA;105.84
2022-07;regional;mensual;CCAA_COMUNIDAD_VALENCIANA;105.64
2022-08;regional;mensual;CCAA_COMUNIDAD_VALENCIANA;106.1
2022-09;regional;mensual;CCAA_COMUNIDAD_VALENCIANA;106.34
2022-10;regional;mensual;CCAA_COMUNIDAD_VALENCIANA;107.28
2022-11;regional;mensual;CCAA_COMUNIDAD_VALENCIANA;107.94
2022-12;regional;mensual;CCAA_COMUNIDAD_VALENCIANA;108.98
2023-01;regional;mensual;CCAA_COMUNIDAD_VALENCIANA;108.88
2023-02;regional;mensual;CCAA_COMUNIDAD_VALENCIANA;109.77
2023-03;regional;mensual;CCAA_COMUNIDAD_VALENCIANA;110.55
2023-04;regional;mensual;CCAA_COMUNIDAD_VALENCIANA;111.5
2023-05;regional;mensual;CCAA_COMUNIDAD_VALENCIANA;111.68
2023-06;regional;mensual;CCAA_COMUNIDAD_VALENCIANA;112.34
2023-07;regional;mensual;CCAA_COMUNIDAD_VALENCIANA;112.32
2023-08;regional;mensual;CCAA_COMUNIDAD_VALENCIANA;112.74
2023-09;regional;mensual;CCAA_COMUNIDAD_VALENCIANA;112.55
2023-10;regional;mensual;CCAA_COMUNIDAD_VALENCIANA;112.9
2023-11;regional;mensual;CCAA_COMUNIDAD_VALENCIANA;113.08
2023-12;regional;mensual;CCAA_COMUNIDAD_VALENCIANA;113.35
2024-01;regional;mensual;CCAA_COMUNIDAD_VALENCIANA;112.89
2024-02;regional;mensual;CCAA_COMUNIDAD_VALENCIANA;113.48
2024-03;regional;mensual;CCAA_COMUNIDAD_VALENCIANA;114.18
2024-04;regional;mensual;CCAA_COMUNIDAD_VALENCIANA;114.67
2024-05;regional;mensual;CCAA_COMUNIDAD_VALENCIANA;115.07
2024-06;regional;mensual;CCAA_COMUNIDAD_VALENCIANA;115.62
2024-07;regional;mensual;CCAA_COMUNIDAD_VALENCIANA;115.35
2024-08;regional;mensual;CCAA_COMUNIDAD_VALENCIANA;115.64
2002-01;regional;mensual;CCAA_ILLES_BALEARS;73.66
2002-02;regional;mensual;CCAA_ILLES_BALEARS;73.89
2002-03;regional;mensual;CCAA_ILLES_BALEARS;74.29
2002-04;regional;mensual;CCAA_ILLES_BALEARS;74.96
2002-05;regional;mensual;CCAA_ILLES_BALEARS;75.18
2002-06;regional;mensual;CCAA_ILLES_BALEARS;75.39
2002-07;regional;mensual;CCAA_ILLES_BALEARS;75.25
2002-08;regional;mensual;CCAA_ILLES_BALEARS;75.06
2002-09;regional;mensual;CCAA_ILLES_BALEARS;75.19
2002-10;regional;mensual;CCAA_ILLES_BALEARS;75.59
2002-11;regional;mensual;CCAA_ILLES_BALEARS;76.22
2002-12;regional;mensual;CCAA_ILLES_BALEARS;76.43
2003-01;regional;mensual;CCAA_ILLES_BALEARS;76.15
2003-02;regional;mensual;CCAA_ILLES_BALEARS;76.27
2003-03;regional;mensual;CCAA_ILLES_BALEARS;76.64
2003-04;regional;mensual;CCAA_ILLES_BALEARS;77.45
2003-05;regional;mensual;CCAA_ILLES_BALEARS;77.55
2003-06;regional;mensual;CCAA_ILLES_BALEARS;77.62
2003-07;regional;mensual;CCAA_ILLES_BALEARS;77.52
2003-08;regional;mensual;CCAA_ILLES_BALEARS;77.2
2003-09;regional;mensual;CCAA_ILLES_BALEARS;77.25
2003-10;regional;mensual;CCAA_ILLES_BALEARS;77.62
2003-11;regional;mensual;CCAA_ILLES_BALEARS;78.12
2003-12;regional;mensual;CCAA_ILLES_BALEARS;78.18
2004-01;regional;mensual;CCAA_ILLES_BALEARS;77.62
2004-02;regional;mensual;CCAA_ILLES_BALEARS;77.78
2004-03;regional;mensual;CCAA_ILLES_BALEARS;78.18
2004-04;regional;mensual;CCAA_ILLES_BALEARS;78.95
2004-05;regional;mensual;CCAA_ILLES_BALEARS;79.47
2004-06;regional;mensual;CCAA_ILLES_BALEARS;79.65
2004-07;regional;mensual;CCAA_ILLES_BALEARS;79.47
2004-08;regional;mensual;CCAA_ILLES_BALEARS;79.51
2004-09;regional;mensual;CCAA_ILLES_BALEARS;79.55
2004-10;regional;mensual;CCAA_ILLES_BALEARS;79.68
2004-11;regional;mensual;CCAA_ILLES_BALEARS;80.28
2004-12;regional;mensual;CCAA_ILLES_BALEARS;80.35
2005-01;regional;mensual;CCAA_ILLES_BALEARS;80.05
2005-02;regional;mensual;CCAA_ILLES_BALEARS;79.88
2005-03;regional;mensual;CCAA_ILLES_BALEARS;80.26
2005-04;regional;mensual;CCAA_ILLES_BALEARS;81.06
2005-05;regional;mensual;CCAA_ILLES_BALEARS;81.31
2005-06;regional;mensual;CCAA_ILLES_BALEARS;81.46
2005-07;regional;mensual;CCAA_ILLES_BALEARS;81.32
2005-08;regional;mensual;CCAA_ILLES_BALEARS;81.12
2005-09;regional;mensual;CCAA_ILLES_BALEARS;81.17
2005-10;regional;mensual;CCAA_ILLES_BALEARS;81.55
2005-11;regional;mensual;CCAA_ILLES_BALEARS;82.25
2005-12;regional;mensual;CCAA_ILLES_BALEARS;82.46
2006-01;regional;mensual;CCAA_ILLES_BALEARS;82.0
2006-02;regional;mensual;CCAA_ILLES_BALEARS;82.03
2006-03;regional;mensual;CCAA_ILLES_BALEARS;82.45
2006-04;regional;mensual;CCAA_ILLES_BALEARS;83.32
2006-05;regional;mensual;CCAA_ILLES_BALEARS;83.67
2006-06;regional;mensual;CCAA_ILLES_BALEARS;83.89
2006-07;regional;mensual;CCAA_ILLES_BALEARS;83.74
2006-08;regional;mensual;CCAA_ILLES_BALEARS;83.48
2006-09;regional;mensual;CCAA_ILLES_BALEARS;83.53
2006-10;regional;mensual;CCAA_ILLES_BALEARS;83.86
2006-11;regional;mensual;CCAA_ILLES_BALEARS;84.56
2006-12;regional;mensual;CCAA_ILLES_BALEARS;84.58
2007-01;regional;mensual;CCAA_ILLES_BALEARS;84.29
2007-02;regional;mensual;CCAA_ILLES_BALEARS;84.17
2007-03;regional;mensual;CCAA_ILLES_BALEARS;84.44
2007-04;regional;mensual;CCAA_ILLES_BALEARS;85.41
2007-05;regional;mensual;CCAA_ILLES_BALEARS;85.69
2007-06;regional;mensual;CCAA_ILLES_BALEARS;85.84
2007-07;regional;mensual;CCAA_ILLES_BALEARS;85.64
2007-08;regional;mensual;CCAA_ILLES_BALEARS;85.59
2007-09;regional;mensual;CCAA_ILLES_BALEARS;85.53
2007-10;regional;mensual;CCAA_ILLES_BALEARS;86.04
2007-11;regional;mensual;CCAA_ILLES_BALEARS;86.8
2007-12;regional;mensual;CCAA_ILLES_BALEARS;87.06
2008-01;regional;mensual;CCAA_ILLES_BALEARS;86.49
2008-02;regional;mensual;CCAA_ILLES_BALEARS;86.63
2008-03;regional;mensual;CCAA_ILLES_BALEARS;87.17
2008-04;regional;mensual;CCAA_ILLES_BALEARS;88.0
2008-05;regional;mensual;CCAA_ILLES_BALEARS;88.34
2008-06;regional;mensual;CCAA_ILLES_BALEARS;88.63
2008-07;regional;mensual;CCAA_ILLES_BALEARS;88.42
2008-08;regional;mensual;CCAA_ILLES_BALEARS;88.41
2008-09;regional;mensual;CCAA_ILLES_BALEARS;88.43
2008-10;regional;mensual;CCAA_ILLES_BALEARS;88.8
2008-11;regional;mensual;CCAA_ILLES_BALEARS;89.14
2008-12;regional;mensual;CCAA_ILLES_BALEARS;89.18
2009-01;regional;mensual;CCAA_ILLES_BALEARS;88.26
2009-02;regional;mensual;CCAA_ILLES_BALEARS;88.11
2009-03;regional;mensual;CCAA_ILLES_BALEARS;88.49
2009-04;regional;mensual;CCAA_ILLES_BALEARS;89.08
2009-05;regional;mensual;CCAA_ILLES_BALEARS;89.21
2009-06;regional;mensual;CCAA_ILLES_BALEARS;89.32
2009-07;regional;mensual;CCAA_ILLES_BALEARS;88.99
2009-08;regional;mensual;CCAA_ILLES_BALEARS;88.71
2009-09;regional;mensual;CCAA_ILLES_BALEARS;88.44
2009-10;regional;mensual;CCAA_ILLES_BALEARS;88.75
2009-11;regional;mensual;CCAA_ILLES_BALEARS;89.33
2009-12;regional;mensual;CCAA_ILLES_BALEARS;89.28
2010-01;regional;mensual;CCAA_ILLES_BALEARS;88.44
2010-02;regional;mensual;CCAA_ILLES_BALEARS;88.27
2010-03;regional;mensual;CCAA_ILLES_BALEARS;88.74
2010-04;regional;mensual;CCAA_ILLES_BALEARS;89.02
2010-05;regional;mensual;CCAA_ILLES_BALEARS;89.45
2010-06;regional;mensual;CCAA_ILLES_BALEARS;89.73
2010-07;regional;mensual;CCAA_ILLES_BALEARS;89.79
2010-08;regional;mensual;CCAA_ILLES_BALEARS;89.76
2010-09;regional;mensual;CCAA_ILLES_BALEARS;89.4
2010-10;regional;mensual;CCAA_ILLES_BALEARS;89.5
2010-11;regional;mensual;CCAA_ILLES_BALEARS;90.17
2010-12;regional;mensual;CCAA_ILLES_BALEARS;90.42
2011-01;regional;mensual;CCAA_ILLES_BALEARS;89.53
2011-02;regional;mensual;CCAA_ILLES_BALEARS;89.8
2011-03;regional;mensual;CCAA_ILLES_BALEARS;89.91
2011-04;regional;mensual;CCAA_ILLES_BALEARS;90.78
2011-05;regional;mensual;CCAA_ILLES_BALEARS;91.04
2011-06;regional;mensual;CCAA_ILLES_BALEARS;91.13
2011-07;regional;mensual;CCAA_ILLES_BALEARS;90.82
2011-08;regional;mensual;CCAA_ILLES_BALEARS;90.78
2011-09;regional;mensual;CCAA_ILLES_BALEARS;90.66
2011-10;regional;mensual;CCAA_ILLES_BALEARS;91.09
2011-11;regional;mensual;CCAA_ILLES_BALEARS;91.57
2011-12;regional;mensual;CCAA_ILLES_BALEARS;91.77
2012-01;regional;mensual;CCAA_ILLES_BALEARS;90.77
2012-02;regional;mensual;CCAA_ILLES_BALEARS;90.33
2012-03;regional;mensual;CCAA_ILLES_BALEARS;90.84
2012-04;regional;mensual;CCAA_ILLES_BALEARS;91.67
2012-05;regional;mensual;CCAA_ILLES_BALEARS;91.97
2012-06;regional;mensual;CCAA_ILLES_BALEARS;92.08
2012-07;regional;mensual;CCAA_ILLES_BALEARS;91.9
2012-08;regional;mensual;CCAA_ILLES_BALEARS;91.87
2012-09;regional;mensual;CCAA_ILLES_BALEARS;92.53
2012-10;regional;mensual;CCAA_ILLES_BALEARS;93.41
2012-11;regional;mensual;CCAA_ILLES_BALEARS;93.8
2012-12;regional;mensual;CCAA_ILLES_BALEARS;93.85
2013-01;regional;mensual;CCAA_ILLES_BALEARS;92.7
2013-02;regional;mensual;CCAA_ILLES_BALEARS;92.55
2013-03;regional;mensual;CCAA_ILLES_BALEARS;92.9
2013-04;regional;mensual;CCAA_ILLES_BALEARS;93.46
2013-05;regional;mensual;CCAA_ILLES_BALEARS;93.81
2013-06;regional;mensual;CCAA_ILLES_BALEARS;94.07
2013-07;regional;mensual;CCAA_ILLES_BALEARS;93.54
2013-08;regional;mensual;CCAA_ILLES_BALEARS;93.45
2013-09;regional;mensual;CCAA_ILLES_BALEARS;93.27
2013-10;regional;mensual;CCAA_ILLES_BALEARS;93.53
2013-11;regional;mensual;CCAA_ILLES_BALEARS;94.05
2013-12;regional;mensual;CCAA_ILLES_BALEARS;94.17
2014-01;regional;mensual;CCAA_ILLES_BALEARS;92.95
2014-02;regional;mensual;CCAA_ILLES_BALEARS;92.92
2014-03;regional;mensual;CCAA_ILLES_BALEARS;93.19
2014-04;regional;mensual;CCAA_ILLES_BALEARS;93.82
2014-05;regional;mensual;CCAA_ILLES_BALEARS;94.08
2014-06;regional;mensual;CCAA_ILLES_BALEARS;94.38
2014-07;regional;mensual;CCAA_ILLES_BALEARS;93.78
2014-08;regional;mensual;CCAA_ILLES_BALEARS;93.78
2014-09;regional;mensual;CCAA_ILLES_BALEARS;93.56
2014-10;regional;mensual;CCAA_ILLES_BALEARS;93.71
2014-11;regional;mensual;CCAA_ILLES_BALEARS;94.26
2014-12;regional;mensual;CCAA_ILLES_BALEARS;94.36
2015-01;regional;mensual;CCAA_ILLES_BALEARS;93.28
2015-02;regional;mensual;CCAA_ILLES_BALEARS;93.1
2015-03;regional;mensual;CCAA_ILLES_BALEARS;93.47
2015-04;regional;mensual;CCAA_ILLES_BALEARS;94.27
2015-05;regional;mensual;CCAA_ILLES_BALEARS;94.82
2015-06;regional;mensual;CCAA_ILLES_BALEARS;95.18
2015-07;regional;mensual;CCAA_ILLES_BALEARS;94.86
2015-08;regional;mensual;CCAA_ILLES_BALEARS;94.89
2015-09;regional;mensual;CCAA_ILLES_BALEARS;94.7
2015-10;regional;mensual;CCAA_ILLES_BALEARS;94.96
2015-11;regional;mensual;CCAA_ILLES_BALEARS;95.44
2015-12;regional;mensual;CCAA_ILLES_BALEARS;95.47
2016-01;regional;mensual;CCAA_ILLES_BALEARS;94.34
2016-02;regional;mensual;CCAA_ILLES_BALEARS;94.32
2016-03;regional;mensual;CCAA_ILLES_BALEARS;94.64
2016-04;regional;mensual;CCAA_ILLES_BALEARS;95.3
2016-05;regional;mensual;CCAA_ILLES_BALEARS;95.67
2016-06;regional;mensual;CCAA_ILLES_BALEARS;95.84
2016-07;regional;mensual;CCAA_ILLES_BALEARS;95.51
2016-08;regional;mensual;CCAA_ILLES_BALEARS;95.7
2016-09;regional;mensual;CCAA_ILLES_BALEARS;95.4
2016-10;regional;mensual;CCAA_ILLES_BALEARS;95.69
2016-11;regional;mensual;CCAA_ILLES_BALEARS;96.28
2016-12;regional;mensual;CCAA_ILLES_BALEARS;96.45
2017-01;regional;mensual;CCAA_ILLES_BALEARS;95.43
2017-02;regional;mensual;CCAA_ILLES_BALEARS;95.44
2017-03;regional;mensual;CCAA_ILLES_BALEARS;95.86
2017-04;regional;mensual;CCAA_ILLES_BALEARS;96.79
2017-05;regional;mensual;CCAA_ILLES_BALEARS;97.02
2017-06;regional;mensual;CCAA_ILLES_BALEARS;97.45
2017-07;regional;mensual;CCAA_ILLES_BALEARS;97.19
2017-08;regional;mensual;CCAA_ILLES_BALEARS;97.33
2017-09;regional;mensual;CCAA_ILLES_BALEARS;97.02
2017-10;regional;mensual;CCAA_ILLES_BALEARS;97.01
2017-11;regional;mensual;CCAA_ILLES_BALEARS;97.42
2017-12;regional;mensual;CCAA_ILLES_BALEARS;97.53
2018-01;regional;mensual;CCAA_ILLES_BALEARS;96.48
2018-02;regional;mensual;CCAA_ILLES_BALEARS;96.59
2018-03;regional;mensual;CCAA_ILLES_BALEARS;96.97
2018-04;regional;mensual;CCAA_ILLES_BALEARS;97.72
2018-05;regional;mensual;CCAA_ILLES_BALEARS;98.27
2018-06;regional;mensual;CCAA_ILLES_BALEARS;98.53
2018-07;regional;mensual;CCAA_ILLES_BALEARS;97.97
2018-08;regional;mensual;CCAA_ILLES_BALEARS;97.96
2018-09;regional;mensual;CCAA_ILLES_BALEARS;97.57
2018-10;regional;mensual;CCAA_ILLES_BALEARS;97.77
2018-11;regional;mensual;CCAA_ILLES_BALEARS;97.92
2018-12;regional;mensual;CCAA_ILLES_BALEARS;97.99
2019-01;regional;mensual;CCAA_ILLES_BALEARS;96.95
2019-02;regional;mensual;CCAA_ILLES_BALEARS;96.89
2019-03;regional;mensual;CCAA_ILLES_BALEARS;97.44
2019-04;regional;mensual;CCAA_ILLES_BALEARS;98.29
2019-05;regional;mensual;CCAA_ILLES_BALEARS;98.6
2019-06;regional;mensual;CCAA_ILLES_BALEARS;99.02
2019-07;regional;mensual;CCAA_ILLES_BALEARS;98.6
2019-08;regional;mensual;CCAA_ILLES_BALEARS;98.74
2019-09;regional;mensual;CCAA_ILLES_BALEARS;98.56
2019-10;regional;mensual;CCAA_ILLES_BALEARS;98.66
2019-11;regional;mensual;CCAA_ILLES_BALEARS;98.92
2019-12;regional;mensual;CCAA_ILLES_BALEARS;99.19
2020-01;regional;mensual;CCAA_ILLES_BALEARS;98.03
2020-02;regional;mensual;CCAA_ILLES_BALEARS;98.11
2020-03;regional;mensual;CCAA_ILLES_BALEARS;98.57
2020-04;regional;mensual;CCAA_ILLES_BALEARS;99.27
2020-05;regional;mensual;CCAA_ILLES_BALEARS;99.44
2020-06;regional;mensual;CCAA_ILLES_BALEARS;99.52
2020-07;regional;mensual;CCAA_ILLES_BALEARS;99.01
2020-08;regional;mensual;CCAA_ILLES_BALEARS;98.8
2020-09;regional;mensual;CCAA_ILLES_BALEARS;98.7
2020-10;regional;mensual;CCAA_ILLES_BALEARS;98.82
2020-11;regional;mensual;CCAA_ILLES_BALEARS;99.31
2020-12;regional;mensual;CCAA_ILLES_BALEARS;99.33
2021-01;regional;mensual;CCAA_ILLES_BALEARS;98.73
2021-02;regional;mensual;CCAA_ILLES_BALEARS;98.73
2021-03;regional;mensual;CCAA_ILLES_BALEARS;99.18
2021-04;regional;mensual;CCAA_ILLES_BALEARS;99.67
2021-05;regional;mensual;CCAA_ILLES_BALEARS;100.1
2021-06;regional;mensual;CCAA_ILLES_BALEARS;100.38
2021-07;regional;mensual;CCAA_ILLES_BALEARS;99.91
2021-08;regional;mensual;CCAA_ILLES_BALEARS;99.73
2021-09;regional;mensual;CCAA_ILLES_BALEARS;99.94
2021-10;regional;mensual;CCAA_ILLES_BALEARS;100.59
2021-11;regional;mensual;CCAA_ILLES_BALEARS;101.44
2021-12;regional;mensual;CCAA_ILLES_BALEARS;101.59
2022-01;regional;mensual;CCAA_ILLES_BALEARS;101.23
2022-02;regional;mensual;CCAA_ILLES_BALEARS;101.71
2022-03;regional;mensual;CCAA_ILLES_BALEARS;102.36
2022-04;regional;mensual;CCAA_ILLES_BALEARS;104.0
2022-05;regional;mensual;CCAA_ILLES_BALEARS;104.99
2022-06;regional;mensual;CCAA_ILLES_BALEARS;105.97
2022-07;regional;mensual;CCAA_ILLES_BALEARS;106.01
2022-08;regional;mensual;CCAA_ILLES_BALEARS;106.69
2022-09;regional;mensual;CCAA_ILLES_BALEARS;106.72
2022-10;regional;mensual;CCAA_ILLES_BALEARS;107.41
2022-11;regional;mensual;CCAA_ILLES_BALEARS;107.83
2022-12;regional;mensual;CCAA_ILLES_BALEARS;108.83
2023-01;regional;mensual;CCAA_ILLES_BALEARS;108.99
2023-02;regional;mensual;CCAA_ILLES_BALEARS;109.86
2023-03;regional;mensual;CCAA_ILLES_BALEARS;110.47
2023-04;regional;mensual;CCAA_ILLES_BALEARS;111.52
2023-05;regional;mensual;CCAA_ILLES_BALEARS;112.03
2023-06;regional;mensual;CCAA_ILLES_BALEARS;112.85
2023-07;regional;mensual;CCAA_ILLES_BALEARS;113.05
2023-08;regional;mensual;CCAA_ILLES_BALEARS;113.69
2023-09;regional;mensual;CCAA_ILLES_BALEARS;113.37
2023-10;regional;mensual;CCAA_ILLES_BALEARS;113.18
2023-11;regional;mensual;CCAA_ILLES_BALEARS;112.9
2023-12;regional;mensual;CCAA_ILLES_BALEARS;113.14
2024-01;regional;mensual;CCAA_ILLES_BALEARS;112.81
2024-02;regional;mensual;CCAA_ILLES_BALEARS;113.31
2024-03;regional;mensual;CCAA_ILLES_BALEARS;113.96
2024-04;regional;mensual;CCAA_ILLES_BALEARS;115.08
2024-05;regional;mensual;CCAA_ILLES_BALEARS;115.55
2024-06;regional;mensual;CCAA_ILLES_BALEARS;116.36
2024-07;regional;mensual;CCAA_ILLES_BALEARS;116.26
2024-08;regional;mensual;CCAA_ILLES_BALEARS;116.8
2002-01;regional;mensual;CCAA_CASTILLA_LEON;74.45
2002-02;regional;mensual;CCAA_CASTILLA_LEON;74.52
2002-03;regional;mensual;CCAA_CASTILLA_LEON;75.08
2002-04;regional;mensual;CCAA_CASTILLA_LEON;75.85
2002-05;regional;mensual;CCAA_CASTILLA_LEON;76.14
2002-06;regional;mensual;CCAA_CASTILLA_LEON;76.24
2002-07;regional;mensual;CCAA_CASTILLA_LEON;75.55
2002-08;regional;mensual;CCAA_CASTILLA_LEON;75.72
2002-09;regional;mensual;CCAA_CASTILLA_LEON;76.01
2002-10;regional;mensual;CCAA_CASTILLA_LEON;77.07
2002-11;regional;mensual;CCAA_CASTILLA_LEON;77.33
2002-12;regional;mensual;CCAA_CASTILLA_LEON;77.39
2003-01;regional;mensual;CCAA_CASTILLA_LEON;76.56
2003-02;regional;mensual;CCAA_CASTILLA_LEON;76.67
2003-03;regional;mensual;CCAA_CASTILLA_LEON;77.17
2003-04;regional;mensual;CCAA_CASTILLA_LEON;78.09
2003-05;regional;mensual;CCAA_CASTILLA_LEON;78.21
2003-06;regional;mensual;CCAA_CASTILLA_LEON;78.3
2003-07;regional;mensual;CCAA_CASTILLA_LEON;77.48
2003-08;regional;mensual;CCAA_CASTILLA_LEON;77.6
2003-09;regional;mensual;CCAA_CASTILLA_LEON;77.77
2003-10;regional;mensual;CCAA_CASTILLA_LEON;78.67
2003-11;regional;mensual;CCAA_CASTILLA_LEON;78.9
2003-12;regional;mensual;CCAA_CASTILLA_LEON;78.94
2004-01;regional;mensual;CCAA_CASTILLA_LEON;77.92
2004-02;regional;mensual;CCAA_CASTILLA_LEON;78.14
2004-03;regional;mensual;CCAA_CASTILLA_LEON;78.68
2004-04;regional;mensual;CCAA_CASTILLA_LEON;79.76
2004-05;regional;mensual;CCAA_CASTILLA_LEON;80.03
2004-06;regional;mensual;CCAA_CASTILLA_LEON;80.24
2004-07;regional;mensual;CCAA_CASTILLA_LEON;79.41
2004-08;regional;mensual;CCAA_CASTILLA_LEON;79.61
2004-09;regional;mensual;CCAA_CASTILLA_LEON;79.93
2004-10;regional;mensual;CCAA_CASTILLA_LEON;80.62
2004-11;regional;mensual;CCAA_CASTILLA_LEON;80.94
2004-12;regional;mensual;CCAA_CASTILLA_LEON;80.94
2005-01;regional;mensual;CCAA_CASTILLA_LEON;79.92
2005-02;regional;mensual;CCAA_CASTILLA_LEON;80.11
2005-03;regional;mensual;CCAA_CASTILLA_LEON;80.76
2005-04;regional;mensual;CCAA_CASTILLA_LEON;81.78
2005-05;regional;mensual;CCAA_CASTILLA_LEON;81.95
2005-06;regional;mensual;CCAA_CASTILLA_LEON;82.08
2005-07;regional;mensual;CCAA_CASTILLA_LEON;81.21
2005-08;regional;mensual;CCAA_CASTILLA_LEON;81.36
2005-09;regional;mensual;CCAA_CASTILLA_LEON;81.77
2005-10;regional;mensual;CCAA_CASTILLA_LEON;82.62
2005-11;regional;mensual;CCAA_CASTILLA_LEON;83.06
2005-12;regional;mensual;CCAA_CASTILLA_LEON;83.22
2006-01;regional;mensual;CCAA_CASTILLA_LEON;82.22
2006-02;regional;mensual;CCAA_CASTILLA_LEON;82.36
2006-03;regional;mensual;CCAA_CASTILLA_LEON;83.08
2006-04;regional;mensual;CCAA_CASTILLA_LEON;84.16
2006-05;regional;mensual;CCAA_CASTILLA_LEON;84.29
2006-06;regional;mensual;CCAA_CASTILLA_LEON;84.47
2006-07;regional;mensual;CCAA_CASTILLA_LEON;83.62
2006-08;regional;mensual;CCAA_CASTILLA_LEON;83.73
2006-09;regional;mensual;CCAA_CASTILLA_LEON;84.04
2006-10;regional;mensual;CCAA_CASTILLA_LEON;84.82
2006-11;regional;mensual;CCAA_CASTILLA_LEON;85.13
2006-12;regional;mensual;CCAA_CASTILLA_LEON;85.17
2007-01;regional;mensual;CCAA_CASTILLA_LEON;84.37
2007-02;regional;mensual;CCAA_CASTILLA_LEON;84.56
2007-03;regional;mensual;CCAA_CASTILLA_LEON;85.1
2007-04;regional;mensual;CCAA_CASTILLA_LEON;86.2
2007-05;regional;mensual;CCAA_CASTILLA_LEON;86.28
2007-06;regional;mensual;CCAA_CASTILLA_LEON;86.39
2007-07;regional;mensual;CCAA_CASTILLA_LEON;85.59
2007-08;regional;mensual;CCAA_CASTILLA_LEON;85.85
2007-09;regional;mensual;CCAA_CASTILLA_LEON;86.2
2007-10;regional;mensual;CCAA_CASTILLA_LEON;87.4
2007-11;regional;mensual;CCAA_CASTILLA_LEON;87.91
2007-12;regional;mensual;CCAA_CASTILLA_LEON;88.08
2008-01;regional;mensual;CCAA_CASTILLA_LEON;87.01
2008-02;regional;mensual;CCAA_CASTILLA_LEON;87.33
2008-03;regional;mensual;CCAA_CASTILLA_LEON;87.98
2008-04;regional;mensual;CCAA_CASTILLA_LEON;88.91
2008-05;regional;mensual;CCAA_CASTILLA_LEON;89.12
2008-06;regional;mensual;CCAA_CASTILLA_LEON;89.28
2008-07;regional;mensual;CCAA_CASTILLA_LEON;88.53
2008-08;regional;mensual;CCAA_CASTILLA_LEON;88.78
2008-09;regional;mensual;CCAA_CASTILLA_LEON;89.03
2008-10;regional;mensual;CCAA_CASTILLA_LEON;89.77
2008-11;regional;mensual;CCAA_CASTILLA_LEON;90.06
2008-12;regional;mensual;CCAA_CASTILLA_LEON;90.0
2009-01;regional;mensual;CCAA_CASTILLA_LEON;88.57
2009-02;regional;mensual;CCAA_CASTILLA_LEON;88.46
2009-03;regional;mensual;CCAA_CASTILLA_LEON;88.89
2009-04;regional;mensual;CCAA_CASTILLA_LEON;89.84
2009-05;regional;mensual;CCAA_CASTILLA_LEON;89.78
2009-06;regional;mensual;CCAA_CASTILLA_LEON;89.82
2009-07;regional;mensual;CCAA_CASTILLA_LEON;88.89
2009-08;regional;mensual;CCAA_CASTILLA_LEON;88.97
2009-09;regional;mensual;CCAA_CASTILLA_LEON;89.0
2009-10;regional;mensual;CCAA_CASTILLA_LEON;89.83
2009-11;regional;mensual;CCAA_CASTILLA_LEON;90.2
2009-12;regional;mensual;CCAA_CASTILLA_LEON;90.12
2010-01;regional;mensual;CCAA_CASTILLA_LEON;88.56
2010-02;regional;mensual;CCAA_CASTILLA_LEON;88.48
2010-03;regional;mensual;CCAA_CASTILLA_LEON;88.97
2010-04;regional;mensual;CCAA_CASTILLA_LEON;89.74
2010-05;regional;mensual;CCAA_CASTILLA_LEON;89.9
2010-06;regional;mensual;CCAA_CASTILLA_LEON;90.1
2010-07;regional;mensual;CCAA_CASTILLA_LEON;89.5
2010-08;regional;mensual;CCAA_CASTILLA_LEON;89.79
2010-09;regional;mensual;CCAA_CASTILLA_LEON;89.93
2010-10;regional;mensual;CCAA_CASTILLA_LEON;90.78
2010-11;regional;mensual;CCAA_CASTILLA_LEON;91.2
2010-12;regional;mensual;CCAA_CASTILLA_LEON;91.45
2011-01;regional;mensual;CCAA_CASTILLA_LEON;89.95
2011-02;regional;mensual;CCAA_CASTILLA_LEON;90.01
2011-03;regional;mensual;CCAA_CASTILLA_LEON;90.49
2011-04;regional;mensual;CCAA_CASTILLA_LEON;91.64
2011-05;regional;mensual;CCAA_CASTILLA_LEON;91.73
2011-06;regional;mensual;CCAA_CASTILLA_LEON;91.68
2011-07;regional;mensual;CCAA_CASTILLA_LEON;90.92
2011-08;regional;mensual;CCAA_CASTILLA_LEON;91.17
2011-09;regional;mensual;CCAA_CASTILLA_LEON;91.39
2011-10;regional;mensual;CCAA_CASTILLA_LEON;92.31
2011-11;regional;mensual;CCAA_CASTILLA_LEON;92.75
2011-12;regional;mensual;CCAA_CASTILLA_LEON;92.85
2012-01;regional;mensual;CCAA_CASTILLA_LEON;91.18
2012-02;regional;mensual;CCAA_CASTILLA_LEON;91.21
2012-03;regional;mensual;CCAA_CASTILLA_LEON;91.71
2012-04;regional;mensual;CCAA_CASTILLA_LEON;92.89
2012-05;regional;mensual;CCAA_CASTILLA_LEON;92.99
2012-06;regional;mensual;CCAA_CASTILLA_LEON;93.02
2012-07;regional;mensual;CCAA_CASTILLA_LEON;92.25
2012-08;regional;mensual;CCAA_CASTILLA_LEON;92.44
2012-09;regional;mensual;CCAA_CASTILLA_LEON;93.28
2012-10;regional;mensual;CCAA_CASTILLA_LEON;94.53
2012-11;regional;mensual;CCAA_CASTILLA_LEON;94.83
2012-12;regional;mensual;CCAA_CASTILLA_LEON;94.84
2013-01;regional;mensual;CCAA_CASTILLA_LEON;93.18
2013-02;regional;mensual;CCAA_CASTILLA_LEON;93.22
2013-03;regional;mensual;CCAA_CASTILLA_LEON;93.79
2013-04;regional;mensual;CCAA_CASTILLA_LEON;94.56
2013-05;regional;mensual;CCAA_CASTILLA_LEON;94.85
2013-06;regional;mensual;CCAA_CASTILLA_LEON;94.87
2013-07;regional;mensual;CCAA_CASTILLA_LEON;93.92
2013-08;regional;mensual;CCAA_CASTILLA_LEON;94.06
2013-09;regional;mensual;CCAA_CASTILLA_LEON;94.25
2013-10;regional;mensual;CCAA_CASTILLA_LEON;95.01
2013-11;regional;mensual;CCAA_CASTILLA_LEON;95.39
2013-12;regional;mensual;CCAA_CASTILLA_LEON;95.28
2014-01;regional;mensual;CCAA_CASTILLA_LEON;93.52
2014-02;regional;mensual;CCAA_CASTILLA_LEON;93.47
2014-03;regional;mensual;CCAA_CASTILLA_LEON;93.9
2014-04;regional;mensual;CCAA_CASTILLA_LEON;94.84
2014-05;regional;mensual;CCAA_CASTILLA_LEON;94.91
2014-06;regional;mensual;CCAA_CASTILLA_LEON;94.89
2014-07;regional;mensual;CCAA_CASTILLA_LEON;93.84
2014-08;regional;mensual;CCAA_CASTILLA_LEON;93.93
2014-09;regional;mensual;CCAA_CASTILLA_LEON;94.2
2014-10;regional;mensual;CCAA_CASTILLA_LEON;94.98
2014-11;regional;mensual;CCAA_CASTILLA_LEON;95.35
2014-12;regional;mensual;CCAA_CASTILLA_LEON;95.3
2015-01;regional;mensual;CCAA_CASTILLA_LEON;93.59
2015-02;regional;mensual;CCAA_CASTILLA_LEON;93.53
2015-03;regional;mensual;CCAA_CASTILLA_LEON;94.02
2015-04;regional;mensual;CCAA_CASTILLA_LEON;95.12
2015-05;regional;mensual;CCAA_CASTILLA_LEON;95.43
2015-06;regional;mensual;CCAA_CASTILLA_LEON;95.58
2015-07;regional;mensual;CCAA_CASTILLA_LEON;94.64
2015-08;regional;mensual;CCAA_CASTILLA_LEON;94.75
2015-09;regional;mensual;CCAA_CASTILLA_LEON;94.95
2015-10;regional;mensual;CCAA_CASTILLA_LEON;95.82
2015-11;regional;mensual;CCAA_CASTILLA_LEON;96.26
2015-12;regional;mensual;CCAA_CASTILLA_LEON;96.17
2016-01;regional;mensual;CCAA_CASTILLA_LEON;94.51
2016-02;regional;mensual;CCAA_CASTILLA_LEON;94.56
2016-03;regional;mensual;CCAA_CASTILLA_LEON;95.22
2016-04;regional;mensual;CCAA_CASTILLA_LEON;95.87
2016-05;regional;mensual;CCAA_CASTILLA_LEON;96.2
2016-06;regional;mensual;CCAA_CASTILLA_LEON;96.17
2016-07;regional;mensual;CCAA_CASTILLA_LEON;95.24
2016-08;regional;mensual;CCAA_CASTILLA_LEON;95.56
2016-09;regional;mensual;CCAA_CASTILLA_LEON;95.83
2016-10;regional;mensual;CCAA_CASTILLA_LEON;96.76
2016-11;regional;mensual;CCAA_CASTILLA_LEON;97.17
2016-12;regional;mensual;CCAA_CASTILLA_LEON;97.19
2017-01;regional;mensual;CCAA_CASTILLA_LEON;95.61
2017-02;regional;mensual;CCAA_CASTILLA_LEON;95.65
2017-03;regional;mensual;CCAA_CASTILLA_LEON;96.04
2017-04;regional;mensual;CCAA_CASTILLA_LEON;97.12
2017-05;regional;mensual;CCAA_CASTILLA_LEON;97.18
2017-06;regional;mensual;CCAA_CASTILLA_LEON;97.33
2017-07;regional;mensual;CCAA_CASTILLA_LEON;96.54
2017-08;regional;mensual;CCAA_CASTILLA_LEON;96.72
2017-09;regional;mensual;CCAA_CASTILLA_LEON;96.84
2017-10;regional;mensual;CCAA_CASTILLA_LEON;97.54
2017-11;regional;mensual;CCAA_CASTILLA_LEON;97.87
2017-12;regional;mensual;CCAA_CASTILLA_LEON;97.83
2018-01;regional;mensual;CCAA_CASTILLA_LEON;96.27
2018-02;regional;mensual;CCAA_CASTILLA_LEON;96.48
2018-03;regional;mensual;CCAA_CASTILLA_LEON;96.95
2018-04;regional;mensual;CCAA_CASTILLA_LEON;97.73
2018-05;regional;mensual;CCAA_CASTILLA_LEON;98.17
2018-06;regional;mensual;CCAA_CASTILLA_LEON;98.23
2018-07;regional;mensual;CCAA_CASTILLA_LEON;97.29
2018-08;regional;mensual;CCAA_CASTILLA_LEON;97.4
2018-09;regional;mensual;CCAA_CASTILLA_LEON;97.66
2018-10;regional;mensual;CCAA_CASTILLA_LEON;98.55
2018-11;regional;mensual;CCAA_CASTILLA_LEON;98.7
2018-12;regional;mensual;CCAA_CASTILLA_LEON;98.63
2019-01;regional;mensual;CCAA_CASTILLA_LEON;96.96
2019-02;regional;mensual;CCAA_CASTILLA_LEON;97.0
2019-03;regional;mensual;CCAA_CASTILLA_LEON;97.55
2019-04;regional;mensual;CCAA_CASTILLA_LEON;98.72
2019-05;regional;mensual;CCAA_CASTILLA_LEON;98.81
2019-06;regional;mensual;CCAA_CASTILLA_LEON;98.91
2019-07;regional;mensual;CCAA_CASTILLA_LEON;98.1
2019-08;regional;mensual;CCAA_CASTILLA_LEON;98.17
2019-09;regional;mensual;CCAA_CASTILLA_LEON;98.47
2019-10;regional;mensual;CCAA_CASTILLA_LEON;99.24
2019-11;regional;mensual;CCAA_CASTILLA_LEON;99.51
2019-12;regional;mensual;CCAA_CASTILLA_LEON;99.48
2020-01;regional;mensual;CCAA_CASTILLA_LEON;97.9
2020-02;regional;mensual;CCAA_CASTILLA_LEON;98.19
2020-03;regional;mensual;CCAA_CASTILLA_LEON;98.65
2020-04;regional;mensual;CCAA_CASTILLA_LEON;99.8
2020-05;regional;mensual;CCAA_CASTILLA_LEON;99.92
2020-06;regional;mensual;CCAA_CASTILLA_LEON;99.95
2020-07;regional;mensual;CCAA_CASTILLA_LEON;98.69
2020-08;regional;mensual;CCAA_CASTILLA_LEON;98.7
2020-09;regional;mensual;CCAA_CASTILLA_LEON;98.98
2020-10;regional;mensual;CCAA_CASTILLA_LEON;99.65
2020-11;regional;mensual;CCAA_CASTILLA_LEON;99.87
2020-12;regional;mensual;CCAA_CASTILLA_LEON;99.74
2021-01;regional;mensual;CCAA_CASTILLA_LEON;98.64
2021-02;regional;mensual;CCAA_CASTILLA_LEON;98.6
2021-03;regional;mensual;CCAA_CASTILLA_LEON;98.99
2021-04;regional;mensual;CCAA_CASTILLA_LEON;99.84
2021-05;regional;mensual;CCAA_CASTILLA_LEON;100.18
2021-06;regional;mensual;CCAA_CASTILLA_LEON;100.25
2021-07;regional;mensual;CCAA_CASTILLA_LEON;99.43
2021-08;regional;mensual;CCAA_CASTILLA_LEON;99.47
2021-09;regional;mensual;CCAA_CASTILLA_LEON;99.9
2021-10;regional;mensual;CCAA_CASTILLA_LEON;101.08
2021-11;regional;mensual;CCAA_CASTILLA_LEON;101.68
2021-12;regional;mensual;CCAA_CASTILLA_LEON;101.94
2022-01;regional;mensual;CCAA_CASTILLA_LEON;101.0
2022-02;regional;mensual;CCAA_CASTILLA_LEON;101.66
2022-03;regional;mensual;CCAA_CASTILLA_LEON;102.39
2022-04;regional;mensual;CCAA_CASTILLA_LEON;104.41
2022-05;regional;mensual;CCAA_CASTILLA_LEON;105.24
2022-06;regional;mensual;CCAA_CASTILLA_LEON;105.86
2022-07;regional;mensual;CCAA_CASTILLA_LEON;105.49
2022-08;regional;mensual;CCAA_CASTILLA_LEON;105.91
2022-09;regional;mensual;CCAA_CASTILLA_LEON;106.33
2022-10;regional;mensual;CCAA_CASTILLA_LEON;107.38
2022-11;regional;mensual;CCAA_CASTILLA_LEON;108.44
2022-12;regional;mensual;CCAA_CASTILLA_LEON;109.49
2023-01;regional;mensual;CCAA_CASTILLA_LEON;109.03
2023-02;regional;mensual;CCAA_CASTILLA_LEON;109.86
2023-03;regional;mensual;CCAA_CASTILLA_LEON;110.56
2023-04;regional;mensual;CCAA_CASTILLA_LEON;111.75
2023-05;regional;mensual;CCAA_CASTILLA_LEON;112.11
2023-06;regional;mensual;CCAA_CASTILLA_LEON;112.6
2023-07;regional;mensual;CCAA_CASTILLA_LEON;112.34
2023-08;regional;mensual;CCAA_CASTILLA_LEON;112.77
2023-09;regional;mensual;CCAA_CASTILLA_LEON;112.61
2023-10;regional;mensual;CCAA_CASTILLA_LEON;113.14
2023-11;regional;mensual;CCAA_CASTILLA_LEON;113.37
2023-12;regional;mensual;CCAA_CASTILLA_LEON;113.7
2024-01;regional;mensual;CCAA_CASTILLA_LEON;113.17
2024-02;regional;mensual;CCAA_CASTILLA_LEON;113.81
2024-03;regional;mensual;CCAA_CASTILLA_LEON;114.29
2024-04;regional;mensual;CCAA_CASTILLA_LEON;114.94
2024-05;regional;mensual;CCAA_CASTILLA_LEON;115.35
2024-06;regional;mensual;CCAA_CASTILLA_LEON;115.75
2024-07;regional;mensual;CCAA_CASTILLA_LEON;115.23
2024-08;regional;mensual;CCAA_CASTILLA_LEON;115.51
2002-01;regional;mensual;CCAA_CANARIAS;81.31
2002-02;regional;mensual;CCAA_CANARIAS;81.26
2002-03;regional;mensual;CCAA_CANARIAS;81.71
2002-04;regional;mensual;CCAA_CANARIAS;82.49
2002-05;regional;mensual;CCAA_CANARIAS;82.78
2002-06;regional;mensual;CCAA_CANARIAS;82.97
2002-07;regional;mensual;CCAA_CANARIAS;82.33
2002-08;regional;mensual;CCAA_CANARIAS;82.55
2002-09;regional;mensual;CCAA_CANARIAS;82.78
2002-10;regional;mensual;CCAA_CANARIAS;83.29
2002-11;regional;mensual;CCAA_CANARIAS;83.47
2002-12;regional;mensual;CCAA_CANARIAS;83.72
2003-01;regional;mensual;CCAA_CANARIAS;83.25
2003-02;regional;mensual;CCAA_CANARIAS;83.32
2003-03;regional;mensual;CCAA_CANARIAS;83.83
2003-04;regional;mensual;CCAA_CANARIAS;84.53
2003-05;regional;mensual;CCAA_CANARIAS;84.69
2003-06;regional;mensual;CCAA_CANARIAS;84.78
2003-07;regional;mensual;CCAA_CANARIAS;83.97
2003-08;regional;mensual;CCAA_CANARIAS;84.01
2003-09;regional;mensual;CCAA_CANARIAS;84.33
2003-10;regional;mensual;CCAA_CANARIAS;84.55
2003-11;regional;mensual;CCAA_CANARIAS;84.91
2003-12;regional;mensual;CCAA_CANARIAS;85.16
2004-01;regional;mensual;CCAA_CANARIAS;84.72
2004-02;regional;mensual;CCAA_CANARIAS;84.73
2004-03;regional;mensual;CCAA_CANARIAS;85.04
2004-04;regional;mensual;CCAA_CANARIAS;85.85
2004-05;regional;mensual;CCAA_CANARIAS;86.01
2004-06;regional;mensual;CCAA_CANARIAS;86.25
2004-07;regional;mensual;CCAA_CANARIAS;85.62
2004-08;regional;mensual;CCAA_CANARIAS;85.74
2004-09;regional;mensual;CCAA_CANARIAS;86.02
2004-10;regional;mensual;CCAA_CANARIAS;86.38
2004-11;regional;mensual;CCAA_CANARIAS;86.79
2004-12;regional;mensual;CCAA_CANARIAS;86.9
2005-01;regional;mensual;CCAA_CANARIAS;86.28
2005-02;regional;mensual;CCAA_CANARIAS;86.44
2005-03;regional;mensual;CCAA_CANARIAS;86.76
2005-04;regional;mensual;CCAA_CANARIAS;87.28
2005-05;regional;mensual;CCAA_CANARIAS;87.45
2005-06;regional;mensual;CCAA_CANARIAS;87.63
2005-07;regional;mensual;CCAA_CANARIAS;86.94
2005-08;regional;mensual;CCAA_CANARIAS;87.06
2005-09;regional;mensual;CCAA_CANARIAS;87.36
2005-10;regional;mensual;CCAA_CANARIAS;87.83
2005-11;regional;mensual;CCAA_CANARIAS;88.28
2005-12;regional;mensual;CCAA_CANARIAS;88.52
2006-01;regional;mensual;CCAA_CANARIAS;88.15
2006-02;regional;mensual;CCAA_CANARIAS;88.29
2006-03;regional;mensual;CCAA_CANARIAS;88.94
2006-04;regional;mensual;CCAA_CANARIAS;89.69
2006-05;regional;mensual;CCAA_CANARIAS;89.9
2006-06;regional;mensual;CCAA_CANARIAS;90.03
2006-07;regional;mensual;CCAA_CANARIAS;89.19
2006-08;regional;mensual;CCAA_CANARIAS;89.28
2006-09;regional;mensual;CCAA_CANARIAS;89.43
2006-10;regional;mensual;CCAA_CANARIAS;89.76
2006-11;regional;mensual;CCAA_CANARIAS;90.11
2006-12;regional;mensual;CCAA_CANARIAS;90.3
2007-01;regional;mensual;CCAA_CANARIAS;89.76
2007-02;regional;mensual;CCAA_CANARIAS;89.8
2007-03;regional;mensual;CCAA_CANARIAS;90.31
2007-04;regional;mensual;CCAA_CANARIAS;91.16
2007-05;regional;mensual;CCAA_CANARIAS;91.23
2007-06;regional;mensual;CCAA_CANARIAS;91.32
2007-07;regional;mensual;CCAA_CANARIAS;90.51
2007-08;regional;mensual;CCAA_CANARIAS;90.68
2007-09;regional;mensual;CCAA_CANARIAS;90.97
2007-10;regional;mensual;CCAA_CANARIAS;91.84
2007-11;regional;mensual;CCAA_CANARIAS;92.44
2007-12;regional;mensual;CCAA_CANARIAS;92.89
2008-01;regional;mensual;CCAA_CANARIAS;92.21
2008-02;regional;mensual;CCAA_CANARIAS;92.31
2008-03;regional;mensual;CCAA_CANARIAS;93.03
2008-04;regional;mensual;CCAA_CANARIAS;93.89
2008-05;regional;mensual;CCAA_CANARIAS;94.08
2008-06;regional;mensual;CCAA_CANARIAS;94.35
2008-07;regional;mensual;CCAA_CANARIAS;93.79
2008-08;regional;mensual;CCAA_CANARIAS;93.99
2008-09;regional;mensual;CCAA_CANARIAS;94.2
2008-10;regional;mensual;CCAA_CANARIAS;94.8
2008-11;regional;mensual;CCAA_CANARIAS;95.01
2008-12;regional;mensual;CCAA_CANARIAS;95.04
2009-01;regional;mensual;CCAA_CANARIAS;93.94
2009-02;regional;mensual;CCAA_CANARIAS;93.74
2009-03;regional;mensual;CCAA_CANARIAS;94.22
2009-04;regional;mensual;CCAA_CANARIAS;94.89
2009-05;regional;mensual;CCAA_CANARIAS;94.68
2009-06;regional;mensual;CCAA_CANARIAS;94.5
2009-07;regional;mensual;CCAA_CANARIAS;93.56
2009-08;regional;mensual;CCAA_CANARIAS;93.55
2009-09;regional;mensual;CCAA_CANARIAS;93.46
2009-10;regional;mensual;CCAA_CANARIAS;94.04
2009-11;regional;mensual;CCAA_CANARIAS;94.39
2009-12;regional;mensual;CCAA_CANARIAS;94.42
2010-01;regional;mensual;CCAA_CANARIAS;93.26
2010-02;regional;mensual;CCAA_CANARIAS;93.03
2010-03;regional;mensual;CCAA_CANARIAS;93.56
2010-04;regional;mensual;CCAA_CANARIAS;94.13
2010-05;regional;mensual;CCAA_CANARIAS;94.06
2010-06;regional;mensual;CCAA_CANARIAS;94.08
2010-07;regional;mensual;CCAA_CANARIAS;93.5
2010-08;regional;mensual;CCAA_CANARIAS;93.62
2010-09;regional;mensual;CCAA_CANARIAS;93.66
2010-10;regional;mensual;CCAA_CANARIAS;94.19
2010-11;regional;mensual;CCAA_CANARIAS;94.59
2010-12;regional;mensual;CCAA_CANARIAS;94.82
2011-01;regional;mensual;CCAA_CANARIAS;93.83
2011-02;regional;mensual;CCAA_CANARIAS;93.88
2011-03;regional;mensual;CCAA_CANARIAS;94.48
2011-04;regional;mensual;CCAA_CANARIAS;95.23
2011-05;regional;mensual;CCAA_CANARIAS;95.3
2011-06;regional;mensual;CCAA_CANARIAS;95.34
2011-07;regional;mensual;CCAA_CANARIAS;94.54
2011-08;regional;mensual;CCAA_CANARIAS;94.63
2011-09;regional;mensual;CCAA_CANARIAS;94.75
2011-10;regional;mensual;CCAA_CANARIAS;95.25
2011-11;regional;mensual;CCAA_CANARIAS;95.54
2011-12;regional;mensual;CCAA_CANARIAS;95.72
2012-01;regional;mensual;CCAA_CANARIAS;94.56
2012-02;regional;mensual;CCAA_CANARIAS;94.64
2012-03;regional;mensual;CCAA_CANARIAS;95.16
2012-04;regional;mensual;CCAA_CANARIAS;95.93
2012-05;regional;mensual;CCAA_CANARIAS;95.81
2012-06;regional;mensual;CCAA_CANARIAS;95.62
2012-07;regional;mensual;CCAA_CANARIAS;95.17
2012-08;regional;mensual;CCAA_CANARIAS;95.21
2012-09;regional;mensual;CCAA_CANARIAS;95.87
2012-10;regional;mensual;CCAA_CANARIAS;96.62
2012-11;regional;mensual;CCAA_CANARIAS;96.44
2012-12;regional;mensual;CCAA_CANARIAS;96.47
2013-01;regional;mensual;CCAA_CANARIAS;95.45
2013-02;regional;mensual;CCAA_CANARIAS;95.43
2013-03;regional;mensual;CCAA_CANARIAS;96.02
2013-04;regional;mensual;CCAA_CANARIAS;96.55
2013-05;regional;mensual;CCAA_CANARIAS;96.83
2013-06;regional;mensual;CCAA_CANARIAS;96.8
2013-07;regional;mensual;CCAA_CANARIAS;95.79
2013-08;regional;mensual;CCAA_CANARIAS;95.93
2013-09;regional;mensual;CCAA_CANARIAS;95.87
2013-10;regional;mensual;CCAA_CANARIAS;96.28
2013-11;regional;mensual;CCAA_CANARIAS;96.65
2013-12;regional;mensual;CCAA_CANARIAS;96.56
2014-01;regional;mensual;CCAA_CANARIAS;95.37
2014-02;regional;mensual;CCAA_CANARIAS;95.32
2014-03;regional;mensual;CCAA_CANARIAS;95.85
2014-04;regional;mensual;CCAA_CANARIAS;96.57
2014-05;regional;mensual;CCAA_CANARIAS;96.33
2014-06;regional;mensual;CCAA_CANARIAS;96.3
2014-07;regional;mensual;CCAA_CANARIAS;95.32
2014-08;regional;mensual;CCAA_CANARIAS;95.42
2014-09;regional;mensual;CCAA_CANARIAS;95.32
2014-10;regional;mensual;CCAA_CANARIAS;95.76
2014-11;regional;mensual;CCAA_CANARIAS;96.14
2014-12;regional;mensual;CCAA_CANARIAS;96.1
2015-01;regional;mensual;CCAA_CANARIAS;95.01
2015-02;regional;mensual;CCAA_CANARIAS;94.98
2015-03;regional;mensual;CCAA_CANARIAS;95.63
2015-04;regional;mensual;CCAA_CANARIAS;96.37
2015-05;regional;mensual;CCAA_CANARIAS;96.56
2015-06;regional;mensual;CCAA_CANARIAS;96.55
2015-07;regional;mensual;CCAA_CANARIAS;95.63
2015-08;regional;mensual;CCAA_CANARIAS;95.75
2015-09;regional;mensual;CCAA_CANARIAS;95.77
2015-10;regional;mensual;CCAA_CANARIAS;96.39
2015-11;regional;mensual;CCAA_CANARIAS;96.57
2015-12;regional;mensual;CCAA_CANARIAS;96.59
2016-01;regional;mensual;CCAA_CANARIAS;95.49
2016-02;regional;mensual;CCAA_CANARIAS;95.69
2016-03;regional;mensual;CCAA_CANARIAS;96.32
2016-04;regional;mensual;CCAA_CANARIAS;96.91
2016-05;regional;mensual;CCAA_CANARIAS;97.07
2016-06;regional;mensual;CCAA_CANARIAS;97.07
2016-07;regional;mensual;CCAA_CANARIAS;96.23
2016-08;regional;mensual;CCAA_CANARIAS;96.44
2016-09;regional;mensual;CCAA_CANARIAS;96.41
2016-10;regional;mensual;CCAA_CANARIAS;97.0
2016-11;regional;mensual;CCAA_CANARIAS;97.42
2016-12;regional;mensual;CCAA_CANARIAS;97.58
2017-01;regional;mensual;CCAA_CANARIAS;96.46
2017-02;regional;mensual;CCAA_CANARIAS;96.51
2017-03;regional;mensual;CCAA_CANARIAS;96.99
2017-04;regional;mensual;CCAA_CANARIAS;97.93
2017-05;regional;mensual;CCAA_CANARIAS;97.99
2017-06;regional;mensual;CCAA_CANARIAS;98.2
2017-07;regional;mensual;CCAA_CANARIAS;97.44
2017-08;regional;mensual;CCAA_CANARIAS;97.26
2017-09;regional;mensual;CCAA_CANARIAS;97.23
2017-10;regional;mensual;CCAA_CANARIAS;97.68
2017-11;regional;mensual;CCAA_CANARIAS;98.06
2017-12;regional;mensual;CCAA_CANARIAS;98.02
2018-01;regional;mensual;CCAA_CANARIAS;97.02
2018-02;regional;mensual;CCAA_CANARIAS;97.37
2018-03;regional;mensual;CCAA_CANARIAS;97.94
2018-04;regional;mensual;CCAA_CANARIAS;98.67
2018-05;regional;mensual;CCAA_CANARIAS;98.92
2018-06;regional;mensual;CCAA_CANARIAS;98.89
2018-07;regional;mensual;CCAA_CANARIAS;97.73
2018-08;regional;mensual;CCAA_CANARIAS;97.89
2018-09;regional;mensual;CCAA_CANARIAS;97.78
2018-10;regional;mensual;CCAA_CANARIAS;98.41
2018-11;regional;mensual;CCAA_CANARIAS;98.67
2018-12;regional;mensual;CCAA_CANARIAS;98.76
2019-01;regional;mensual;CCAA_CANARIAS;97.53
2019-02;regional;mensual;CCAA_CANARIAS;97.66
2019-03;regional;mensual;CCAA_CANARIAS;98.17
2019-04;regional;mensual;CCAA_CANARIAS;99.08
2019-05;regional;mensual;CCAA_CANARIAS;99.03
2019-06;regional;mensual;CCAA_CANARIAS;99.14
2019-07;regional;mensual;CCAA_CANARIAS;98.22
2019-08;regional;mensual;CCAA_CANARIAS;98.42
2019-09;regional;mensual;CCAA_CANARIAS;98.68
2019-10;regional;mensual;CCAA_CANARIAS;99.1
2019-11;regional;mensual;CCAA_CANARIAS;99.49
2019-12;regional;mensual;CCAA_CANARIAS;99.8
2020-01;regional;mensual;CCAA_CANARIAS;98.52
2020-02;regional;mensual;CCAA_CANARIAS;98.78
2020-03;regional;mensual;CCAA_CANARIAS;99.16
2020-04;regional;mensual;CCAA_CANARIAS;100.25
2020-05;regional;mensual;CCAA_CANARIAS;100.27
2020-06;regional;mensual;CCAA_CANARIAS;100.48
2020-07;regional;mensual;CCAA_CANARIAS;99.12
2020-08;regional;mensual;CCAA_CANARIAS;98.97
2020-09;regional;mensual;CCAA_CANARIAS;99.03
2020-10;regional;mensual;CCAA_CANARIAS;99.58
2020-11;regional;mensual;CCAA_CANARIAS;99.76
2020-12;regional;mensual;CCAA_CANARIAS;99.79
2021-01;regional;mensual;CCAA_CANARIAS;98.83
2021-02;regional;mensual;CCAA_CANARIAS;98.8
2021-03;regional;mensual;CCAA_CANARIAS;99.15
2021-04;regional;mensual;CCAA_CANARIAS;99.92
2021-05;regional;mensual;CCAA_CANARIAS;100.22
2021-06;regional;mensual;CCAA_CANARIAS;100.21
2021-07;regional;mensual;CCAA_CANARIAS;99.45
2021-08;regional;mensual;CCAA_CANARIAS;99.56
2021-09;regional;mensual;CCAA_CANARIAS;99.91
2021-10;regional;mensual;CCAA_CANARIAS;100.86
2021-11;regional;mensual;CCAA_CANARIAS;101.38
2021-12;regional;mensual;CCAA_CANARIAS;101.72
2022-01;regional;mensual;CCAA_CANARIAS;101.11
2022-02;regional;mensual;CCAA_CANARIAS;101.79
2022-03;regional;mensual;CCAA_CANARIAS;102.41
2022-04;regional;mensual;CCAA_CANARIAS;104.11
2022-05;regional;mensual;CCAA_CANARIAS;104.76
2022-06;regional;mensual;CCAA_CANARIAS;105.62
2022-07;regional;mensual;CCAA_CANARIAS;105.36
2022-08;regional;mensual;CCAA_CANARIAS;105.86
2022-09;regional;mensual;CCAA_CANARIAS;106.08
2022-10;regional;mensual;CCAA_CANARIAS;107.36
2022-11;regional;mensual;CCAA_CANARIAS;108.28
2022-12;regional;mensual;CCAA_CANARIAS;108.91
2023-01;regional;mensual;CCAA_CANARIAS;108.86
2023-02;regional;mensual;CCAA_CANARIAS;109.8
2023-03;regional;mensual;CCAA_CANARIAS;110.49
2023-04;regional;mensual;CCAA_CANARIAS;111.5
2023-05;regional;mensual;CCAA_CANARIAS;111.63
2023-06;regional;mensual;CCAA_CANARIAS;112.15
2023-07;regional;mensual;CCAA_CANARIAS;111.95
2023-08;regional;mensual;CCAA_CANARIAS;112.36
2023-09;regional;mensual;CCAA_CANARIAS;111.99
2023-10;regional;mensual;CCAA_CANARIAS;112.66
2023-11;regional;mensual;CCAA_CANARIAS;112.72
2023-12;regional;mensual;CCAA_CANARIAS;113.17
2024-01;regional;mensual;CCAA_CANARIAS;113.05
2024-02;regional;mensual;CCAA_CANARIAS;113.58
2024-03;regional;mensual;CCAA_CANARIAS;113.96
2024-04;regional;mensual;CCAA_CANARIAS;114.66
2024-05;regional;mensual;CCAA_CANARIAS;114.8
2024-06;regional;mensual;CCAA_CANARIAS;115.22
2024-07;regional;mensual;CCAA_CANARIAS;114.91
2024-08;regional;mensual;CCAA_CANARIAS;115.23
2002-01;regional;mensual;CCAA_CANTABRIA;73.65
2002-02;regional;mensual;CCAA_CANTABRIA;73.69
2002-03;regional;mensual;CCAA_CANTABRIA;74.21
2002-04;regional;mensual;CCAA_CANTABRIA;75.22
2002-05;regional;mensual;CCAA_CANTABRIA;75.33
2002-06;regional;mensual;CCAA_CANTABRIA;75.32
2002-07;regional;mensual;CCAA_CANTABRIA;75.07
2002-08;regional;mensual;CCAA_CANTABRIA;74.97
2002-09;regional;mensual;CCAA_CANTABRIA;75.16
2002-10;regional;mensual;CCAA_CANTABRIA;76.18
2002-11;regional;mensual;CCAA_CANTABRIA;76.41
2002-12;regional;mensual;CCAA_CANTABRIA;76.44
2003-01;regional;mensual;CCAA_CANTABRIA;75.72
2003-02;regional;mensual;CCAA_CANTABRIA;75.8
2003-03;regional;mensual;CCAA_CANTABRIA;76.31
2003-04;regional;mensual;CCAA_CANTABRIA;77.22
2003-05;regional;mensual;CCAA_CANTABRIA;77.33
2003-06;regional;mensual;CCAA_CANTABRIA;77.46
2003-07;regional;mensual;CCAA_CANTABRIA;76.93
2003-08;regional;mensual;CCAA_CANTABRIA;76.67
2003-09;regional;mensual;CCAA_CANTABRIA;77.14
2003-10;regional;mensual;CCAA_CANTABRIA;78.05
2003-11;regional;mensual;CCAA_CANTABRIA;78.48
2003-12;regional;mensual;CCAA_CANTABRIA;78.45
2004-01;regional;mensual;CCAA_CANTABRIA;77.54
2004-02;regional;mensual;CCAA_CANTABRIA;77.23
2004-03;regional;mensual;CCAA_CANTABRIA;77.77
2004-04;regional;mensual;CCAA_CANTABRIA;78.98
2004-05;regional;mensual;CCAA_CANTABRIA;79.22
2004-06;regional;mensual;CCAA_CANTABRIA;79.31
2004-07;regional;mensual;CCAA_CANTABRIA;78.66
2004-08;regional;mensual;CCAA_CANTABRIA;78.67
2004-09;regional;mensual;CCAA_CANTABRIA;78.84
2004-10;regional;mensual;CCAA_CANTABRIA;79.92
2004-11;regional;mensual;CCAA_CANTABRIA;80.21
2004-12;regional;mensual;CCAA_CANTABRIA;80.23
2005-01;regional;mensual;CCAA_CANTABRIA;79.21
2005-02;regional;mensual;CCAA_CANTABRIA;79.17
2005-03;regional;mensual;CCAA_CANTABRIA;79.68
2005-04;regional;mensual;CCAA_CANTABRIA;80.85
2005-05;regional;mensual;CCAA_CANTABRIA;81.01
2005-06;regional;mensual;CCAA_CANTABRIA;80.96
2005-07;regional;mensual;CCAA_CANTABRIA;80.52
2005-08;regional;mensual;CCAA_CANTABRIA;80.45
2005-09;regional;mensual;CCAA_CANTABRIA;80.49
2005-10;regional;mensual;CCAA_CANTABRIA;81.44
2005-11;regional;mensual;CCAA_CANTABRIA;82.1
2005-12;regional;mensual;CCAA_CANTABRIA;82.3
2006-01;regional;mensual;CCAA_CANTABRIA;81.38
2006-02;regional;mensual;CCAA_CANTABRIA;81.37
2006-03;regional;mensual;CCAA_CANTABRIA;82.01
2006-04;regional;mensual;CCAA_CANTABRIA;83.13
2006-05;regional;mensual;CCAA_CANTABRIA;83.25
2006-06;regional;mensual;CCAA_CANTABRIA;83.2
2006-07;regional;mensual;CCAA_CANTABRIA;82.88
2006-08;regional;mensual;CCAA_CANTABRIA;82.69
2006-09;regional;mensual;CCAA_CANTABRIA;82.68
2006-10;regional;mensual;CCAA_CANTABRIA;83.58
2006-11;regional;mensual;CCAA_CANTABRIA;84.11
2006-12;regional;mensual;CCAA_CANTABRIA;84.16
2007-01;regional;mensual;CCAA_CANTABRIA;83.38
2007-02;regional;mensual;CCAA_CANTABRIA;83.37
2007-03;regional;mensual;CCAA_CANTABRIA;83.78
2007-04;regional;mensual;CCAA_CANTABRIA;84.95
2007-05;regional;mensual;CCAA_CANTABRIA;85.09
2007-06;regional;mensual;CCAA_CANTABRIA;85.17
2007-07;regional;mensual;CCAA_CANTABRIA;84.8
2007-08;regional;mensual;CCAA_CANTABRIA;84.97
2007-09;regional;mensual;CCAA_CANTABRIA;85.01
2007-10;regional;mensual;CCAA_CANTABRIA;86.27
2007-11;regional;mensual;CCAA_CANTABRIA;86.95
2007-12;regional;mensual;CCAA_CANTABRIA;87.15
2008-01;regional;mensual;CCAA_CANTABRIA;86.35
2008-02;regional;mensual;CCAA_CANTABRIA;86.47
2008-03;regional;mensual;CCAA_CANTABRIA;86.95
2008-04;regional;mensual;CCAA_CANTABRIA;87.99
2008-05;regional;mensual;CCAA_CANTABRIA;88.2
2008-06;regional;mensual;CCAA_CANTABRIA;88.31
2008-07;regional;mensual;CCAA_CANTABRIA;87.91
2008-08;regional;mensual;CCAA_CANTABRIA;87.98
2008-09;regional;mensual;CCAA_CANTABRIA;87.92
2008-10;regional;mensual;CCAA_CANTABRIA;88.75
2008-11;regional;mensual;CCAA_CANTABRIA;89.24
2008-12;regional;mensual;CCAA_CANTABRIA;89.25
2009-01;regional;mensual;CCAA_CANTABRIA;88.16
2009-02;regional;mensual;CCAA_CANTABRIA;87.95
2009-03;regional;mensual;CCAA_CANTABRIA;88.13
2009-04;regional;mensual;CCAA_CANTABRIA;89.0
2009-05;regional;mensual;CCAA_CANTABRIA;88.94
2009-06;regional;mensual;CCAA_CANTABRIA;89.09
2009-07;regional;mensual;CCAA_CANTABRIA;88.48
2009-08;regional;mensual;CCAA_CANTABRIA;88.44
2009-09;regional;mensual;CCAA_CANTABRIA;88.16
2009-10;regional;mensual;CCAA_CANTABRIA;89.05
2009-11;regional;mensual;CCAA_CANTABRIA;89.6
2009-12;regional;mensual;CCAA_CANTABRIA;89.56
2010-01;regional;mensual;CCAA_CANTABRIA;88.22
2010-02;regional;mensual;CCAA_CANTABRIA;87.97
2010-03;regional;mensual;CCAA_CANTABRIA;88.17
2010-04;regional;mensual;CCAA_CANTABRIA;88.81
2010-05;regional;mensual;CCAA_CANTABRIA;89.07
2010-06;regional;mensual;CCAA_CANTABRIA;89.31
2010-07;regional;mensual;CCAA_CANTABRIA;89.03
2010-08;regional;mensual;CCAA_CANTABRIA;89.21
2010-09;regional;mensual;CCAA_CANTABRIA;89.18
2010-10;regional;mensual;CCAA_CANTABRIA;90.06
2010-11;regional;mensual;CCAA_CANTABRIA;90.78
2010-12;regional;mensual;CCAA_CANTABRIA;90.99
2011-01;regional;mensual;CCAA_CANTABRIA;89.86
2011-02;regional;mensual;CCAA_CANTABRIA;89.65
2011-03;regional;mensual;CCAA_CANTABRIA;89.96
2011-04;regional;mensual;CCAA_CANTABRIA;91.04
2011-05;regional;mensual;CCAA_CANTABRIA;91.24
2011-06;regional;mensual;CCAA_CANTABRIA;91.21
2011-07;regional;mensual;CCAA_CANTABRIA;90.69
2011-08;regional;mensual;CCAA_CANTABRIA;90.74
2011-09;regional;mensual;CCAA_CANTABRIA;90.71
2011-10;regional;mensual;CCAA_CANTABRIA;91.59
2011-11;regional;mensual;CCAA_CANTABRIA;92.29
2011-12;regional;mensual;CCAA_CANTABRIA;92.26
2012-01;regional;mensual;CCAA_CANTABRIA;90.87
2012-02;regional;mensual;CCAA_CANTABRIA;90.57
2012-03;regional;mensual;CCAA_CANTABRIA;90.83
2012-04;regional;mensual;CCAA_CANTABRIA;91.83
2012-05;regional;mensual;CCAA_CANTABRIA;92.0
2012-06;regional;mensual;CCAA_CANTABRIA;92.16
2012-07;regional;mensual;CCAA_CANTABRIA;91.91
2012-08;regional;mensual;CCAA_CANTABRIA;92.31
2012-09;regional;mensual;CCAA_CANTABRIA;92.82
2012-10;regional;mensual;CCAA_CANTABRIA;94.15
2012-11;regional;mensual;CCAA_CANTABRIA;94.86
2012-12;regional;mensual;CCAA_CANTABRIA;94.88
2013-01;regional;mensual;CCAA_CANTABRIA;93.45
2013-02;regional;mensual;CCAA_CANTABRIA;93.26
2013-03;regional;mensual;CCAA_CANTABRIA;93.68
2013-04;regional;mensual;CCAA_CANTABRIA;94.48
2013-05;regional;mensual;CCAA_CANTABRIA;94.88
2013-06;regional;mensual;CCAA_CANTABRIA;94.92
2013-07;regional;mensual;CCAA_CANTABRIA;94.31
2013-08;regional;mensual;CCAA_CANTABRIA;94.32
2013-09;regional;mensual;CCAA_CANTABRIA;94.05
2013-10;regional;mensual;CCAA_CANTABRIA;94.9
2013-11;regional;mensual;CCAA_CANTABRIA;95.7
2013-12;regional;mensual;CCAA_CANTABRIA;95.48
2014-01;regional;mensual;CCAA_CANTABRIA;93.93
2014-02;regional;mensual;CCAA_CANTABRIA;93.73
2014-03;regional;mensual;CCAA_CANTABRIA;93.99
2014-04;regional;mensual;CCAA_CANTABRIA;94.83
2014-05;regional;mensual;CCAA_CANTABRIA;94.95
2014-06;regional;mensual;CCAA_CANTABRIA;94.98
2014-07;regional;mensual;CCAA_CANTABRIA;94.25
2014-08;regional;mensual;CCAA_CANTABRIA;94.39
2014-09;regional;mensual;CCAA_CANTABRIA;94.21
2014-10;regional;mensual;CCAA_CANTABRIA;94.91
2014-11;regional;mensual;CCAA_CANTABRIA;95.68
2014-12;regional;mensual;CCAA_CANTABRIA;95.59
2015-01;regional;mensual;CCAA_CANTABRIA;94.11
2015-02;regional;mensual;CCAA_CANTABRIA;93.8
2015-03;regional;mensual;CCAA_CANTABRIA;94.26
2015-04;regional;mensual;CCAA_CANTABRIA;95.03
2015-05;regional;mensual;CCAA_CANTABRIA;95.5
2015-06;regional;mensual;CCAA_CANTABRIA;95.61
2015-07;regional;mensual;CCAA_CANTABRIA;95.05
2015-08;regional;mensual;CCAA_CANTABRIA;94.99
2015-09;regional;mensual;CCAA_CANTABRIA;94.8
2015-10;regional;mensual;CCAA_CANTABRIA;95.69
2015-11;regional;mensual;CCAA_CANTABRIA;96.51
2015-12;regional;mensual;CCAA_CANTABRIA;96.37
2016-01;regional;mensual;CCAA_CANTABRIA;94.93
2016-02;regional;mensual;CCAA_CANTABRIA;94.71
2016-03;regional;mensual;CCAA_CANTABRIA;95.15
2016-04;regional;mensual;CCAA_CANTABRIA;95.72
2016-05;regional;mensual;CCAA_CANTABRIA;96.03
2016-06;regional;mensual;CCAA_CANTABRIA;96.05
2016-07;regional;mensual;CCAA_CANTABRIA;95.63
2016-08;regional;mensual;CCAA_CANTABRIA;95.84
2016-09;regional;mensual;CCAA_CANTABRIA;95.58
2016-10;regional;mensual;CCAA_CANTABRIA;96.46
2016-11;regional;mensual;CCAA_CANTABRIA;97.34
2016-12;regional;mensual;CCAA_CANTABRIA;97.28
2017-01;regional;mensual;CCAA_CANTABRIA;95.97
2017-02;regional;mensual;CCAA_CANTABRIA;95.61
2017-03;regional;mensual;CCAA_CANTABRIA;95.98
2017-04;regional;mensual;CCAA_CANTABRIA;96.72
2017-05;regional;mensual;CCAA_CANTABRIA;96.95
2017-06;regional;mensual;CCAA_CANTABRIA;97.22
2017-07;regional;mensual;CCAA_CANTABRIA;96.69
2017-08;regional;mensual;CCAA_CANTABRIA;96.98
2017-09;regional;mensual;CCAA_CANTABRIA;96.7
2017-10;regional;mensual;CCAA_CANTABRIA;97.18
2017-11;regional;mensual;CCAA_CANTABRIA;97.97
2017-12;regional;mensual;CCAA_CANTABRIA;97.91
2018-01;regional;mensual;CCAA_CANTABRIA;96.41
2018-02;regional;mensual;CCAA_CANTABRIA;96.55
2018-03;regional;mensual;CCAA_CANTABRIA;96.97
2018-04;regional;mensual;CCAA_CANTABRIA;97.57
2018-05;regional;mensual;CCAA_CANTABRIA;98.08
2018-06;regional;mensual;CCAA_CANTABRIA;98.26
2018-07;regional;mensual;CCAA_CANTABRIA;97.6
2018-08;regional;mensual;CCAA_CANTABRIA;97.84
2018-09;regional;mensual;CCAA_CANTABRIA;97.24
2018-10;regional;mensual;CCAA_CANTABRIA;98.15
2018-11;regional;mensual;CCAA_CANTABRIA;98.75
2018-12;regional;mensual;CCAA_CANTABRIA;98.67
2019-01;regional;mensual;CCAA_CANTABRIA;96.92
2019-02;regional;mensual;CCAA_CANTABRIA;96.94
2019-03;regional;mensual;CCAA_CANTABRIA;97.27
2019-04;regional;mensual;CCAA_CANTABRIA;98.14
2019-05;regional;mensual;CCAA_CANTABRIA;98.54
2019-06;regional;mensual;CCAA_CANTABRIA;98.72
2019-07;regional;mensual;CCAA_CANTABRIA;97.94
2019-08;regional;mensual;CCAA_CANTABRIA;98.41
2019-09;regional;mensual;CCAA_CANTABRIA;98.0
2019-10;regional;mensual;CCAA_CANTABRIA;98.89
2019-11;regional;mensual;CCAA_CANTABRIA;99.58
2019-12;regional;mensual;CCAA_CANTABRIA;99.61
2020-01;regional;mensual;CCAA_CANTABRIA;98.0
2020-02;regional;mensual;CCAA_CANTABRIA;98.2
2020-03;regional;mensual;CCAA_CANTABRIA;98.51
2020-04;regional;mensual;CCAA_CANTABRIA;99.64
2020-05;regional;mensual;CCAA_CANTABRIA;99.78
2020-06;regional;mensual;CCAA_CANTABRIA;99.83
2020-07;regional;mensual;CCAA_CANTABRIA;99.1
2020-08;regional;mensual;CCAA_CANTABRIA;99.15
2020-09;regional;mensual;CCAA_CANTABRIA;98.69
2020-10;regional;mensual;CCAA_CANTABRIA;99.4
2020-11;regional;mensual;CCAA_CANTABRIA;99.89
2020-12;regional;mensual;CCAA_CANTABRIA;99.85
2021-01;regional;mensual;CCAA_CANTABRIA;98.79
2021-02;regional;mensual;CCAA_CANTABRIA;98.46
2021-03;regional;mensual;CCAA_CANTABRIA;98.97
2021-04;regional;mensual;CCAA_CANTABRIA;99.77
2021-05;regional;mensual;CCAA_CANTABRIA;100.07
2021-06;regional;mensual;CCAA_CANTABRIA;100.29
2021-07;regional;mensual;CCAA_CANTABRIA;99.62
2021-08;regional;mensual;CCAA_CANTABRIA;99.83
2021-09;regional;mensual;CCAA_CANTABRIA;99.9
2021-10;regional;mensual;CCAA_CANTABRIA;100.7
2021-11;regional;mensual;CCAA_CANTABRIA;101.6
2021-12;regional;mensual;CCAA_CANTABRIA;102.0
2022-01;regional;mensual;CCAA_CANTABRIA;101.04
2022-02;regional;mensual;CCAA_CANTABRIA;101.44
2022-03;regional;mensual;CCAA_CANTABRIA;102.53
2022-04;regional;mensual;CCAA_CANTABRIA;104.29
2022-05;regional;mensual;CCAA_CANTABRIA;104.72
2022-06;regional;mensual;CCAA_CANTABRIA;105.39
2022-07;regional;mensual;CCAA_CANTABRIA;105.3
2022-08;regional;mensual;CCAA_CANTABRIA;105.72
2022-09;regional;mensual;CCAA_CANTABRIA;105.68
2022-10;regional;mensual;CCAA_CANTABRIA;106.68
2022-11;regional;mensual;CCAA_CANTABRIA;107.76
2022-12;regional;mensual;CCAA_CANTABRIA;108.78
2023-01;regional;mensual;CCAA_CANTABRIA;108.43
2023-02;regional;mensual;CCAA_CANTABRIA;109.41
2023-03;regional;mensual;CCAA_CANTABRIA;110.41
2023-04;regional;mensual;CCAA_CANTABRIA;111.51
2023-05;regional;mensual;CCAA_CANTABRIA;111.81
2023-06;regional;mensual;CCAA_CANTABRIA;112.35
2023-07;regional;mensual;CCAA_CANTABRIA;112.35
2023-08;regional;mensual;CCAA_CANTABRIA;112.87
2023-09;regional;mensual;CCAA_CANTABRIA;112.5
2023-10;regional;mensual;CCAA_CANTABRIA;112.77
2023-11;regional;mensual;CCAA_CANTABRIA;113.15
2023-12;regional;mensual;CCAA_CANTABRIA;113.17
2024-01;regional;mensual;CCAA_CANTABRIA;112.92
2024-02;regional;mensual;CCAA_CANTABRIA;113.27
2024-03;regional;mensual;CCAA_CANTABRIA;113.81
2024-04;regional;mensual;CCAA_CANTABRIA;114.53
2024-05;regional;mensual;CCAA_CANTABRIA;115.0
2024-06;regional;mensual;CCAA_CANTABRIA;115.32
2024-07;regional;mensual;CCAA_CANTABRIA;115.27
2024-08;regional;mensual;CCAA_CANTABRIA;115.65
2002-01;regional;mensual;CCAA_GALICIA;73.31
2002-02;regional;mensual;CCAA_GALICIA;73.58
2002-03;regional;mensual;CCAA_GALICIA;74.11
2002-04;regional;mensual;CCAA_GALICIA;75.15
2002-05;regional;mensual;CCAA_GALICIA;75.43
2002-06;regional;mensual;CCAA_GALICIA;75.52
2002-07;regional;mensual;CCAA_GALICIA;74.7
2002-08;regional;mensual;CCAA_GALICIA;74.86
2002-09;regional;mensual;CCAA_GALICIA;75.16
2002-10;regional;mensual;CCAA_GALICIA;76.4
2002-11;regional;mensual;CCAA_GALICIA;76.71
2002-12;regional;mensual;CCAA_GALICIA;76.82
2003-01;regional;mensual;CCAA_GALICIA;75.82
2003-02;regional;mensual;CCAA_GALICIA;76.03
2003-03;regional;mensual;CCAA_GALICIA;76.59
2003-04;regional;mensual;CCAA_GALICIA;77.64
2003-05;regional;mensual;CCAA_GALICIA;77.78
2003-06;regional;mensual;CCAA_GALICIA;77.78
2003-07;regional;mensual;CCAA_GALICIA;76.94
2003-08;regional;mensual;CCAA_GALICIA;76.99
2003-09;regional;mensual;CCAA_GALICIA;77.22
2003-10;regional;mensual;CCAA_GALICIA;78.33
2003-11;regional;mensual;CCAA_GALICIA;78.57
2003-12;regional;mensual;CCAA_GALICIA;78.6
2004-01;regional;mensual;CCAA_GALICIA;77.47
2004-02;regional;mensual;CCAA_GALICIA;77.72
2004-03;regional;mensual;CCAA_GALICIA;78.19
2004-04;regional;mensual;CCAA_GALICIA;79.37
2004-05;regional;mensual;CCAA_GALICIA;79.69
2004-06;regional;mensual;CCAA_GALICIA;79.96
2004-07;regional;mensual;CCAA_GALICIA;78.96
2004-08;regional;mensual;CCAA_GALICIA;79.18
2004-09;regional;mensual;CCAA_GALICIA;79.51
2004-10;regional;mensual;CCAA_GALICIA;80.6
2004-11;regional;mensual;CCAA_GALICIA;80.91
2004-12;regional;mensual;CCAA_GALICIA;80.97
2005-01;regional;mensual;CCAA_GALICIA;79.81
2005-02;regional;mensual;CCAA_GALICIA;80.04
2005-03;regional;mensual;CCAA_GALICIA;80.6
2005-04;regional;mensual;CCAA_GALICIA;81.62
2005-05;regional;mensual;CCAA_GALICIA;81.81
2005-06;regional;mensual;CCAA_GALICIA;81.89
2005-07;regional;mensual;CCAA_GALICIA;80.8
2005-08;regional;mensual;CCAA_GALICIA;80.91
2005-09;regional;mensual;CCAA_GALICIA;81.35
2005-10;regional;mensual;CCAA_GALICIA;82.54
2005-11;regional;mensual;CCAA_GALICIA;82.95
2005-12;regional;mensual;CCAA_GALICIA;83.12
2006-01;regional;mensual;CCAA_GALICIA;82.04
2006-02;regional;mensual;CCAA_GALICIA;82.24
2006-03;regional;mensual;CCAA_GALICIA;83.02
2006-04;regional;mensual;CCAA_GALICIA;84.1
2006-05;regional;mensual;CCAA_GALICIA;84.31
2006-06;regional;mensual;CCAA_GALICIA;84.44
2006-07;regional;mensual;CCAA_GALICIA;83.36
2006-08;regional;mensual;CCAA_GALICIA;83.42
2006-09;regional;mensual;CCAA_GALICIA;83.7
2006-10;regional;mensual;CCAA_GALICIA;84.73
2006-11;regional;mensual;CCAA_GALICIA;85.08
2006-12;regional;mensual;CCAA_GALICIA;85.06
2007-01;regional;mensual;CCAA_GALICIA;83.92
2007-02;regional;mensual;CCAA_GALICIA;84.08
2007-03;regional;mensual;CCAA_GALICIA;84.71
2007-04;regional;mensual;CCAA_GALICIA;85.84
2007-05;regional;mensual;CCAA_GALICIA;86.08
2007-06;regional;mensual;CCAA_GALICIA;86.08
2007-07;regional;mensual;CCAA_GALICIA;85.0
2007-08;regional;mensual;CCAA_GALICIA;85.17
2007-09;regional;mensual;CCAA_GALICIA;85.57
2007-10;regional;mensual;CCAA_GALICIA;87.24
2007-11;regional;mensual;CCAA_GALICIA;87.72
2007-12;regional;mensual;CCAA_GALICIA;87.84
2008-01;regional;mensual;CCAA_GALICIA;86.59
2008-02;regional;mensual;CCAA_GALICIA;86.87
2008-03;regional;mensual;CCAA_GALICIA;87.62
2008-04;regional;mensual;CCAA_GALICIA;88.66
2008-05;regional;mensual;CCAA_GALICIA;88.94
2008-06;regional;mensual;CCAA_GALICIA;89.08
2008-07;regional;mensual;CCAA_GALICIA;88.09
2008-08;regional;mensual;CCAA_GALICIA;88.35
2008-09;regional;mensual;CCAA_GALICIA;88.69
2008-10;regional;mensual;CCAA_GALICIA;89.78
2008-11;regional;mensual;CCAA_GALICIA;90.08
2008-12;regional;mensual;CCAA_GALICIA;89.96
2009-01;regional;mensual;CCAA_GALICIA;88.27
2009-02;regional;mensual;CCAA_GALICIA;88.13
2009-03;regional;mensual;CCAA_GALICIA;88.65
2009-04;regional;mensual;CCAA_GALICIA;89.69
2009-05;regional;mensual;CCAA_GALICIA;89.68
2009-06;regional;mensual;CCAA_GALICIA;89.68
2009-07;regional;mensual;CCAA_GALICIA;88.45
2009-08;regional;mensual;CCAA_GALICIA;88.54
2009-09;regional;mensual;CCAA_GALICIA;88.51
2009-10;regional;mensual;CCAA_GALICIA;89.71
2009-11;regional;mensual;CCAA_GALICIA;90.11
2009-12;regional;mensual;CCAA_GALICIA;90.13
2010-01;regional;mensual;CCAA_GALICIA;88.22
2010-02;regional;mensual;CCAA_GALICIA;88.07
2010-03;regional;mensual;CCAA_GALICIA;88.62
2010-04;regional;mensual;CCAA_GALICIA;89.52
2010-05;regional;mensual;CCAA_GALICIA;89.7
2010-06;regional;mensual;CCAA_GALICIA;90.0
2010-07;regional;mensual;CCAA_GALICIA;89.12
2010-08;regional;mensual;CCAA_GALICIA;89.35
2010-09;regional;mensual;CCAA_GALICIA;89.5
2010-10;regional;mensual;CCAA_GALICIA;90.69
2010-11;regional;mensual;CCAA_GALICIA;91.18
2010-12;regional;mensual;CCAA_GALICIA;91.43
2011-01;regional;mensual;CCAA_GALICIA;89.63
2011-02;regional;mensual;CCAA_GALICIA;89.64
2011-03;regional;mensual;CCAA_GALICIA;90.22
2011-04;regional;mensual;CCAA_GALICIA;91.46
2011-05;regional;mensual;CCAA_GALICIA;91.66
2011-06;regional;mensual;CCAA_GALICIA;91.66
2011-07;regional;mensual;CCAA_GALICIA;90.57
2011-08;regional;mensual;CCAA_GALICIA;90.83
2011-09;regional;mensual;CCAA_GALICIA;91.1
2011-10;regional;mensual;CCAA_GALICIA;92.36
2011-11;regional;mensual;CCAA_GALICIA;92.82
2011-12;regional;mensual;CCAA_GALICIA;92.87
2012-01;regional;mensual;CCAA_GALICIA;90.95
2012-02;regional;mensual;CCAA_GALICIA;90.81
2012-03;regional;mensual;CCAA_GALICIA;91.3
2012-04;regional;mensual;CCAA_GALICIA;92.5
2012-05;regional;mensual;CCAA_GALICIA;92.65
2012-06;regional;mensual;CCAA_GALICIA;92.77
2012-07;regional;mensual;CCAA_GALICIA;91.86
2012-08;regional;mensual;CCAA_GALICIA;92.03
2012-09;regional;mensual;CCAA_GALICIA;92.92
2012-10;regional;mensual;CCAA_GALICIA;94.59
2012-11;regional;mensual;CCAA_GALICIA;94.91
2012-12;regional;mensual;CCAA_GALICIA;94.89
2013-01;regional;mensual;CCAA_GALICIA;93.02
2013-02;regional;mensual;CCAA_GALICIA;92.99
2013-03;regional;mensual;CCAA_GALICIA;93.58
2013-04;regional;mensual;CCAA_GALICIA;94.37
2013-05;regional;mensual;CCAA_GALICIA;94.71
2013-06;regional;mensual;CCAA_GALICIA;94.77
2013-07;regional;mensual;CCAA_GALICIA;93.54
2013-08;regional;mensual;CCAA_GALICIA;93.65
2013-09;regional;mensual;CCAA_GALICIA;93.74
2013-10;regional;mensual;CCAA_GALICIA;94.94
2013-11;regional;mensual;CCAA_GALICIA;95.35
2013-12;regional;mensual;CCAA_GALICIA;95.19
2014-01;regional;mensual;CCAA_GALICIA;93.1
2014-02;regional;mensual;CCAA_GALICIA;93.06
2014-03;regional;mensual;CCAA_GALICIA;93.53
2014-04;regional;mensual;CCAA_GALICIA;94.48
2014-05;regional;mensual;CCAA_GALICIA;94.61
2014-06;regional;mensual;CCAA_GALICIA;94.72
2014-07;regional;mensual;CCAA_GALICIA;93.41
2014-08;regional;mensual;CCAA_GALICIA;93.53
2014-09;regional;mensual;CCAA_GALICIA;93.62
2014-10;regional;mensual;CCAA_GALICIA;94.74
2014-11;regional;mensual;CCAA_GALICIA;95.17
2014-12;regional;mensual;CCAA_GALICIA;95.1
2015-01;regional;mensual;CCAA_GALICIA;93.34
2015-02;regional;mensual;CCAA_GALICIA;93.21
2015-03;regional;mensual;CCAA_GALICIA;93.7
2015-04;regional;mensual;CCAA_GALICIA;94.76
2015-05;regional;mensual;CCAA_GALICIA;95.06
2015-06;regional;mensual;CCAA_GALICIA;95.22
2015-07;regional;mensual;CCAA_GALICIA;94.11
2015-08;regional;mensual;CCAA_GALICIA;94.27
2015-09;regional;mensual;CCAA_GALICIA;94.54
2015-10;regional;mensual;CCAA_GALICIA;95.59
2015-11;regional;mensual;CCAA_GALICIA;96.1
2015-12;regional;mensual;CCAA_GALICIA;96.03
2016-01;regional;mensual;CCAA_GALICIA;94.15
2016-02;regional;mensual;CCAA_GALICIA;94.06
2016-03;regional;mensual;CCAA_GALICIA;94.62
2016-04;regional;mensual;CCAA_GALICIA;95.45
2016-05;regional;mensual;CCAA_GALICIA;95.78
2016-06;regional;mensual;CCAA_GALICIA;95.8
2016-07;regional;mensual;CCAA_GALICIA;94.72
2016-08;regional;mensual;CCAA_GALICIA;95.04
2016-09;regional;mensual;CCAA_GALICIA;95.26
2016-10;regional;mensual;CCAA_GALICIA;96.41
2016-11;regional;mensual;CCAA_GALICIA;96.93
2016-12;regional;mensual;CCAA_GALICIA;96.92
2017-01;regional;mensual;CCAA_GALICIA;95.22
2017-02;regional;mensual;CCAA_GALICIA;95.12
2017-03;regional;mensual;CCAA_GALICIA;95.58
2017-04;regional;mensual;CCAA_GALICIA;96.64
2017-05;regional;mensual;CCAA_GALICIA;96.77
2017-06;regional;mensual;CCAA_GALICIA;96.99
2017-07;regional;mensual;CCAA_GALICIA;96.06
2017-08;regional;mensual;CCAA_GALICIA;96.31
2017-09;regional;mensual;CCAA_GALICIA;96.42
2017-10;regional;mensual;CCAA_GALICIA;97.26
2017-11;regional;mensual;CCAA_GALICIA;97.81
2017-12;regional;mensual;CCAA_GALICIA;97.66
2018-01;regional;mensual;CCAA_GALICIA;95.9
2018-02;regional;mensual;CCAA_GALICIA;96.09
2018-03;regional;mensual;CCAA_GALICIA;96.56
2018-04;regional;mensual;CCAA_GALICIA;97.51
2018-05;regional;mensual;CCAA_GALICIA;97.85
2018-06;regional;mensual;CCAA_GALICIA;97.93
2018-07;regional;mensual;CCAA_GALICIA;96.92
2018-08;regional;mensual;CCAA_GALICIA;97.02
2018-09;regional;mensual;CCAA_GALICIA;97.12
2018-10;regional;mensual;CCAA_GALICIA;98.14
2018-11;regional;mensual;CCAA_GALICIA;98.57
2018-12;regional;mensual;CCAA_GALICIA;98.39
2019-01;regional;mensual;CCAA_GALICIA;96.63
2019-02;regional;mensual;CCAA_GALICIA;96.67
2019-03;regional;mensual;CCAA_GALICIA;97.26
2019-04;regional;mensual;CCAA_GALICIA;98.32
2019-05;regional;mensual;CCAA_GALICIA;98.54
2019-06;regional;mensual;CCAA_GALICIA;98.75
2019-07;regional;mensual;CCAA_GALICIA;97.86
2019-08;regional;mensual;CCAA_GALICIA;97.88
2019-09;regional;mensual;CCAA_GALICIA;97.97
2019-10;regional;mensual;CCAA_GALICIA;99.14
2019-11;regional;mensual;CCAA_GALICIA;99.53
2019-12;regional;mensual;CCAA_GALICIA;99.46
2020-01;regional;mensual;CCAA_GALICIA;97.69
2020-02;regional;mensual;CCAA_GALICIA;97.87
2020-03;regional;mensual;CCAA_GALICIA;98.39
2020-04;regional;mensual;CCAA_GALICIA;99.64
2020-05;regional;mensual;CCAA_GALICIA;99.84
2020-06;regional;mensual;CCAA_GALICIA;99.91
2020-07;regional;mensual;CCAA_GALICIA;98.45
2020-08;regional;mensual;CCAA_GALICIA;98.6
2020-09;regional;mensual;CCAA_GALICIA;98.69
2020-10;regional;mensual;CCAA_GALICIA;99.67
2020-11;regional;mensual;CCAA_GALICIA;100.01
2020-12;regional;mensual;CCAA_GALICIA;99.87
2021-01;regional;mensual;CCAA_GALICIA;98.4
2021-02;regional;mensual;CCAA_GALICIA;98.46
2021-03;regional;mensual;CCAA_GALICIA;98.83
2021-04;regional;mensual;CCAA_GALICIA;99.84
2021-05;regional;mensual;CCAA_GALICIA;100.24
2021-06;regional;mensual;CCAA_GALICIA;100.42
2021-07;regional;mensual;CCAA_GALICIA;99.39
2021-08;regional;mensual;CCAA_GALICIA;99.56
2021-09;regional;mensual;CCAA_GALICIA;99.94
2021-10;regional;mensual;CCAA_GALICIA;101.11
2021-11;regional;mensual;CCAA_GALICIA;101.83
2021-12;regional;mensual;CCAA_GALICIA;101.99
2022-01;regional;mensual;CCAA_GALICIA;101.31
2022-02;regional;mensual;CCAA_GALICIA;101.78
2022-03;regional;mensual;CCAA_GALICIA;102.64
2022-04;regional;mensual;CCAA_GALICIA;104.92
2022-05;regional;mensual;CCAA_GALICIA;105.81
2022-06;regional;mensual;CCAA_GALICIA;106.54
2022-07;regional;mensual;CCAA_GALICIA;106.1
2022-08;regional;mensual;CCAA_GALICIA;106.57
2022-09;regional;mensual;CCAA_GALICIA;106.71
2022-10;regional;mensual;CCAA_GALICIA;107.92
2022-11;regional;mensual;CCAA_GALICIA;108.89
2022-12;regional;mensual;CCAA_GALICIA;109.9
2023-01;regional;mensual;CCAA_GALICIA;109.43
2023-02;regional;mensual;CCAA_GALICIA;110.17
2023-03;regional;mensual;CCAA_GALICIA;110.97
2023-04;regional;mensual;CCAA_GALICIA;112.22
2023-05;regional;mensual;CCAA_GALICIA;112.52
2023-06;regional;mensual;CCAA_GALICIA;113.05
2023-07;regional;mensual;CCAA_GALICIA;112.88
2023-08;regional;mensual;CCAA_GALICIA;113.32
2023-09;regional;mensual;CCAA_GALICIA;113.24
2023-10;regional;mensual;CCAA_GALICIA;113.87
2023-11;regional;mensual;CCAA_GALICIA;114.1
2023-12;regional;mensual;CCAA_GALICIA;114.44
2024-01;regional;mensual;CCAA_GALICIA;114.14
2024-02;regional;mensual;CCAA_GALICIA;114.58
2024-03;regional;mensual;CCAA_GALICIA;115.11
2024-04;regional;mensual;CCAA_GALICIA;115.99
2024-05;regional;mensual;CCAA_GALICIA;116.34
2024-06;regional;mensual;CCAA_GALICIA;116.77
2024-07;regional;mensual;CCAA_GALICIA;116.37
2024-08;regional;mensual;CCAA_GALICIA;116.58
2002-01;regional;mensual;CCAA_MELILLA;76.97
2002-02;regional;mensual;CCAA_MELILLA;76.91
2002-03;regional;mensual;CCAA_MELILLA;77.9
2002-04;regional;mensual;CCAA_MELILLA;78.71
2002-05;regional;mensual;CCAA_MELILLA;79.31
2002-06;regional;mensual;CCAA_MELILLA;79.47
2002-07;regional;mensual;CCAA_MELILLA;77.77
2002-08;regional;mensual;CCAA_MELILLA;77.9
2002-09;regional;mensual;CCAA_MELILLA;78.55
2002-10;regional;mensual;CCAA_MELILLA;79.33
2002-11;regional;mensual;CCAA_MELILLA;79.59
2002-12;regional;mensual;CCAA_MELILLA;79.78
2003-01;regional;mensual;CCAA_MELILLA;79.06
2003-02;regional;mensual;CCAA_MELILLA;79.14
2003-03;regional;mensual;CCAA_MELILLA;80.17
2003-04;regional;mensual;CCAA_MELILLA;81.47
2003-05;regional;mensual;CCAA_MELILLA;81.65
2003-06;regional;mensual;CCAA_MELILLA;81.59
2003-07;regional;mensual;CCAA_MELILLA;79.66
2003-08;regional;mensual;CCAA_MELILLA;79.74
2003-09;regional;mensual;CCAA_MELILLA;80.22
2003-10;regional;mensual;CCAA_MELILLA;81.17
2003-11;regional;mensual;CCAA_MELILLA;81.58
2003-12;regional;mensual;CCAA_MELILLA;81.66
2004-01;regional;mensual;CCAA_MELILLA;80.3
2004-02;regional;mensual;CCAA_MELILLA;80.6
2004-03;regional;mensual;CCAA_MELILLA;81.33
2004-04;regional;mensual;CCAA_MELILLA;83.09
2004-05;regional;mensual;CCAA_MELILLA;83.61
2004-06;regional;mensual;CCAA_MELILLA;83.75
2004-07;regional;mensual;CCAA_MELILLA;81.97
2004-08;regional;mensual;CCAA_MELILLA;82.22
2004-09;regional;mensual;CCAA_MELILLA;82.63
2004-10;regional;mensual;CCAA_MELILLA;83.52
2004-11;regional;mensual;CCAA_MELILLA;83.66
2004-12;regional;mensual;CCAA_MELILLA;83.77
2005-01;regional;mensual;CCAA_MELILLA;82.16
2005-02;regional;mensual;CCAA_MELILLA;82.32
2005-03;regional;mensual;CCAA_MELILLA;83.21
2005-04;regional;mensual;CCAA_MELILLA;84.76
2005-05;regional;mensual;CCAA_MELILLA;84.86
2005-06;regional;mensual;CCAA_MELILLA;84.97
2005-07;regional;mensual;CCAA_MELILLA;83.46
2005-08;regional;mensual;CCAA_MELILLA;83.56
2005-09;regional;mensual;CCAA_MELILLA;84.44
2005-10;regional;mensual;CCAA_MELILLA;85.63
2005-11;regional;mensual;CCAA_MELILLA;85.94
2005-12;regional;mensual;CCAA_MELILLA;86.18
2006-01;regional;mensual;CCAA_MELILLA;84.54
2006-02;regional;mensual;CCAA_MELILLA;84.68
2006-03;regional;mensual;CCAA_MELILLA;85.62
2006-04;regional;mensual;CCAA_MELILLA;87.17
2006-05;regional;mensual;CCAA_MELILLA;87.33
2006-06;regional;mensual;CCAA_MELILLA;87.5
2006-07;regional;mensual;CCAA_MELILLA;85.82
2006-08;regional;mensual;CCAA_MELILLA;85.9
2006-09;regional;mensual;CCAA_MELILLA;86.51
2006-10;regional;mensual;CCAA_MELILLA;87.39
2006-11;regional;mensual;CCAA_MELILLA;87.5
2006-12;regional;mensual;CCAA_MELILLA;87.65
2007-01;regional;mensual;CCAA_MELILLA;86.39
2007-02;regional;mensual;CCAA_MELILLA;86.44
2007-03;regional;mensual;CCAA_MELILLA;87.48
2007-04;regional;mensual;CCAA_MELILLA;88.55
2007-05;regional;mensual;CCAA_MELILLA;88.7
2007-06;regional;mensual;CCAA_MELILLA;88.8
2007-07;regional;mensual;CCAA_MELILLA;87.25
2007-08;regional;mensual;CCAA_MELILLA;87.46
2007-09;regional;mensual;CCAA_MELILLA;88.35
2007-10;regional;mensual;CCAA_MELILLA;89.95
2007-11;regional;mensual;CCAA_MELILLA;90.39
2007-12;regional;mensual;CCAA_MELILLA;90.62
2008-01;regional;mensual;CCAA_MELILLA;89.11
2008-02;regional;mensual;CCAA_MELILLA;89.32
2008-03;regional;mensual;CCAA_MELILLA;90.6
2008-04;regional;mensual;CCAA_MELILLA;91.5
2008-05;regional;mensual;CCAA_MELILLA;91.8
2008-06;regional;mensual;CCAA_MELILLA;91.99
2008-07;regional;mensual;CCAA_MELILLA;90.62
2008-08;regional;mensual;CCAA_MELILLA;90.75
2008-09;regional;mensual;CCAA_MELILLA;91.69
2008-10;regional;mensual;CCAA_MELILLA;92.84
2008-11;regional;mensual;CCAA_MELILLA;92.97
2008-12;regional;mensual;CCAA_MELILLA;93.05
2009-01;regional;mensual;CCAA_MELILLA;90.88
2009-02;regional;mensual;CCAA_MELILLA;90.68
2009-03;regional;mensual;CCAA_MELILLA;92.09
2009-04;regional;mensual;CCAA_MELILLA;93.07
2009-05;regional;mensual;CCAA_MELILLA;93.02
2009-06;regional;mensual;CCAA_MELILLA;92.92
2009-07;regional;mensual;CCAA_MELILLA;91.41
2009-08;regional;mensual;CCAA_MELILLA;91.48
2009-09;regional;mensual;CCAA_MELILLA;92.23
2009-10;regional;mensual;CCAA_MELILLA;93.37
2009-11;regional;mensual;CCAA_MELILLA;93.68
2009-12;regional;mensual;CCAA_MELILLA;93.86
2010-01;regional;mensual;CCAA_MELILLA;91.66
2010-02;regional;mensual;CCAA_MELILLA;91.6
2010-03;regional;mensual;CCAA_MELILLA;93.11
2010-04;regional;mensual;CCAA_MELILLA;93.9
2010-05;regional;mensual;CCAA_MELILLA;94.08
2010-06;regional;mensual;CCAA_MELILLA;94.18
2010-07;regional;mensual;CCAA_MELILLA;92.53
2010-08;regional;mensual;CCAA_MELILLA;92.71
2010-09;regional;mensual;CCAA_MELILLA;93.58
2010-10;regional;mensual;CCAA_MELILLA;94.61
2010-11;regional;mensual;CCAA_MELILLA;94.79
2010-12;regional;mensual;CCAA_MELILLA;95.16
2011-01;regional;mensual;CCAA_MELILLA;93.1
2011-02;regional;mensual;CCAA_MELILLA;92.95
2011-03;regional;mensual;CCAA_MELILLA;93.98
2011-04;regional;mensual;CCAA_MELILLA;95.21
2011-05;regional;mensual;CCAA_MELILLA;95.34
2011-06;regional;mensual;CCAA_MELILLA;95.35
2011-07;regional;mensual;CCAA_MELILLA;93.62
2011-08;regional;mensual;CCAA_MELILLA;93.85
2011-09;regional;mensual;CCAA_MELILLA;94.48
2011-10;regional;mensual;CCAA_MELILLA;95.63
2011-11;regional;mensual;CCAA_MELILLA;95.82
2011-12;regional;mensual;CCAA_MELILLA;95.83
2012-01;regional;mensual;CCAA_MELILLA;93.68
2012-02;regional;mensual;CCAA_MELILLA;93.61
2012-03;regional;mensual;CCAA_MELILLA;94.62
2012-04;regional;mensual;CCAA_MELILLA;95.76
2012-05;regional;mensual;CCAA_MELILLA;95.89
2012-06;regional;mensual;CCAA_MELILLA;95.73
2012-07;regional;mensual;CCAA_MELILLA;94.39
2012-08;regional;mensual;CCAA_MELILLA;94.58
2012-09;regional;mensual;CCAA_MELILLA;95.69
2012-10;regional;mensual;CCAA_MELILLA;96.9
2012-11;regional;mensual;CCAA_MELILLA;96.79
2012-12;regional;mensual;CCAA_MELILLA;96.97
2013-01;regional;mensual;CCAA_MELILLA;94.62
2013-02;regional;mensual;CCAA_MELILLA;94.57
2013-03;regional;mensual;CCAA_MELILLA;95.63
2013-04;regional;mensual;CCAA_MELILLA;96.58
2013-05;regional;mensual;CCAA_MELILLA;96.84
2013-06;regional;mensual;CCAA_MELILLA;96.73
2013-07;regional;mensual;CCAA_MELILLA;94.84
2013-08;regional;mensual;CCAA_MELILLA;94.93
2013-09;regional;mensual;CCAA_MELILLA;95.56
2013-10;regional;mensual;CCAA_MELILLA;96.38
2013-11;regional;mensual;CCAA_MELILLA;96.51
2013-12;regional;mensual;CCAA_MELILLA;96.65
2014-01;regional;mensual;CCAA_MELILLA;94.23
2014-02;regional;mensual;CCAA_MELILLA;94.12
2014-03;regional;mensual;CCAA_MELILLA;95.19
2014-04;regional;mensual;CCAA_MELILLA;96.43
2014-05;regional;mensual;CCAA_MELILLA;96.54
2014-06;regional;mensual;CCAA_MELILLA;96.27
2014-07;regional;mensual;CCAA_MELILLA;94.42
2014-08;regional;mensual;CCAA_MELILLA;94.55
2014-09;regional;mensual;CCAA_MELILLA;95.14
2014-10;regional;mensual;CCAA_MELILLA;96.16
2014-11;regional;mensual;CCAA_MELILLA;96.36
2014-12;regional;mensual;CCAA_MELILLA;96.46
2015-01;regional;mensual;CCAA_MELILLA;94.34
2015-02;regional;mensual;CCAA_MELILLA;94.33
2015-03;regional;mensual;CCAA_MELILLA;95.34
2015-04;regional;mensual;CCAA_MELILLA;96.39
2015-05;regional;mensual;CCAA_MELILLA;96.69
2015-06;regional;mensual;CCAA_MELILLA;96.86
2015-07;regional;mensual;CCAA_MELILLA;95.16
2015-08;regional;mensual;CCAA_MELILLA;95.24
2015-09;regional;mensual;CCAA_MELILLA;95.99
2015-10;regional;mensual;CCAA_MELILLA;96.97
2015-11;regional;mensual;CCAA_MELILLA;97.3
2015-12;regional;mensual;CCAA_MELILLA;97.39
2016-01;regional;mensual;CCAA_MELILLA;95.32
2016-02;regional;mensual;CCAA_MELILLA;95.19
2016-03;regional;mensual;CCAA_MELILLA;96.4
2016-04;regional;mensual;CCAA_MELILLA;97.3
2016-05;regional;mensual;CCAA_MELILLA;97.6
2016-06;regional;mensual;CCAA_MELILLA;97.46
2016-07;regional;mensual;CCAA_MELILLA;95.84
2016-08;regional;mensual;CCAA_MELILLA;96.14
2016-09;regional;mensual;CCAA_MELILLA;96.57
2016-10;regional;mensual;CCAA_MELILLA;97.73
2016-11;regional;mensual;CCAA_MELILLA;98.1
2016-12;regional;mensual;CCAA_MELILLA;98.49
2017-01;regional;mensual;CCAA_MELILLA;96.52
2017-02;regional;mensual;CCAA_MELILLA;96.37
2017-03;regional;mensual;CCAA_MELILLA;97.56
2017-04;regional;mensual;CCAA_MELILLA;98.68
2017-05;regional;mensual;CCAA_MELILLA;98.73
2017-06;regional;mensual;CCAA_MELILLA;98.85
2017-07;regional;mensual;CCAA_MELILLA;97.42
2017-08;regional;mensual;CCAA_MELILLA;97.52
2017-09;regional;mensual;CCAA_MELILLA;98.07
2017-10;regional;mensual;CCAA_MELILLA;98.92
2017-11;regional;mensual;CCAA_MELILLA;99.17
2017-12;regional;mensual;CCAA_MELILLA;99.33
2018-01;regional;mensual;CCAA_MELILLA;97.26
2018-02;regional;mensual;CCAA_MELILLA;97.34
2018-03;regional;mensual;CCAA_MELILLA;98.38
2018-04;regional;mensual;CCAA_MELILLA;99.28
2018-05;regional;mensual;CCAA_MELILLA;99.49
2018-06;regional;mensual;CCAA_MELILLA;99.53
2018-07;regional;mensual;CCAA_MELILLA;97.96
2018-08;regional;mensual;CCAA_MELILLA;97.14
2018-09;regional;mensual;CCAA_MELILLA;97.69
2018-10;regional;mensual;CCAA_MELILLA;98.71
2018-11;regional;mensual;CCAA_MELILLA;98.85
2018-12;regional;mensual;CCAA_MELILLA;98.78
2019-01;regional;mensual;CCAA_MELILLA;96.59
2019-02;regional;mensual;CCAA_MELILLA;96.58
2019-03;regional;mensual;CCAA_MELILLA;97.58
2019-04;regional;mensual;CCAA_MELILLA;98.61
2019-05;regional;mensual;CCAA_MELILLA;98.39
2019-06;regional;mensual;CCAA_MELILLA;98.54
2019-07;regional;mensual;CCAA_MELILLA;97.41
2019-08;regional;mensual;CCAA_MELILLA;97.49
2019-09;regional;mensual;CCAA_MELILLA;98.17
2019-10;regional;mensual;CCAA_MELILLA;99.2
2019-11;regional;mensual;CCAA_MELILLA;99.24
2019-12;regional;mensual;CCAA_MELILLA;99.44
2020-01;regional;mensual;CCAA_MELILLA;97.26
2020-02;regional;mensual;CCAA_MELILLA;97.44
2020-03;regional;mensual;CCAA_MELILLA;98.2
2020-04;regional;mensual;CCAA_MELILLA;99.56
2020-05;regional;mensual;CCAA_MELILLA;99.54
2020-06;regional;mensual;CCAA_MELILLA;99.92
2020-07;regional;mensual;CCAA_MELILLA;97.98
2020-08;regional;mensual;CCAA_MELILLA;97.99
2020-09;regional;mensual;CCAA_MELILLA;98.68
2020-10;regional;mensual;CCAA_MELILLA;99.42
2020-11;regional;mensual;CCAA_MELILLA;99.44
2020-12;regional;mensual;CCAA_MELILLA;100.04
2021-01;regional;mensual;CCAA_MELILLA;98.5
2021-02;regional;mensual;CCAA_MELILLA;98.38
2021-03;regional;mensual;CCAA_MELILLA;99.29
2021-04;regional;mensual;CCAA_MELILLA;100.43
2021-05;regional;mensual;CCAA_MELILLA;100.63
2021-06;regional;mensual;CCAA_MELILLA;100.75
2021-07;regional;mensual;CCAA_MELILLA;98.85
2021-08;regional;mensual;CCAA_MELILLA;98.91
2021-09;regional;mensual;CCAA_MELILLA;99.93
2021-10;regional;mensual;CCAA_MELILLA;100.95
2021-11;regional;mensual;CCAA_MELILLA;101.34
2021-12;regional;mensual;CCAA_MELILLA;102.03
2022-01;regional;mensual;CCAA_MELILLA;101.03
2022-02;regional;mensual;CCAA_MELILLA;101.38
2022-03;regional;mensual;CCAA_MELILLA;102.08
2022-04;regional;mensual;CCAA_MELILLA;104.79
2022-05;regional;mensual;CCAA_MELILLA;105.65
2022-06;regional;mensual;CCAA_MELILLA;106.06
2022-07;regional;mensual;CCAA_MELILLA;105.22
2022-08;regional;mensual;CCAA_MELILLA;105.61
2022-09;regional;mensual;CCAA_MELILLA;106.05
2022-10;regional;mensual;CCAA_MELILLA;108.1
2022-11;regional;mensual;CCAA_MELILLA;108.97
2022-12;regional;mensual;CCAA_MELILLA;110.21
2023-01;regional;mensual;CCAA_MELILLA;109.81
2023-02;regional;mensual;CCAA_MELILLA;110.46
2023-03;regional;mensual;CCAA_MELILLA;111.22
2023-04;regional;mensual;CCAA_MELILLA;113.07
2023-05;regional;mensual;CCAA_MELILLA;113.43
2023-06;regional;mensual;CCAA_MELILLA;113.67
2023-07;regional;mensual;CCAA_MELILLA;113.0
2023-08;regional;mensual;CCAA_MELILLA;113.44
2023-09;regional;mensual;CCAA_MELILLA;113.41
2023-10;regional;mensual;CCAA_MELILLA;113.49
2023-11;regional;mensual;CCAA_MELILLA;113.75
2023-12;regional;mensual;CCAA_MELILLA;113.78
2024-01;regional;mensual;CCAA_MELILLA;112.99
2024-02;regional;mensual;CCAA_MELILLA;113.52
2024-03;regional;mensual;CCAA_MELILLA;114.08
2024-04;regional;mensual;CCAA_MELILLA;115.3
2024-05;regional;mensual;CCAA_MELILLA;115.52
2024-06;regional;mensual;CCAA_MELILLA;115.89
2024-07;regional;mensual;CCAA_MELILLA;115.14
2024-08;regional;mensual;CCAA_MELILLA;115.54
